source_avg_logprob,source_generated_tokens,source_perplexity,source_response_length,source_sum_logprob,text_avg_sentence_chars,text_avg_sentence_words,text_avg_word_frequency,text_avg_word_length,text_char_count,text_code_fence_count,text_colon_density,text_comma_density,text_digit_density,text_entropy,text_exclamation_mark_density,text_first_person_pronoun_count,text_first_person_pronoun_density,text_hapax_ratio,text_hedge_word_count,text_hedge_word_density,text_list_marker_count,text_markdown_bold_count,text_markdown_heading_count,text_max_word_frequency,text_negation_word_count,text_negation_word_density,text_newline_count,text_paragraph_count,text_punctuation_count,text_punctuation_density,text_question_mark_density,text_repeated_bigram_ratio,text_repeated_trigram_ratio,text_repetition_rate,text_second_person_pronoun_count,text_second_person_pronoun_density,text_semicolon_density,text_sentence_count,text_type_token_ratio,text_unique_word_count,text_uppercase_word_ratio,text_word_count
-0.1561415,0.0,1.1689919999999998,2367.0,-77.5851265,93.64,16.6,2.610062893081761,4.513253012048192,2381.0,0.0,0.0029399412011759767,0.009659806803863923,0.0020999580008399833,6.646960131101372,0.0,0.0,0.0,0.21204819277108433,4.0,0.00963855421686747,5.0,5.0,0.0,19.0,3.0,0.007228915662650603,14.0,6.0,83.0,0.03485930281394372,0.0,0.21256038647342995,0.08958837772397095,0.616867469879518,36.0,0.08674698795180723,0.0,25.0,0.38313253012048193,159.0,0.0,415.0
-0.129156,432.0,1.137867,2132.0,-55.795296,100.38095238095238,15.523809523809524,1.7814207650273224,5.380368098159509,2146.0,0.0,0.0032618825722274,0.008387698042870456,0.0027958993476234857,7.036884029613465,0.0,0.0,0.0,0.4049079754601227,5.0,0.015337423312883436,6.0,0.0,0.0,11.0,3.0,0.009202453987730062,14.0,8.0,49.0,0.022833178005591797,0.0,0.09230769230769231,0.024691358024691357,0.4386503067484663,16.0,0.049079754601226995,0.0,21.0,0.5613496932515337,183.0,0.0,326.0
-0.351613,2403.0,1.421358,12068.0,-844.925378,2412.4,217.8,1.0215759849906192,10.066115702479339,12071.0,0.0,8.284317786430287e-05,0.0003313727114572115,0.0009941181343716345,10.045161264424596,0.0,3.0,0.0027548209366391185,0.9595959595959596,1.0,0.0009182736455463728,0.0,0.0,0.0,3.0,1.0,0.0009182736455463728,3.0,2.0,18.0,0.0014911772015574517,0.0,0.0,0.0,0.02112029384756653,3.0,0.0027548209366391185,8.284317786430287e-05,5.0,0.9788797061524335,1066.0,0.0009182736455463728,1089.0
-0.1561415,0.0,1.1689919999999998,2032.0,-77.5851265,112.33333333333333,15.555555555555555,1.9444444444444444,5.964285714285714,2049.0,0.0,0.003416300634455832,0.012201073694485115,0.002440214738897023,6.65539074198471,0.0,5.0,0.017857142857142856,0.3464285714285714,0.0,0.0,9.0,5.0,0.0,18.0,2.0,0.007142857142857143,17.0,6.0,74.0,0.03611517813567594,0.0,0.2616487455197133,0.17985611510791366,0.48571428571428577,0.0,0.0,0.0,18.0,0.5142857142857142,144.0,0.0035714285714285713,280.0
-0.145555,638.0,1.156681,1539.0,-92.863956,80.05263157894737,11.578947368421053,1.4864864864864864,5.795454545454546,1551.0,0.0,0.0051579626047711154,0.009671179883945842,0.004513217279174726,6.969231120341031,0.0,2.0,0.00909090909090909,0.4863636363636364,0.0,0.0,7.0,0.0,0.0,6.0,6.0,0.02727272727272727,12.0,4.0,43.0,0.027724049000644745,0.0,0.0958904109589041,0.027522935779816515,0.32727272727272727,0.0,0.0,0.0,19.0,0.6727272727272727,148.0,0.0,220.0
-0.20149,909.0,1.223224,2446.0,-183.154263,93.15384615384616,13.115384615384615,2.0297619047619047,5.964809384164223,2457.0,0.0,0.003663003663003663,0.013431013431013432,0.003256003256003256,6.825157547398463,0.0,6.0,0.017595307917888565,0.3548387096774194,0.0,0.0,8.0,0.0,0.0,13.0,4.0,0.011730205278592375,11.0,3.0,71.0,0.028897028897028897,0.0,0.24411764705882352,0.1504424778761062,0.5073313782991202,0.0,0.0,0.0,26.0,0.49266862170087977,168.0,0.002932551319648094,341.0
-0.1561415,0.0,1.1689919999999998,2884.0,-77.5851265,81.57142857142857,13.2,2.566666666666667,4.9523809523809526,2911.0,0.0,0.004465819306080384,0.008244589488148402,0.0037787701820680177,6.742232948609553,0.0,1.0,0.0021645021645021645,0.24025974025974026,10.0,0.021645021645021644,18.0,10.0,0.0,22.0,7.0,0.015151515151515152,27.0,7.0,125.0,0.04294057025077293,0.0,0.21691973969631237,0.07173913043478261,0.6103896103896104,31.0,0.0670995670995671,0.0,35.0,0.38961038961038963,180.0,0.0021645021645021645,462.0
-0.138307,422.0,1.148328,1957.0,-58.365504,87.81818181818181,14.227272727272727,1.691891891891892,5.0702875399361025,1971.0,0.0,0.0035514967021816335,0.0091324200913242,0.0030441400304414,7.063133261960554,0.0,0.0,0.0,0.4472843450479233,3.0,0.009584664536741214,6.0,0.0,0.0,11.0,4.0,0.012779552715654952,14.0,8.0,52.0,0.026382546930492135,0.0,0.057692307692307696,0.012861736334405145,0.40894568690095845,5.0,0.01597444089456869,0.0,22.0,0.5910543130990416,185.0,0.019169329073482427,313.0
-0.334332,3072.0,1.397007,15269.0,-1027.068578,897.7058823529412,105.47058823529412,1.0749400479616307,7.35861684327942,15284.0,0.0,0.0018319811567652448,0.0018974090552211463,0.004579952891913112,10.624737769755978,6.542789845590159e-05,6.0,0.0033463469046291134,0.8851087562744004,3.0,0.0016731734523145567,3.0,3.0,0.0,22.0,2.0,0.0011154489682097045,22.0,9.0,272.0,0.017796388380005235,0.0,0.008370535714285714,0.0072585147962032385,0.06971556051310657,2.0,0.0011154489682097045,0.00013085579691180318,17.0,0.9302844394868934,1668.0,0.006692693809258227,1793.0
-0.1561415,0.0,1.1689919999999998,1716.0,-77.5851265,84.9,11.65,1.8203125,6.068669527896995,1725.0,0.0,0.004057971014492754,0.009855072463768115,0.0034782608695652175,6.543865768308135,0.0,2.0,0.008583690987124463,0.3776824034334764,0.0,0.0,6.0,6.0,0.0,12.0,2.0,0.008583690987124463,9.0,3.0,68.0,0.03942028985507246,0.0,0.1724137931034483,0.08658008658008658,0.45064377682403434,0.0,0.0,0.0,20.0,0.5493562231759657,128.0,0.0,233.0
-0.132235,822.0,1.141377,1938.0,-108.697476,83.26086956521739,11.521739130434783,1.5142857142857142,6.1169811320754715,1946.0,0.0,0.0035971223021582736,0.011305241521068859,0.0035971223021582736,7.154728859381673,0.0,1.0,0.0037735849056603774,0.5018867924528302,0.0,0.0,7.0,0.0,0.0,10.0,5.0,0.018867924528301886,8.0,2.0,52.0,0.02672147995889003,0.0,0.10227272727272728,0.049429657794676805,0.339622641509434,0.0,0.0,0.0,23.0,0.660377358490566,175.0,0.0,265.0
-0.234644,775.0,1.264458,2126.0,-181.848858,105.45,14.0,1.6374269005847952,6.260714285714286,2138.0,0.0,0.004677268475210477,0.010757717492984098,0.004677268475210477,6.925010191145671,0.0,3.0,0.010714285714285714,0.4714285714285714,0.0,0.0,8.0,9.0,0.0,16.0,1.0,0.0035714285714285713,12.0,3.0,94.0,0.04396632366697849,0.0,0.14695340501792115,0.0683453237410072,0.38928571428571423,0.0,0.0,0.0,20.0,0.6107142857142858,171.0,0.0035714285714285713,280.0
-0.1561415,0.0,1.1689919999999998,2662.0,-77.5851265,97.96296296296296,14.814814814814815,2.127659574468085,5.355,2690.0,0.0,0.002973977695167286,0.010408921933085501,0.002973977695167286,6.9222151251621,0.0,0.0,0.0,0.3075,2.0,0.005,6.0,11.0,0.0,21.0,2.0,0.005,28.0,13.0,125.0,0.046468401486988845,0.0003717472118959108,0.18295739348370926,0.09045226130653267,0.53,10.0,0.025,0.0,27.0,0.47,188.0,0.0075,400.0
-0.106433,431.0,1.112304,2112.0,-45.87275,104.5,16.0,1.6666666666666667,5.415625,2124.0,0.0,0.002824858757062147,0.011299435028248588,0.0023540489642184556,7.129395764068101,0.0,11.0,0.034375,0.446875,1.0,0.003125,5.0,0.0,0.0,16.0,0.0,0.0,12.0,7.0,59.0,0.027777777777777776,0.0,0.10031347962382445,0.03773584905660377,0.4,1.0,0.003125,0.0,20.0,0.6,192.0,0.0,320.0
-0.229863,445.0,1.258428,1994.0,-102.28922,103.73684210526316,17.31578947368421,1.236842105263158,4.914893617021277,2003.0,0.0,0.0004992511233150275,0.006989515726410384,0.000998502246630055,7.844254488158336,0.000998502246630055,3.0,0.00911854103343465,0.7173252279635258,2.0,0.0060790273556231,0.0,0.0,0.0,9.0,1.0,0.00303951367781155,9.0,4.0,49.0,0.024463305042436344,0.000998502246630055,0.012195121951219513,0.0,0.19148936170212771,15.0,0.04559270516717325,0.0004992511233150275,19.0,0.8085106382978723,266.0,0.0,329.0
-0.1561415,0.0,1.1689919999999998,1842.0,-77.5851265,90.8,13.35,1.7919463087248322,5.670411985018727,1856.0,0.0,0.0,0.018857758620689655,0.0016163793103448276,6.687008552785736,0.0005387931034482759,5.0,0.018726591760299626,0.42696629213483145,0.0,0.0,0.0,0.0,0.0,17.0,10.0,0.03745318352059925,14.0,8.0,56.0,0.03017241379310345,0.0005387931034482759,0.20676691729323307,0.12075471698113208,0.44194756554307113,1.0,0.003745318352059925,0.0,20.0,0.5580524344569289,149.0,0.0,267.0
-0.115437,726.0,1.122364,1764.0,-83.807433,109.375,15.5,1.710344827586207,5.951612903225806,1772.0,0.0,0.003386004514672686,0.008465011286681716,0.0039503386004514675,6.694466761152932,0.0,17.0,0.06854838709677419,0.4314516129032258,0.0,0.0,5.0,0.0,0.0,15.0,0.0,0.0,8.0,3.0,40.0,0.022573363431151242,0.0,0.1659919028340081,0.08536585365853659,0.41532258064516125,0.0,0.0,0.0,16.0,0.5846774193548387,145.0,0.008064516129032258,248.0
-0.24448,776.0,1.276957,1976.0,-189.716586,81.33333333333333,11.833333333333334,1.7317073170731707,5.75,1989.0,0.0,0.0005027652086475615,0.01608848667672197,0.003519356460532931,6.858890803113998,0.0,8.0,0.028169014084507043,0.4225352112676056,0.0,0.0,7.0,0.0,0.0,16.0,0.0,0.0,13.0,4.0,57.0,0.02865761689291101,0.0,0.16607773851590105,0.09574468085106383,0.4225352112676056,0.0,0.0,0.0,24.0,0.5774647887323944,164.0,0.0,284.0
-0.1561415,0.0,1.1689919999999998,1441.0,-77.5851265,102.35714285714286,18.142857142857142,1.984375,4.460629921259843,1457.0,0.0,0.004118050789293068,0.0075497597803706245,0.004118050789293068,6.4425451800931315,0.0,0.0,0.0,0.3346456692913386,0.0,0.0,6.0,3.0,0.0,13.0,0.0,0.0,16.0,7.0,58.0,0.03980782429649966,0.0013726835964310226,0.1541501976284585,0.05555555555555555,0.49606299212598426,25.0,0.0984251968503937,0.0,14.0,0.5039370078740157,128.0,0.0,254.0
-0.093023,353.0,1.097487,1655.0,-32.837003,96.17647058823529,16.176470588235293,1.7080745341614907,4.865454545454545,1663.0,0.0,0.0,0.010823812387251955,0.0012026458208057728,6.791726672109529,0.0012026458208057728,0.0,0.0,0.4509090909090909,1.0,0.0036363636363636364,0.0,0.0,0.0,14.0,1.0,0.0036363636363636364,8.0,5.0,47.0,0.02826217678893566,0.0006013229104028864,0.08029197080291971,0.02564102564102564,0.41454545454545455,21.0,0.07636363636363637,0.0,17.0,0.5854545454545454,161.0,0.0,275.0
-0.33446,2336.0,1.397185,12278.0,-781.297956,677.5555555555555,81.66666666666667,1.0560344827586208,7.127210884353741,12280.0,0.0,0.000488599348534202,0.000977198697068404,0.0010586319218241042,10.39060632416251,8.143322475570033e-05,8.0,0.005442176870748299,0.9142857142857143,1.0,0.0006802721088435374,0.0,0.0,0.0,7.0,2.0,0.0013605442176870747,15.0,3.0,120.0,0.009771986970684038,8.143322475570033e-05,0.004765146358066712,0.0020435967302452314,0.05306122448979589,6.0,0.004081632653061225,8.143322475570033e-05,18.0,0.9469387755102041,1392.0,0.0,1470.0
-0.1561415,0.0,1.1689919999999998,1270.0,-77.5851265,126.5,18.6,1.488,5.629032258064516,1280.0,0.0,0.00078125,0.01171875,0.00390625,6.645454446379171,0.00078125,10.0,0.053763440860215055,0.5268817204301075,0.0,0.0,3.0,0.0,0.0,10.0,3.0,0.016129032258064516,10.0,5.0,31.0,0.02421875,0.0,0.0972972972972973,0.043478260869565216,0.32795698924731187,0.0,0.0,0.0,10.0,0.6720430107526881,125.0,0.0,186.0
-0.1349,220.0,1.144423,578.0,-29.678108,143.75,20.0,1.25,6.1,578.0,0.0,0.0,0.012110726643598616,0.0,5.8341837197791895,0.0,7.0,0.0875,0.675,0.0,0.0,0.0,0.0,0.0,6.0,1.0,0.0125,0.0,1.0,11.0,0.01903114186851211,0.0,0.012658227848101266,0.0,0.19999999999999996,0.0,0.0,0.0,4.0,0.8,64.0,0.0,80.0
-0.243431,714.0,1.275618,1951.0,-173.809599,138.35714285714286,18.285714285714285,1.4883720930232558,6.34375,1960.0,0.0,0.003061224489795918,0.014285714285714285,0.002551020408163265,7.081586865334872,0.0,8.0,0.03125,0.53125,0.0,0.0,5.0,5.0,0.0,9.0,2.0,0.0078125,9.0,3.0,70.0,0.03571428571428571,0.0,0.08627450980392157,0.023622047244094488,0.328125,0.0,0.0,0.0,14.0,0.671875,172.0,0.0,256.0
-0.1561415,0.0,1.1689919999999998,2005.0,-77.5851265,79.2,12.76,2.2,4.981191222570533,2024.0,0.0,0.004446640316205534,0.007411067193675889,0.001976284584980237,6.6872883420926765,0.0,0.0,0.0,0.25391849529780564,7.0,0.0219435736677116,7.0,9.0,0.0,20.0,1.0,0.003134796238244514,19.0,8.0,99.0,0.04891304347826087,0.0004940711462450593,0.15723270440251572,0.06309148264984227,0.5454545454545454,4.0,0.012539184952978056,0.0,25.0,0.45454545454545453,145.0,0.0,319.0
-0.149936,225.0,1.161759,1126.0,-33.735512,101.27272727272727,16.363636363636363,1.6981132075471699,5.1,1130.0,0.0,0.0,0.008849557522123894,0.0,6.4627833773451275,0.0,3.0,0.016666666666666666,0.37222222222222223,4.0,0.022222222222222223,0.0,0.0,0.0,6.0,2.0,0.011111111111111112,4.0,3.0,28.0,0.024778761061946902,0.0,0.0670391061452514,0.016853932584269662,0.4111111111111111,1.0,0.005555555555555556,0.0,11.0,0.5888888888888889,106.0,0.0,180.0
-0.22358,318.0,1.250546,1564.0,-71.098515,172.55555555555554,25.88888888888889,1.2802197802197801,5.510729613733906,1570.0,0.0,0.0006369426751592356,0.005732484076433121,0.0,7.317473363601688,0.0,4.0,0.017167381974248927,0.6652360515021459,2.0,0.008583690987124463,2.0,2.0,0.0,6.0,0.0,0.0,6.0,4.0,42.0,0.0267515923566879,0.0,0.017241379310344827,0.0,0.2188841201716738,0.0,0.0,0.0006369426751592356,9.0,0.7811158798283262,182.0,0.0,233.0
-0.1561415,0.0,1.1689919999999998,1632.0,-77.5851265,95.05882352941177,12.882352941176471,1.8717948717948718,6.068493150684931,1648.0,0.0,0.0048543689320388345,0.014563106796116505,0.0018203883495145632,6.45000896641944,0.0,2.0,0.0091324200913242,0.3470319634703196,0.0,0.0,6.0,6.0,0.0,12.0,8.0,0.0365296803652968,16.0,7.0,76.0,0.04611650485436893,0.0006067961165048543,0.20642201834862386,0.0967741935483871,0.4657534246575342,0.0,0.0,0.0,17.0,0.5342465753424658,117.0,0.0,219.0
-0.078178,415.0,1.081315,1013.0,-32.443683,66.73333333333333,9.733333333333333,1.5869565217391304,5.6506849315068495,1025.0,0.0,0.001951219512195122,0.00975609756097561,0.005853658536585366,6.222301401577405,0.0,2.0,0.0136986301369863,0.4520547945205479,0.0,0.0,6.0,0.0,0.0,8.0,3.0,0.02054794520547945,12.0,5.0,38.0,0.037073170731707315,0.0,0.1724137931034483,0.09722222222222222,0.36986301369863017,0.0,0.0,0.0,15.0,0.6301369863013698,92.0,0.0,146.0
-0.215497,434.0,1.240478,1136.0,-93.525487,70.75,9.5625,1.3076923076923077,6.071895424836601,1150.0,0.0,0.0008695652173913044,0.01391304347826087,0.009565217391304347,6.71732777417572,0.0,1.0,0.006535947712418301,0.6013071895424836,0.0,0.0,10.0,0.0,0.0,5.0,2.0,0.013071895424836602,14.0,3.0,43.0,0.03739130434782609,0.0,0.039473684210526314,0.006622516556291391,0.23529411764705888,0.0,0.0,0.0,16.0,0.7647058823529411,117.0,0.0,153.0
-0.1561415,0.0,1.1689919999999998,2404.0,-77.5851265,108.45454545454545,16.772727272727273,2.30625,5.235772357723577,2419.0,0.0,0.0045473336089293095,0.0086812732534105,0.002066969822240595,6.707571911571015,0.0,1.0,0.0027100271002710027,0.2601626016260163,11.0,0.02981029810298103,9.0,9.0,0.0,21.0,2.0,0.005420054200542005,15.0,5.0,105.0,0.0434063662670525,0.0,0.23641304347826086,0.1307901907356948,0.5663956639566395,0.0,0.0,0.0,22.0,0.43360433604336046,160.0,0.0,369.0
-0.111317,415.0,1.117749,1952.0,-46.196496,120.875,19.875,1.7096774193548387,4.977987421383648,1964.0,0.0,0.003054989816700611,0.010692464358452138,0.0025458248472505093,7.186680900968243,0.0,3.0,0.009433962264150943,0.3805031446540881,6.0,0.018867924528301886,5.0,0.0,0.0,13.0,1.0,0.0031446540880503146,12.0,7.0,53.0,0.0269857433808554,0.0,0.08517350157728706,0.02531645569620253,0.41509433962264153,1.0,0.0031446540880503146,0.0005091649694501018,16.0,0.5849056603773585,186.0,0.0,318.0
-0.207471,100.0,1.230562,488.0,-20.747079,162.0,24.666666666666668,1.1384615384615384,5.45945945945946,488.0,0.0,0.0,0.006147540983606557,0.0,5.9458077574623704,0.0,0.0,0.0,0.7837837837837838,1.0,0.013513513513513514,0.0,0.0,0.0,3.0,1.0,0.013513513513513514,0.0,1.0,14.0,0.028688524590163935,0.0,0.0,0.0,0.1216216216216216,0.0,0.0,0.0020491803278688526,3.0,0.8783783783783784,65.0,0.0,74.0
-0.1561415,0.0,1.1689919999999998,1423.0,-77.5851265,100.78571428571429,15.428571428571429,1.9115044247787611,5.277777777777778,1430.0,0.0,0.0034965034965034965,0.01888111888111888,0.002797202797202797,6.445776433222103,0.0,2.0,0.009259259259259259,0.32407407407407407,0.0,0.0,4.0,4.0,0.0,8.0,7.0,0.032407407407407406,7.0,3.0,66.0,0.046153846153846156,0.0,0.20930232558139536,0.10747663551401869,0.47685185185185186,0.0,0.0,0.0,14.0,0.5231481481481481,113.0,0.0,216.0
-0.124009,452.0,1.132026,1084.0,-56.052175,134.375,20.25,1.5576923076923077,5.512345679012346,1088.0,0.0,0.0,0.014705882352941176,0.0,6.44170212704285,0.0,3.0,0.018518518518518517,0.43209876543209874,0.0,0.0,0.0,0.0,0.0,7.0,4.0,0.024691358024691357,4.0,3.0,25.0,0.02297794117647059,0.0,0.14906832298136646,0.0875,0.3580246913580247,0.0,0.0,0.0,8.0,0.6419753086419753,104.0,0.0,162.0
-0.225981,212.0,1.253551,548.0,-47.907895,181.66666666666666,28.0,1.2352941176470589,5.369047619047619,550.0,0.0,0.0,0.01818181818181818,0.0,5.966431261935696,0.0,3.0,0.03571428571428571,0.6785714285714286,0.0,0.0,0.0,0.0,0.0,3.0,0.0,0.0,2.0,2.0,13.0,0.023636363636363636,0.0,0.024096385542168676,0.0,0.19047619047619047,0.0,0.0,0.0,3.0,0.8095238095238095,68.0,0.0,84.0
-0.1561415,0.0,1.1689919999999998,2528.0,-77.5851265,83.06666666666666,14.2,2.406779661016949,4.645539906103286,2550.0,0.0,0.004313725490196078,0.01019607843137255,0.004313725490196078,6.659848058656916,0.0,0.0,0.0,0.26291079812206575,1.0,0.002347417840375587,10.0,10.0,0.0,25.0,4.0,0.009389671361502348,22.0,12.0,116.0,0.04549019607843137,0.0,0.23058823529411765,0.125,0.5845070422535211,0.0,0.0,0.0,30.0,0.4154929577464789,177.0,0.0,426.0
-0.134545,733.0,1.144017,3485.0,-98.621749,107.84375,16.1875,1.9328358208955223,5.528957528957529,3505.0,0.0,0.003138373751783167,0.013124108416547788,0.003138373751783167,7.435346112065993,0.0,0.0,0.0,0.3474903474903475,3.0,0.005791505791505791,10.0,0.0,0.0,22.0,1.0,0.0019305019305019305,20.0,11.0,96.0,0.027389443651925822,0.0,0.10058027079303675,0.03294573643410853,0.48262548262548266,0.0,0.0,0.0,32.0,0.5173745173745173,268.0,0.0,518.0
-0.310945,3072.0,1.364714,14717.0,-955.222651,474.1290322580645,55.83870967741935,1.081199250468457,7.203928365106875,14728.0,0.0,0.0017653449212384573,0.006789788158609452,0.006653992395437262,10.588815570448748,6.789788158609451e-05,1.0,0.0005777007510109763,0.8630849220103987,2.0,0.0011554015020219526,5.0,2.0,0.0,11.0,1.0,0.0005777007510109763,21.0,6.0,453.0,0.030757740358500815,6.789788158609451e-05,0.023699421965317918,0.015037593984962405,0.07510109763142692,1.0,0.0005777007510109763,6.789788158609451e-05,31.0,0.9248989023685731,1601.0,0.0017331022530329288,1731.0
-0.1561415,0.0,1.1689919999999998,1607.0,-77.5851265,79.4,10.9,2.1584158415841586,5.954128440366972,1622.0,0.0,0.006165228113440197,0.010480887792848335,0.004315659679408138,6.2889423391199415,0.0,6.0,0.027522935779816515,0.23853211009174313,0.0,0.0,12.0,7.0,0.0,8.0,3.0,0.013761467889908258,15.0,3.0,80.0,0.04932182490752158,0.0,0.33640552995391704,0.22685185185185186,0.536697247706422,0.0,0.0,0.0,20.0,0.463302752293578,101.0,0.0,218.0
-0.20019,471.0,1.221635,1122.0,-94.289513,92.75,13.333333333333334,1.391304347826087,5.78125,1128.0,0.0,0.005319148936170213,0.016843971631205674,0.004432624113475178,6.633559560591003,0.0,1.0,0.00625,0.55625,0.0,0.0,5.0,0.0,0.0,6.0,1.0,0.00625,6.0,2.0,37.0,0.03280141843971631,0.0,0.06918238993710692,0.02531645569620253,0.28125,0.0,0.0,0.0,12.0,0.71875,115.0,0.0,160.0
-0.271067,413.0,1.311362,1136.0,-111.950493,86.53846153846153,12.0,1.4311926605504588,6.096153846153846,1144.0,0.0,0.0008741258741258741,0.012237762237762238,0.004370629370629371,6.525124276976814,0.0,1.0,0.00641025641025641,0.5384615384615384,0.0,0.0,5.0,0.0,0.0,6.0,2.0,0.01282051282051282,8.0,3.0,28.0,0.024475524475524476,0.0,0.09032258064516129,0.032467532467532464,0.3012820512820513,0.0,0.0,0.0,13.0,0.6987179487179487,109.0,0.0,156.0
-0.1561415,0.0,1.1689919999999998,2097.0,-77.5851265,79.46153846153847,13.576923076923077,2.292207792207792,4.640226628895184,2115.0,0.0,0.00425531914893617,0.014657210401891253,0.0037825059101654845,6.611513526549339,0.0,0.0,0.0,0.2577903682719547,0.0,0.0,8.0,8.0,0.0,21.0,2.0,0.0056657223796034,18.0,10.0,102.0,0.04822695035460993,0.0,0.22443181818181818,0.11965811965811966,0.5637393767705383,0.0,0.0,0.0,26.0,0.43626062322946174,154.0,0.0,353.0
-0.176222,355.0,1.192703,1567.0,-62.558881,110.78571428571429,19.714285714285715,1.7468354430379747,4.518115942028985,1575.0,0.0,0.0,0.010793650793650795,0.0,6.725960547433031,0.0,0.0,0.0,0.42391304347826086,1.0,0.0036231884057971015,0.0,0.0,0.0,19.0,2.0,0.007246376811594203,8.0,5.0,46.0,0.029206349206349208,0.0,0.08363636363636363,0.025547445255474453,0.427536231884058,1.0,0.0036231884057971015,0.0,14.0,0.572463768115942,158.0,0.0,276.0
-0.291972,3072.0,1.339065,15171.0,-896.936953,688.4545454545455,80.18181818181819,1.1059561128526645,7.517006802721088,15190.0,0.0,0.00026333113890717575,0.0009874917709019092,0.0005924950625411455,10.570644884984464,6.583278472679394e-05,3.0,0.0017006802721088435,0.8304988662131519,3.0,0.0017006802721088435,7.0,7.0,1.0,7.0,3.0,0.0017006802721088435,19.0,8.0,152.0,0.01000658327847268,0.0,0.005672149744753261,0.0005675368898978433,0.0958049886621315,2.0,0.0011337868480725624,6.583278472679394e-05,22.0,0.9041950113378685,1595.0,0.0,1764.0
-0.1561415,0.0,1.1689919999999998,1355.0,-77.5851265,83.875,12.5625,1.8611111111111112,5.422885572139304,1369.0,0.0,0.005113221329437546,0.008765522279035792,0.003652300949598247,6.24520781882404,0.0,5.0,0.024875621890547265,0.38308457711442784,0.0,0.0,8.0,5.0,0.0,16.0,3.0,0.014925373134328358,14.0,5.0,58.0,0.042366691015339665,0.0,0.24,0.17587939698492464,0.4626865671641791,0.0,0.0,0.0,16.0,0.5373134328358209,108.0,0.0,201.0
-0.117943,741.0,1.12518,1743.0,-87.395598,123.64285714285714,17.571428571428573,1.9069767441860466,5.869918699186992,1752.0,0.0,0.003995433789954338,0.015410958904109588,0.003424657534246575,6.490836128786328,0.0,3.0,0.012195121951219513,0.3861788617886179,0.0,0.0,6.0,0.0,0.0,14.0,1.0,0.0040650406504065045,9.0,3.0,52.0,0.02968036529680365,0.0,0.2653061224489796,0.21721311475409835,0.47560975609756095,0.0,0.0,0.0,14.0,0.524390243902439,129.0,0.0,246.0
-0.149508,239.0,1.161263,613.0,-35.732462,61.6,8.7,1.5818181818181818,5.494252873563219,626.0,0.0,0.004792332268370607,0.004792332268370607,0.006389776357827476,5.546688686066693,0.0,3.0,0.034482758620689655,0.41379310344827586,0.0,0.0,4.0,0.0,0.0,5.0,0.0,0.0,13.0,6.0,40.0,0.06389776357827476,0.003194888178913738,0.18604651162790697,0.10588235294117647,0.367816091954023,0.0,0.0,0.0,10.0,0.632183908045977,55.0,0.0,87.0
-0.1561415,0.0,1.1689919999999998,2472.0,-77.5851265,78.90322580645162,11.67741935483871,2.0804597701149423,5.5220994475138125,2494.0,0.0,0.00400962309542903,0.009222133119486768,0.004410585404971933,6.890942165307498,0.0,1.0,0.0027624309392265192,0.30662983425414364,2.0,0.0055248618784530384,11.0,10.0,0.0,16.0,8.0,0.022099447513812154,22.0,8.0,117.0,0.046912590216519647,0.0,0.1523545706371191,0.06944444444444445,0.5193370165745856,8.0,0.022099447513812154,0.0,31.0,0.48066298342541436,174.0,0.0,362.0
-0.155527,543.0,1.168274,2719.0,-84.451276,99.5925925925926,15.074074074074074,1.8251121076233183,5.511056511056511,2739.0,0.0,0.0032858707557502738,0.008762322015334063,0.002555677254472435,7.268101494012648,0.0,0.0,0.0,0.39803439803439805,6.0,0.014742014742014743,7.0,0.0,0.0,13.0,4.0,0.009828009828009828,20.0,11.0,66.0,0.024096385542168676,0.0,0.04187192118226601,0.0024691358024691358,0.45208845208845205,8.0,0.019656019656019656,0.0,27.0,0.547911547911548,223.0,0.0,407.0
-0.17943,324.0,1.196535,1663.0,-58.135163,183.44444444444446,25.77777777777778,1.1485148514851484,6.047413793103448,1669.0,0.0,0.0,0.005991611743559017,0.0,7.536303449941836,0.0,1.0,0.004310344827586207,0.7974137931034483,2.0,0.008620689655172414,0.0,0.0,0.0,6.0,2.0,0.008620689655172414,6.0,3.0,28.0,0.016776512881965248,0.0,0.008658008658008658,0.0,0.1293103448275862,3.0,0.01293103448275862,0.0005991611743559018,9.0,0.8706896551724138,202.0,0.0,232.0
-0.1561415,0.0,1.1689919999999998,1799.0,-77.5851265,94.05263157894737,12.052631578947368,1.8770491803278688,6.4847161572052405,1818.0,0.0,0.0049504950495049506,0.011001100110011002,0.0033003300330033004,6.490029686512069,0.0,2.0,0.008733624454148471,0.34934497816593885,0.0,0.0,10.0,6.0,0.0,11.0,4.0,0.017467248908296942,19.0,7.0,76.0,0.041804180418041806,0.0,0.10964912280701754,0.05286343612334802,0.4672489082969432,0.0,0.0,0.0,19.0,0.5327510917030568,122.0,0.0,229.0
-0.110973,806.0,1.117365,1921.0,-89.44435,75.92,10.6,1.778523489932886,5.966037735849056,1937.0,0.0,0.0010325245224574084,0.016520392359318535,0.004130098089829634,6.932003221754078,0.0,2.0,0.007547169811320755,0.32075471698113206,0.0,0.0,8.0,0.0,0.0,8.0,3.0,0.011320754716981131,16.0,6.0,67.0,0.03458957150232318,0.0,0.16666666666666666,0.12927756653992395,0.4377358490566038,0.0,0.0,0.0,25.0,0.5622641509433962,149.0,0.0037735849056603774,265.0
-0.311485,575.0,1.365452,1574.0,-179.104035,111.42857142857143,14.571428571428571,1.4366197183098592,6.529411764705882,1583.0,0.0,0.0006317119393556538,0.012634238787113077,0.003158559696778269,6.865227839518562,0.0,5.0,0.024509803921568627,0.5588235294117647,0.0,0.0,5.0,0.0,0.0,9.0,0.0,0.0,9.0,3.0,37.0,0.02337334175615919,0.0,0.12315270935960591,0.04950495049504951,0.303921568627451,0.0,0.0,0.0,14.0,0.696078431372549,142.0,0.0,204.0
-0.1561415,0.0,1.1689919999999998,1570.0,-77.5851265,81.78947368421052,12.526315789473685,1.6643356643356644,5.285714285714286,1582.0,0.0,0.0050568900126422255,0.011378002528445006,0.0037926675094816687,6.854426629590203,0.0,0.0,0.0,0.40336134453781514,2.0,0.008403361344537815,6.0,6.0,0.0,7.0,5.0,0.02100840336134454,12.0,5.0,83.0,0.05246523388116309,0.0,0.06329113924050633,0.01694915254237288,0.39915966386554624,2.0,0.008403361344537815,0.0,19.0,0.6008403361344538,143.0,0.0,238.0
-0.135306,392.0,1.144888,2033.0,-53.040127,125.9375,18.375,1.5473684210526315,5.744897959183674,2045.0,0.0,0.0024449877750611247,0.010757946210268949,0.003911980440097799,7.218828884540494,0.0,0.0,0.0,0.4931972789115646,5.0,0.017006802721088437,4.0,0.0,0.0,10.0,4.0,0.013605442176870748,12.0,7.0,47.0,0.022982885085574573,0.0,0.034129692832764506,0.00684931506849315,0.3537414965986394,3.0,0.01020408163265306,0.0,16.0,0.6462585034013606,190.0,0.0,294.0
-0.167706,131.0,1.182589,584.0,-21.969514,194.0,31.0,1.0449438202247192,5.139784946236559,584.0,0.0,0.0,0.00684931506849315,0.0,6.44502023581595,0.0017123287671232876,0.0,0.0,0.9247311827956989,3.0,0.03225806451612903,0.0,0.0,0.0,3.0,1.0,0.010752688172043012,0.0,1.0,14.0,0.023972602739726026,0.0,0.0,0.0,0.043010752688172005,2.0,0.021505376344086023,0.0017123287671232876,3.0,0.956989247311828,89.0,0.0,93.0
-0.1561415,0.0,1.1689919999999998,1310.0,-77.5851265,72.0,10.11111111111111,1.7333333333333334,5.813186813186813,1322.0,0.0,0.006051437216338881,0.012859304084720122,0.0045385779122541605,6.377323778000773,0.0,2.0,0.01098901098901099,0.36813186813186816,0.0,0.0,6.0,6.0,0.0,9.0,6.0,0.03296703296703297,12.0,5.0,67.0,0.05068078668683813,0.0007564296520423601,0.12154696132596685,0.05555555555555555,0.42307692307692313,0.0,0.0,0.0,18.0,0.5769230769230769,105.0,0.0,182.0
-0.063598,875.0,1.065664,2120.0,-55.648155,91.26086956521739,13.434782608695652,2.6186440677966103,5.663430420711974,2133.0,0.0,0.00046882325363338024,0.015939990623534926,0.005157055789967183,6.281251046109611,0.0,1.0,0.003236245954692557,0.1941747572815534,0.0,0.0,10.0,0.0,0.0,18.0,2.0,0.006472491909385114,13.0,3.0,60.0,0.02812939521800281,0.0,0.4805194805194805,0.40716612377850164,0.6181229773462783,0.0,0.0,0.0,23.0,0.3818770226537217,118.0,0.0,309.0
-0.195111,461.0,1.215446,1233.0,-89.946058,101.75,13.25,1.5742574257425743,6.534591194968553,1241.0,0.0,0.0040290088638195,0.0136986301369863,0.0032232070910556,6.385065071808433,0.0,4.0,0.025157232704402517,0.4528301886792453,0.0,0.0,4.0,0.0,0.0,6.0,0.0,0.0,8.0,3.0,34.0,0.0273972602739726,0.0,0.08860759493670886,0.03184713375796178,0.3647798742138365,0.0,0.0,0.0,12.0,0.6352201257861635,101.0,0.0,159.0
-0.1561415,0.0,1.1689919999999998,2366.0,-77.5851265,97.66666666666667,13.666666666666666,2.0,5.920731707317073,2381.0,0.0,0.0037799244015119695,0.01133977320453591,0.0029399412011759767,6.9480105939552645,0.0,0.0,0.0,0.29573170731707316,0.0,0.0,7.0,7.0,0.0,10.0,4.0,0.012195121951219513,15.0,6.0,104.0,0.04367912641747165,0.0,0.12538226299694188,0.03680981595092025,0.5,0.0,0.0,0.0,24.0,0.5,164.0,0.012195121951219513,328.0
-0.106989,288.0,1.112922,1263.0,-30.812958,125.2,19.6,1.4306569343065694,5.295918367346939,1267.0,0.0,0.0,0.012628255722178374,0.0,6.807810691279685,0.0,3.0,0.015306122448979591,0.5459183673469388,1.0,0.00510204081632653,0.0,0.0,0.0,10.0,3.0,0.015306122448979591,4.0,3.0,33.0,0.026045777426992895,0.0,0.03076923076923077,0.005154639175257732,0.30102040816326525,0.0,0.0,0.0,10.0,0.6989795918367347,137.0,0.00510204081632653,196.0
-0.321975,3072.0,1.37985,14924.0,-989.106634,745.25,90.7,1.1149354640442533,6.797684674751929,14926.0,0.0,0.002009915583545491,0.0028808790030818705,0.001607932466836393,10.3537220655551,0.00013399437223636607,4.0,0.002205071664829107,0.8660418963616318,3.0,0.0016538037486218302,0.0,0.0,0.0,93.0,4.0,0.002205071664829107,104.0,3.0,340.0,0.022779043280182234,6.699718611818304e-05,0.00882515168229454,0.004415011037527594,0.10308710033076074,1.0,0.0005512679162072767,0.00013399437223636607,20.0,0.8969128996692393,1627.0,0.007717750826901874,1814.0
-0.1561415,0.0,1.1689919999999998,1659.0,-77.5851265,78.0,10.619047619047619,1.8278688524590163,6.143497757847534,1680.0,0.0,0.006547619047619048,0.0125,0.004761904761904762,6.55265382381219,0.0,3.0,0.013452914798206279,0.3452914798206278,0.0,0.0,8.0,0.0,0.0,9.0,8.0,0.03587443946188341,21.0,9.0,57.0,0.033928571428571426,0.0,0.11711711711711711,0.027149321266968326,0.452914798206278,0.0,0.0,0.0,21.0,0.547085201793722,122.0,0.008968609865470852,223.0
-0.142927,388.0,1.153645,981.0,-55.455498,121.375,18.0,1.2972972972972974,5.625,987.0,0.0,0.0,0.014184397163120567,0.002026342451874367,6.638471355518834,0.0,3.0,0.020833333333333332,0.625,0.0,0.0,0.0,0.0,0.0,4.0,4.0,0.027777777777777776,6.0,4.0,27.0,0.02735562310030395,0.0,0.013986013986013986,0.0,0.22916666666666663,0.0,0.0,0.0,8.0,0.7708333333333334,111.0,0.027777777777777776,144.0
-0.323217,261.0,1.381565,732.0,-84.359637,145.4,19.6,1.2564102564102564,6.3061224489795915,734.0,0.0,0.0,0.013623978201634877,0.0,6.1311988442656755,0.0,1.0,0.01020408163265306,0.673469387755102,0.0,0.0,0.0,0.0,0.0,5.0,5.0,0.05102040816326531,2.0,2.0,16.0,0.021798365122615803,0.0,0.020618556701030927,0.0,0.20408163265306123,0.0,0.0,0.0013623978201634877,5.0,0.7959183673469388,78.0,0.0,98.0
-0.1561415,0.0,1.1689919999999998,2101.0,-77.5851265,116.61111111111111,17.0,2.095890410958904,5.516339869281046,2131.0,0.0,0.003754106053496011,0.00656968559361802,0.002346316283435007,6.687674356875451,0.0,0.0,0.0,0.3006535947712418,0.0,0.0,17.0,5.0,0.0,16.0,9.0,0.029411764705882353,30.0,11.0,102.0,0.04786485218207415,0.0,0.15081967213114755,0.05921052631578947,0.522875816993464,0.0,0.0,0.0,18.0,0.477124183006536,146.0,0.006535947712418301,306.0
-0.132394,243.0,1.141557,1106.0,-32.171633,121.77777777777777,17.88888888888889,1.3879310344827587,5.708074534161491,1110.0,0.0,0.0,0.014414414414414415,0.0,6.617854208087613,0.0,0.0,0.0,0.577639751552795,0.0,0.0,0.0,0.0,0.0,5.0,2.0,0.012422360248447204,4.0,3.0,30.0,0.02702702702702703,0.0,0.0125,0.0,0.2795031055900621,0.0,0.0,0.0,9.0,0.7204968944099379,116.0,0.012422360248447204,161.0
-0.34111,3072.0,1.406508,14475.0,-1047.889431,2067.1428571428573,179.0,1.0170454545454546,10.542697525937749,14476.0,0.0,0.0,0.00027631942525559546,0.0004144791378833932,10.249948445168307,0.0,1.0,0.0007980845969672786,0.9720670391061452,1.0,0.0007980845969672786,0.0,0.0,0.0,7.0,1.0,0.0007980845969672786,1.0,1.0,16.0,0.0011052777010223818,0.0,0.0007987220447284345,0.0,0.016759776536312887,0.0,0.0,6.907985631389887e-05,7.0,0.9832402234636871,1232.0,0.0,1253.0
-0.1561415,0.0,1.1689919999999998,1662.0,-77.5851265,103.0,14.0625,1.8442622950819672,6.017777777777778,1677.0,0.0,0.0035778175313059034,0.01490757304710793,0.005963029218843173,6.595370458604579,0.0,2.0,0.008888888888888889,0.3111111111111111,0.0,0.0,7.0,4.0,0.0,10.0,9.0,0.04,15.0,6.0,82.0,0.04889683959451401,0.0,0.22321428571428573,0.14349775784753363,0.45777777777777773,0.0,0.0,0.0,16.0,0.5422222222222223,122.0,0.017777777777777778,225.0
-0.156198,186.0,1.169058,464.0,-29.05285,115.25,15.0,1.1538461538461537,6.566666666666666,464.0,0.0,0.0,0.015086206896551725,0.004310344827586207,5.627642470572461,0.0,2.0,0.03333333333333333,0.75,0.0,0.0,0.0,0.0,0.0,3.0,3.0,0.05,0.0,1.0,12.0,0.02586206896551724,0.0,0.0,0.0,0.1333333333333333,0.0,0.0,0.0,4.0,0.8666666666666667,52.0,0.03333333333333333,60.0
-0.235915,284.0,1.266067,750.0,-66.999929,186.75,24.25,1.2933333333333332,6.56701030927835,750.0,0.0,0.0,0.017333333333333333,0.0,6.0895027905961285,0.0,2.0,0.020618556701030927,0.6082474226804123,0.0,0.0,0.0,0.0,0.0,4.0,3.0,0.030927835051546393,0.0,1.0,17.0,0.02266666666666667,0.0,0.03125,0.010526315789473684,0.22680412371134018,0.0,0.0,0.0,4.0,0.7731958762886598,75.0,0.0,97.0
-0.1561415,0.0,1.1689919999999998,2321.0,-77.5851265,114.95,16.8,2.3496503496503496,5.7023809523809526,2333.0,0.0,0.002571795970852979,0.007715387912558937,0.0021431633090441492,6.6169113533204955,0.0,0.0,0.0,0.22916666666666666,7.0,0.020833333333333332,5.0,5.0,0.0,19.0,2.0,0.005952380952380952,12.0,7.0,65.0,0.02786112301757394,0.0,0.21492537313432836,0.10479041916167664,0.5744047619047619,0.0,0.0,0.0,20.0,0.4255952380952381,143.0,0.0,336.0
-0.09279,385.0,1.097231,1978.0,-35.724144,122.5625,19.1875,1.9430379746835442,5.306188925081433,1988.0,0.0,0.0025150905432595573,0.008048289738430584,0.002012072434607646,6.7242786706436375,0.0,0.0,0.0,0.36156351791530944,4.0,0.013029315960912053,4.0,0.0,0.0,20.0,4.0,0.013029315960912053,10.0,6.0,39.0,0.019617706237424547,0.0,0.13398692810457516,0.03934426229508197,0.48534201954397393,1.0,0.003257328990228013,0.0,16.0,0.5146579804560261,158.0,0.0,307.0
-0.208543,317.0,1.231882,1736.0,-66.108106,191.66666666666666,27.333333333333332,1.3369565217391304,5.959349593495935,1740.0,0.0,0.0,0.005747126436781609,0.0,7.203909046542782,0.0,1.0,0.0040650406504065045,0.6504065040650406,3.0,0.012195121951219513,0.0,0.0,0.0,12.0,2.0,0.008130081300813009,4.0,3.0,23.0,0.013218390804597701,0.0,0.02040816326530612,0.004098360655737705,0.2520325203252033,0.0,0.0,0.0005747126436781609,9.0,0.7479674796747967,184.0,0.0,246.0
-0.1561415,0.0,1.1689919999999998,1708.0,-77.5851265,105.625,15.1875,2.5851063829787235,5.753086419753086,1720.0,0.0,0.0034883720930232558,0.011627906976744186,0.0029069767441860465,6.160457807761596,0.0,4.0,0.01646090534979424,0.1646090534979424,0.0,0.0,5.0,5.0,0.0,13.0,1.0,0.00411522633744856,12.0,7.0,62.0,0.03604651162790698,0.0,0.44214876033057854,0.3900414937759336,0.6131687242798354,0.0,0.0,0.0,16.0,0.3868312757201646,94.0,0.0,243.0
-0.151455,370.0,1.163526,980.0,-56.03838,162.16666666666666,22.166666666666668,1.33,6.2330827067669174,984.0,0.0,0.0,0.011178861788617886,0.0,6.464836382772011,0.0,4.0,0.03007518796992481,0.5939849624060151,0.0,0.0,0.0,0.0,0.0,6.0,1.0,0.007518796992481203,4.0,3.0,17.0,0.017276422764227643,0.0,0.030303030303030304,0.007633587786259542,0.24812030075187974,0.0,0.0,0.0,6.0,0.7518796992481203,100.0,0.0,133.0
-0.268916,3072.0,1.308545,15296.0,-826.108861,1091.9285714285713,104.21428571428571,1.048132183908046,9.437971213159699,15304.0,0.0,0.00013068478829064296,0.0005880815473078934,0.0016989022477783586,10.40187587357888,6.534239414532148e-05,0.0,0.0,0.9239204934886909,6.0,0.00411240575736806,2.0,2.0,0.0,6.0,3.0,0.00205620287868403,10.0,6.0,54.0,0.0035284892838473602,0.0,0.00411522633744856,0.0006863417982155113,0.04592186429060996,0.0,0.0,6.534239414532148e-05,14.0,0.95407813570939,1392.0,0.00205620287868403,1459.0
-0.1561415,0.0,1.1689919999999998,1290.0,-77.5851265,84.93333333333334,14.8,1.865546218487395,4.671171171171171,1302.0,0.0,0.0030721966205837174,0.006144393241167435,0.002304147465437788,6.464728747620023,0.0,0.0,0.0,0.35585585585585583,3.0,0.013513513513513514,3.0,0.0,0.0,12.0,2.0,0.009009009009009009,12.0,6.0,33.0,0.02534562211981567,0.0007680491551459293,0.12669683257918551,0.045454545454545456,0.463963963963964,2.0,0.009009009009009009,0.0,15.0,0.536036036036036,119.0,0.0,222.0
-0.153019,192.0,1.165347,909.0,-29.379593,112.5,19.0,1.3333333333333333,4.8618421052631575,913.0,0.0,0.0,0.007667031763417305,0.0,6.603255270798582,0.001095290251916758,0.0,0.0,0.618421052631579,2.0,0.013157894736842105,0.0,0.0,0.0,7.0,0.0,0.0,4.0,3.0,22.0,0.024096385542168676,0.0,0.019867549668874173,0.0,0.25,6.0,0.039473684210526314,0.0,8.0,0.75,114.0,0.0,152.0
-0.170876,141.0,1.186344,727.0,-24.093579,181.0,30.75,1.1181818181818182,4.837398373983739,727.0,0.0,0.0,0.0041265474552957355,0.0,6.6863374727837375,0.0,1.0,0.008130081300813009,0.8211382113821138,1.0,0.008130081300813009,0.0,0.0,0.0,6.0,2.0,0.016260162601626018,0.0,1.0,11.0,0.015130674002751032,0.0,0.00819672131147541,0.0,0.10569105691056913,3.0,0.024390243902439025,0.001375515818431912,4.0,0.8943089430894309,110.0,0.0,123.0
-0.1561415,0.0,1.1689919999999998,1191.0,-77.5851265,118.0,16.2,2.025,6.160493827160494,1201.0,0.0,0.0008326394671107411,0.00832639467110741,0.0,5.975967500181586,0.0,5.0,0.030864197530864196,0.24691358024691357,0.0,0.0,3.0,0.0,0.0,9.0,0.0,0.0,10.0,5.0,24.0,0.019983347210657785,0.0,0.2608695652173913,0.15625,0.5061728395061729,0.0,0.0,0.0,10.0,0.49382716049382713,80.0,0.0,162.0
-0.099057,243.0,1.104129,616.0,-24.070809,101.83333333333333,13.5,1.3278688524590163,6.407407407407407,616.0,0.0,0.0,0.01461038961038961,0.0,5.78405308919754,0.0,4.0,0.04938271604938271,0.5802469135802469,0.0,0.0,0.0,0.0,0.0,4.0,1.0,0.012345679012345678,0.0,1.0,17.0,0.027597402597402596,0.0,0.0875,0.0379746835443038,0.24691358024691357,0.0,0.0,0.0,6.0,0.7530864197530864,61.0,0.0,81.0
-0.181932,808.0,1.199532,2178.0,-147.000826,144.06666666666666,18.8,1.9448275862068964,6.535460992907802,2190.0,0.0,0.00045662100456621003,0.015525114155251141,0.0018264840182648401,6.752041271733651,0.0,1.0,0.0035460992907801418,0.3404255319148936,0.0,0.0,4.0,0.0,0.0,10.0,4.0,0.014184397163120567,12.0,5.0,50.0,0.0228310502283105,0.0,0.298932384341637,0.24642857142857144,0.4858156028368794,0.0,0.0,0.0,15.0,0.5141843971631206,145.0,0.0,282.0
-0.1561415,0.0,1.1689919999999998,1761.0,-77.5851265,82.80952380952381,15.666666666666666,2.7416666666666667,4.164133738601824,1776.0,0.0,0.0011261261261261261,0.010135135135135136,0.0022522522522522522,6.144082037473709,0.0,0.0,0.0,0.17325227963525835,0.0,0.0,4.0,0.0,0.0,39.0,2.0,0.0060790273556231,15.0,7.0,59.0,0.03322072072072072,0.0,0.25,0.11009174311926606,0.6352583586626139,13.0,0.03951367781155015,0.0,21.0,0.364741641337386,120.0,0.0,329.0
-0.121171,388.0,1.128818,1858.0,-47.014204,122.66666666666667,21.266666666666666,2.0580645161290323,4.673981191222571,1868.0,0.0,0.0,0.013383297644539615,0.0,6.65960860526626,0.0,0.0,0.0,0.30407523510971785,0.0,0.0,0.0,0.0,0.0,27.0,0.0,0.0,10.0,6.0,45.0,0.024089935760171308,0.0,0.14465408805031446,0.05362776025236593,0.5141065830721003,7.0,0.0219435736677116,0.0,15.0,0.48589341692789967,155.0,0.006269592476489028,319.0
-0.292341,306.0,1.339559,1625.0,-89.456246,179.55555555555554,27.22222222222222,1.0986547085201794,5.493877551020408,1629.0,0.0,0.0,0.003683241252302026,0.0,7.739639316527099,0.0012277470841006752,4.0,0.0163265306122449,0.8408163265306122,0.0,0.0,0.0,0.0,0.0,4.0,0.0,0.0,4.0,3.0,27.0,0.016574585635359115,0.0,0.0,0.0,0.0897959183673469,2.0,0.00816326530612245,0.0012277470841006752,9.0,0.9102040816326531,223.0,0.0,245.0
-0.1561415,0.0,1.1689919999999998,1577.0,-77.5851265,86.66666666666667,12.5,2.393617021276596,5.76,1586.0,0.0,0.0031525851197982345,0.009457755359394703,0.0025220680958385876,6.168189512729291,0.0,10.0,0.044444444444444446,0.18666666666666668,0.0,0.0,4.0,4.0,0.0,10.0,5.0,0.022222222222222223,9.0,4.0,54.0,0.034047919293820936,0.0006305170239596469,0.3080357142857143,0.19730941704035873,0.5822222222222222,0.0,0.0,0.0,18.0,0.4177777777777778,94.0,0.0044444444444444444,225.0
-0.118682,364.0,1.126011,952.0,-43.200102,134.85714285714286,19.285714285714285,1.2857142857142858,5.896296296296296,956.0,0.0,0.0,0.011506276150627616,0.0,6.572082519366257,0.0,5.0,0.037037037037037035,0.6222222222222222,0.0,0.0,0.0,0.0,0.0,5.0,2.0,0.014814814814814815,4.0,3.0,20.0,0.02092050209205021,0.0,0.029850746268656716,0.0,0.2222222222222222,0.0,0.0,0.0,7.0,0.7777777777777778,105.0,0.0,135.0
-0.283359,501.0,1.327581,1442.0,-141.962733,179.25,23.125,1.3805970149253732,6.556756756756757,1450.0,0.0,0.002758620689655172,0.015862068965517243,0.0,6.813700920337031,0.0,4.0,0.021621621621621623,0.6,0.0,0.0,3.0,0.0,0.0,7.0,0.0,0.0,8.0,3.0,40.0,0.027586206896551724,0.0,0.125,0.060109289617486336,0.27567567567567564,0.0,0.0,0.0,8.0,0.7243243243243244,134.0,0.0,185.0
-0.1561415,0.0,1.1689919999999998,2142.0,-77.5851265,78.85185185185185,12.962962962962964,2.536231884057971,4.774285714285714,2169.0,0.0,0.004149377593360996,0.009681881051175657,0.003227293683725219,6.50702603017858,0.0,0.0,0.0,0.2,0.0,0.0,7.0,12.0,0.0,19.0,0.0,0.0,27.0,12.0,124.0,0.05716920239741816,0.0013831258644536654,0.2693409742120344,0.14367816091954022,0.6057142857142856,13.0,0.037142857142857144,0.0,27.0,0.3942857142857143,138.0,0.002857142857142857,350.0
-0.143883,391.0,1.154749,1853.0,-56.258129,131.28571428571428,22.428571428571427,1.8470588235294119,4.710191082802548,1863.0,0.0,0.0021470746108427268,0.00966183574879227,0.001610305958132045,6.833489386178863,0.0,3.0,0.009554140127388535,0.3885350318471338,0.0,0.0,3.0,3.0,0.0,22.0,0.0,0.0,10.0,6.0,59.0,0.03166935050993022,0.0,0.08945686900958466,0.02564102564102564,0.4585987261146497,4.0,0.012738853503184714,0.0,14.0,0.5414012738853503,170.0,0.0,314.0
-0.240734,61.0,1.272183,297.0,-14.684792,148.0,24.5,1.0,5.0,297.0,0.0,0.0,0.003367003367003367,0.0,5.6147098441152075,0.003367003367003367,0.0,0.0,1.0,0.0,0.0,0.0,0.0,0.0,1.0,0.0,0.0,0.0,1.0,7.0,0.02356902356902357,0.0,0.0,0.0,0.0,2.0,0.04081632653061224,0.003367003367003367,2.0,1.0,49.0,0.0,49.0
-0.1561415,0.0,1.1689919999999998,1960.0,-77.5851265,107.83333333333333,14.444444444444445,2.4299065420560746,6.257692307692308,1973.0,0.0,0.0030410542321338066,0.010643689812468323,0.002534211860111505,6.355697074479424,0.0,4.0,0.015384615384615385,0.18461538461538463,0.0,0.0,5.0,5.0,0.0,11.0,0.0,0.0,13.0,6.0,69.0,0.03497212366953877,0.0005068423720223011,0.29343629343629346,0.15891472868217055,0.5884615384615385,0.0,0.0,0.0,18.0,0.4115384615384615,107.0,0.007692307692307693,260.0
-0.070685,572.0,1.073243,1408.0,-40.431905,92.86666666666666,12.8,1.6134453781512605,6.067708333333333,1419.0,0.0,0.0007047216349541931,0.009866102889358703,0.0028188865398167725,6.566650165734848,0.0007047216349541931,2.0,0.010416666666666666,0.453125,0.0,0.0,4.0,0.0,0.0,7.0,2.0,0.010416666666666666,11.0,5.0,44.0,0.031007751937984496,0.0,0.15706806282722513,0.05789473684210526,0.38020833333333337,0.0,0.0,0.0,15.0,0.6197916666666666,119.0,0.015625,192.0
-0.186341,615.0,1.204833,1749.0,-114.599598,133.53846153846155,17.76923076923077,1.6985294117647058,6.367965367965368,1757.0,0.0,0.0028457598178713715,0.013659647125782584,0.0022766078542970974,6.680067347119784,0.0,4.0,0.017316017316017316,0.44155844155844154,0.0,0.0,4.0,0.0,0.0,10.0,0.0,0.0,8.0,3.0,45.0,0.025611838360842343,0.0,0.19130434782608696,0.08733624454148471,0.4112554112554112,0.0,0.0,0.0,13.0,0.5887445887445888,136.0,0.004329004329004329,231.0
-0.1561415,0.0,1.1689919999999998,1798.0,-77.5851265,111.625,20.0,2.711864406779661,4.428125,1813.0,0.0,0.0027578599007170436,0.009928295642581356,0.006618863761720904,6.188246255701818,0.0,8.0,0.025,0.196875,0.0,0.0,4.0,0.0,0.0,28.0,0.0,0.0,15.0,7.0,55.0,0.03033645890788748,0.0,0.2946708463949843,0.17295597484276728,0.63125,2.0,0.00625,0.0,16.0,0.36875,118.0,0.0,320.0
-0.162735,377.0,1.176725,1615.0,-61.351051,93.82352941176471,16.470588235294116,2.014388489208633,4.603571428571429,1623.0,0.0,0.0018484288354898336,0.01170671595810228,0.0018484288354898336,6.537775571916274,0.0,1.0,0.0035714285714285713,0.32142857142857145,1.0,0.0035714285714285713,3.0,0.0,0.0,24.0,1.0,0.0035714285714285713,8.0,5.0,47.0,0.02895871842267406,0.0,0.11469534050179211,0.02158273381294964,0.5035714285714286,1.0,0.0035714285714285713,0.0,17.0,0.49642857142857144,139.0,0.007142857142857143,280.0
-0.259158,327.0,1.295839,1585.0,-84.744826,175.22222222222223,26.77777777777778,1.2110552763819096,5.45643153526971,1587.0,0.0,0.0,0.004410838059231254,0.0,7.453684811332043,0.000630119722747322,7.0,0.029045643153526972,0.7427385892116183,1.0,0.004149377593360996,0.0,0.0,0.0,9.0,1.0,0.004149377593360996,2.0,2.0,30.0,0.01890359168241966,0.0,0.008333333333333333,0.0,0.17427385892116187,1.0,0.004149377593360996,0.000630119722747322,9.0,0.8257261410788381,199.0,0.0,241.0
-0.1561415,0.0,1.1689919999999998,1650.0,-77.5851265,116.64285714285714,16.5,2.566666666666667,5.9480519480519485,1658.0,0.0,0.0,0.014475271411338963,0.0,6.062911104112198,0.0,6.0,0.025974025974025976,0.1774891774891775,0.0,0.0,0.0,0.0,0.0,13.0,0.0,0.0,8.0,5.0,42.0,0.025331724969843185,0.0,0.3826086956521739,0.2794759825327511,0.6103896103896104,0.0,0.0,0.0,14.0,0.38961038961038963,90.0,0.0,231.0
-0.131912,569.0,1.141008,1407.0,-75.058058,99.57142857142857,13.928571428571429,1.4885496183206106,6.015384615384615,1416.0,0.0,0.0035310734463276836,0.012711864406779662,0.002824858757062147,6.737848903382253,0.0,4.0,0.020512820512820513,0.517948717948718,0.0,0.0,4.0,0.0,0.0,8.0,1.0,0.005128205128205128,9.0,4.0,37.0,0.026129943502824857,0.0,0.10309278350515463,0.04145077720207254,0.32820512820512826,0.0,0.0,0.0,14.0,0.6717948717948717,131.0,0.0,195.0
-0.199595,212.0,1.220909,611.0,-42.314201,152.0,19.75,1.2153846153846153,6.531645569620253,611.0,0.0,0.0,0.01800327332242226,0.0,5.9206837544240605,0.0,2.0,0.02531645569620253,0.6835443037974683,0.0,0.0,0.0,0.0,0.0,3.0,0.0,0.0,0.0,1.0,17.0,0.027823240589198037,0.0,0.05128205128205128,0.012987012987012988,0.17721518987341767,0.0,0.0,0.0,4.0,0.8227848101265823,65.0,0.012658227848101266,79.0
-0.1561415,0.0,1.1689919999999998,1433.0,-77.5851265,78.72222222222223,13.5,2.076923076923077,4.604938271604938,1443.0,0.0,0.005544005544005544,0.011088011088011088,0.004851004851004851,6.294369129846915,0.0,0.0,0.0,0.32510288065843623,2.0,0.00823045267489712,7.0,7.0,0.0,13.0,1.0,0.00411522633744856,10.0,3.0,76.0,0.05266805266805267,0.0,0.23140495867768596,0.15352697095435686,0.5185185185185186,12.0,0.04938271604938271,0.0,18.0,0.48148148148148145,117.0,0.0,243.0
-0.103858,399.0,1.109443,1692.0,-41.439343,92.88888888888889,15.666666666666666,1.7300613496932515,4.826241134751773,1704.0,0.0,0.004107981220657277,0.009976525821596244,0.01056338028169014,6.953658710086751,0.0,3.0,0.010638297872340425,0.3971631205673759,4.0,0.014184397163120567,6.0,0.0,0.0,11.0,1.0,0.0035460992907801418,12.0,7.0,49.0,0.028755868544600938,0.0,0.10676156583629894,0.05,0.4219858156028369,5.0,0.01773049645390071,0.0,18.0,0.5780141843971631,163.0,0.0,282.0
-0.157069,390.0,1.170076,1740.0,-61.256801,101.23529411764706,14.470588235294118,1.248730964467005,5.788617886178862,1754.0,0.0,0.003990877993158495,0.007411630558722919,0.006271379703534778,7.481603619220321,0.0,2.0,0.008130081300813009,0.6585365853658537,3.0,0.012195121951219513,6.0,6.0,0.0,6.0,1.0,0.0040650406504065045,14.0,8.0,66.0,0.037628278221208664,0.0,0.004081632653061225,0.0,0.19918699186991873,2.0,0.008130081300813009,0.0005701254275940707,17.0,0.8008130081300813,197.0,0.0,246.0
-0.1561415,0.0,1.1689919999999998,1488.0,-77.5851265,77.42105263157895,11.105263157894736,2.1313131313131315,5.710900473933649,1497.0,0.0,0.004676018704074816,0.014028056112224449,0.004008016032064128,6.149761940873789,0.0,1.0,0.004739336492890996,0.2796208530805687,0.0,0.0,6.0,6.0,0.0,12.0,0.0,0.0,9.0,3.0,71.0,0.047428189712758854,0.0,0.23809523809523808,0.1339712918660287,0.5308056872037914,1.0,0.004739336492890996,0.0,19.0,0.46919431279620855,99.0,0.0,211.0
-0.146036,512.0,1.157238,1234.0,-74.770406,81.2,12.2,1.4409448818897639,5.4863387978142075,1244.0,0.0,0.0008038585209003215,0.012057877813504822,0.012861736334405145,6.715947330859776,0.0,1.0,0.00546448087431694,0.5519125683060109,0.0,0.0,4.0,0.0,0.0,7.0,1.0,0.00546448087431694,10.0,6.0,38.0,0.03054662379421222,0.0,0.08791208791208792,0.027624309392265192,0.30601092896174864,0.0,0.0,0.0,15.0,0.6939890710382514,127.0,0.0,183.0
-0.253614,801.0,1.288674,2153.0,-203.14447,112.3157894736842,14.578947368421053,1.521978021978022,6.516245487364621,2167.0,0.0,0.0009229349330872173,0.021227503461006,0.0036917397323488694,7.183637756757546,0.0,3.0,0.010830324909747292,0.5054151624548736,0.0,0.0,8.0,0.0,0.0,8.0,0.0,0.0,14.0,4.0,69.0,0.031841255191509,0.0,0.10507246376811594,0.03636363636363636,0.34296028880866425,0.0,0.0,0.0,19.0,0.6570397111913358,182.0,0.0,277.0
-0.1561415,0.0,1.1689919999999998,3603.0,-77.5851265,93.86842105263158,14.236842105263158,2.470319634703196,5.4288354898336415,3616.0,0.0,0.0030420353982300885,0.009679203539823008,0.0030420353982300885,7.076454842700695,0.0,1.0,0.0018484288354898336,0.24584103512014788,9.0,0.0166358595194085,10.0,10.0,0.0,24.0,3.0,0.005545286506469501,13.0,3.0,136.0,0.03761061946902655,0.0,0.2111111111111111,0.07977736549165121,0.5951940850277264,0.0,0.0,0.0,38.0,0.4048059149722736,219.0,0.0,541.0
-0.113685,576.0,1.120399,2843.0,-65.482665,100.32142857142857,15.678571428571429,1.9864253393665159,5.323462414578588,2863.0,0.0,0.0038421236465246244,0.006636395389451624,0.0038421236465246244,7.112383265674981,0.0,4.0,0.009111617312072893,0.36446469248291574,8.0,0.018223234624145785,10.0,0.0,0.0,19.0,1.0,0.002277904328018223,20.0,11.0,62.0,0.021655606007684246,0.0,0.091324200913242,0.020594965675057208,0.4965831435079726,0.0,0.0,0.0,28.0,0.5034168564920274,221.0,0.0,439.0
-0.335211,2503.0,1.398235,13230.0,-839.032529,695.1578947368421,81.36842105263158,1.0713790713790714,7.452781371280724,13247.0,0.0,0.0005284215294028837,0.0028685740167585113,0.0006039103193175813,10.415663484670816,7.548878991469766e-05,6.0,0.0038809831824062097,0.8945666235446313,4.0,0.00258732212160414,6.0,2.0,1.0,15.0,2.0,0.00129366106080207,18.0,9.0,159.0,0.012002717596436929,0.0,0.011003236245954692,0.0038860103626943004,0.0666235446313066,1.0,0.000646830530401035,7.548878991469766e-05,19.0,0.9333764553686934,1443.0,0.00258732212160414,1546.0
-0.1561415,0.0,1.1689919999999998,1940.0,-77.5851265,83.47826086956522,11.347826086956522,1.9477611940298507,6.038314176245211,1960.0,0.0,0.006122448979591836,0.011224489795918367,0.004591836734693878,6.716865709768694,0.0,5.0,0.019157088122605363,0.3103448275862069,0.0,0.0,9.0,9.0,0.0,10.0,2.0,0.007662835249042145,20.0,8.0,97.0,0.049489795918367344,0.0,0.21153846153846154,0.12355212355212356,0.48659003831417624,0.0,0.0,0.0,23.0,0.5134099616858238,134.0,0.0,261.0
-0.162991,667.0,1.177027,1634.0,-108.715237,107.8,14.133333333333333,1.3503184713375795,6.504716981132075,1646.0,0.0,0.00425273390036452,0.009720534629404616,0.0036452004860267314,7.093743699969452,0.0,2.0,0.009433962264150943,0.5849056603773585,0.0,0.0,6.0,0.0,0.0,7.0,0.0,0.0,12.0,7.0,38.0,0.023086269744835967,0.0,0.05687203791469194,0.014285714285714285,0.25943396226415094,0.0,0.0,0.0,15.0,0.7405660377358491,157.0,0.0,212.0
-0.189733,752.0,1.208926,2153.0,-142.678883,164.6153846153846,22.076923076923077,2.2248062015503876,6.2787456445993035,2164.0,0.0,0.0023105360443622922,0.018946395563770795,0.0018484288354898336,6.579495148832204,0.0,3.0,0.010452961672473868,0.23693379790940766,0.0,0.0,4.0,0.0,0.0,16.0,0.0,0.0,11.0,5.0,61.0,0.028188539741219962,0.0,0.28321678321678323,0.17192982456140352,0.5505226480836236,0.0,0.0,0.0,13.0,0.44947735191637633,129.0,0.0,287.0
-0.1561415,0.0,1.1689919999999998,2358.0,-77.5851265,106.54545454545455,15.590909090909092,2.130434782608696,5.606413994169096,2372.0,0.0,0.0037942664418212477,0.006745362563237774,0.002951096121416526,6.830869948991549,0.0,0.0,0.0,0.2915451895043732,5.0,0.014577259475218658,11.0,7.0,0.0,17.0,2.0,0.0058309037900874635,14.0,3.0,86.0,0.03625632377740304,0.0,0.14912280701754385,0.05571847507331378,0.5306122448979591,0.0,0.0,0.0,22.0,0.46938775510204084,161.0,0.0,343.0
-0.126954,595.0,1.135364,2912.0,-75.537447,95.86666666666666,14.466666666666667,1.786008230452675,5.529953917050691,2932.0,0.0,0.003751705320600273,0.007503410641200546,0.003751705320600273,7.362094486115662,0.0,0.0,0.0,0.4147465437788018,10.0,0.02304147465437788,10.0,0.0,0.0,22.0,4.0,0.009216589861751152,20.0,11.0,75.0,0.02557980900409277,0.0,0.08545034642032333,0.009259259259259259,0.44009216589861755,0.0,0.0,0.0,30.0,0.5599078341013825,243.0,0.0,434.0
-0.342874,2550.0,1.408991,12372.0,-874.328202,474.88461538461536,45.19230769230769,1.0491071428571428,9.473191489361701,12387.0,0.0,0.0007265681763138775,0.0009687575684185032,0.0007265681763138775,10.08522328618457,0.0,1.0,0.000851063829787234,0.9225531914893617,4.0,0.003404255319148936,8.0,0.0,0.0,7.0,1.0,0.000851063829787234,15.0,7.0,62.0,0.005005247436828933,0.0,0.002555366269165247,0.0,0.04680851063829783,1.0,0.000851063829787234,8.07297973682086e-05,26.0,0.9531914893617022,1120.0,0.002553191489361702,1175.0
-0.1561415,0.0,1.1689919999999998,1383.0,-77.5851265,97.78571428571429,13.285714285714286,1.7222222222222223,6.118279569892473,1394.0,0.0,0.003586800573888092,0.012195121951219513,0.0028694404591104736,6.43277329509103,0.0,6.0,0.03225806451612903,0.3763440860215054,0.0,0.0,4.0,4.0,0.0,8.0,1.0,0.005376344086021506,11.0,5.0,56.0,0.040172166427546625,0.0,0.11891891891891893,0.03260869565217391,0.4193548387096774,0.0,0.0,0.0,14.0,0.5806451612903226,108.0,0.0,186.0
-0.127706,697.0,1.136219,1673.0,-89.011156,75.18181818181819,10.772727272727273,1.6573426573426573,5.827004219409282,1680.0,0.0,0.004166666666666667,0.015476190476190477,0.0035714285714285713,6.7852145065311005,0.0,1.0,0.004219409282700422,0.4388185654008439,0.0,0.0,6.0,0.0,0.0,10.0,3.0,0.012658227848101266,7.0,2.0,55.0,0.03273809523809524,0.0,0.2033898305084746,0.12340425531914893,0.3966244725738397,0.0,0.0,0.0,22.0,0.6033755274261603,143.0,0.0,237.0
-0.185628,734.0,1.203974,2027.0,-136.251027,125.5625,17.9375,1.9523809523809523,5.7595818815331015,2041.0,0.0,0.0034296913277804997,0.014208721215090642,0.0034296913277804997,6.686377555245728,0.0,2.0,0.006968641114982578,0.3519163763066202,0.0,0.0,5.0,5.0,0.0,11.0,3.0,0.010452961672473868,14.0,8.0,82.0,0.04017638412542871,0.0,0.2062937062937063,0.10175438596491228,0.4878048780487805,0.0,0.0,0.0,16.0,0.5121951219512195,147.0,0.0,287.0
-0.1561415,0.0,1.1689919999999998,2841.0,-77.5851265,76.27027027027027,12.243243243243244,2.209756097560976,4.8322295805739515,2896.0,0.0,0.003798342541436464,0.007941988950276244,0.003107734806629834,6.926963807447998,0.0003453038674033149,0.0,0.0,0.3068432671081678,1.0,0.002207505518763797,7.0,14.0,6.0,18.0,0.0,0.0,55.0,26.0,171.0,0.05904696132596685,0.0006906077348066298,0.1504424778761062,0.04434589800443459,0.5474613686534217,24.0,0.052980132450331126,0.0,37.0,0.45253863134657835,205.0,0.002207505518763797,453.0
-0.117169,477.0,1.124309,2322.0,-55.889601,109.42857142857143,17.38095238095238,1.7980295566502462,5.117808219178082,2336.0,0.0,0.0029965753424657533,0.009417808219178082,0.0025684931506849314,7.1379291890280845,0.0,0.0,0.0,0.4,0.0,0.0,6.0,6.0,0.0,17.0,0.0,0.0,14.0,8.0,87.0,0.03724315068493151,0.0,0.08791208791208792,0.02203856749311295,0.4438356164383561,6.0,0.01643835616438356,0.0,21.0,0.5561643835616439,203.0,0.005479452054794521,365.0
-0.261842,3072.0,1.299321,12379.0,-804.37861,951.0769230769231,60.92307692307692,1.036649214659686,14.565656565656566,12387.0,0.0,8.07297973682086e-05,0.0003229191894728344,0.0004843787842092516,9.553264874490608,8.07297973682086e-05,0.0,0.0,0.9356060606060606,0.0,0.0,4.0,4.0,0.0,4.0,0.0,0.0,8.0,5.0,43.0,0.00347138128683297,0.0,0.0025284450063211127,0.0012658227848101266,0.03535353535353536,2.0,0.0025252525252525255,8.07297973682086e-05,13.0,0.9646464646464646,764.0,0.003787878787878788,792.0
-0.1561415,0.0,1.1689919999999998,1745.0,-77.5851265,96.05555555555556,13.38888888888889,2.41,5.929460580912863,1760.0,0.0,0.005113636363636364,0.010227272727272727,0.002840909090909091,5.987285678853198,0.0,4.0,0.016597510373443983,0.2572614107883817,0.0,0.0,7.0,5.0,0.0,17.0,1.0,0.004149377593360996,15.0,6.0,69.0,0.03920454545454546,0.0,0.37083333333333335,0.24267782426778242,0.5850622406639003,0.0,0.0,0.0,18.0,0.4149377593360996,100.0,0.0,241.0
-0.183486,785.0,1.201398,1984.0,-144.0365,78.36,11.12,1.4631578947368422,5.924460431654676,1995.0,0.0,0.005012531328320802,0.010025062656641603,0.005513784461152882,7.2513639800899865,0.0,5.0,0.017985611510791366,0.5287769784172662,0.0,0.0,10.0,0.0,0.0,11.0,2.0,0.007194244604316547,11.0,2.0,59.0,0.02957393483709273,0.0,0.07581227436823104,0.028985507246376812,0.3165467625899281,0.0,0.0,0.0,25.0,0.6834532374100719,190.0,0.0,278.0
-0.21911,710.0,1.244968,2038.0,-155.567941,91.72727272727273,12.318181818181818,1.7151898734177216,6.2988929889298895,2048.0,0.0,0.00390625,0.01318359375,0.00341796875,6.828211820399957,0.0,3.0,0.01107011070110701,0.42066420664206644,0.0,0.0,7.0,0.0,0.0,15.0,0.0,0.0,10.0,3.0,59.0,0.02880859375,0.0,0.2222222222222222,0.15985130111524162,0.41697416974169743,0.0,0.0,0.0,22.0,0.5830258302583026,158.0,0.0,271.0
-0.1561415,0.0,1.1689919999999998,3919.0,-77.5851265,112.22857142857143,17.97142857142857,3.0095693779904304,4.90779014308426,3988.0,1.0,0.0007522567703109327,0.006770310932798395,0.0017552657973921766,6.966708674128676,0.0,0.0,0.0,0.15580286168521462,1.0,0.001589825119236884,6.0,9.0,14.0,25.0,1.0,0.001589825119236884,69.0,27.0,171.0,0.04287863590772317,0.0,0.3057324840764331,0.18022328548644337,0.6677265500794913,42.0,0.06677265500794913,0.0,35.0,0.3322734499205087,209.0,0.001589825119236884,629.0
-0.136228,371.0,1.145943,1700.0,-50.540463,79.9047619047619,12.714285714285714,1.5614035087719298,5.074906367041199,1714.0,0.0,0.004084014002333722,0.009918319719953326,0.003500583430571762,7.053422934374477,0.0,0.0,0.0,0.4794007490636704,2.0,0.00749063670411985,6.0,6.0,0.0,14.0,0.0,0.0,14.0,8.0,76.0,0.044340723453908985,0.0,0.06015037593984962,0.007547169811320755,0.3595505617977528,11.0,0.04119850187265917,0.0,21.0,0.6404494382022472,171.0,0.018726591760299626,267.0
-0.296314,3072.0,1.344892,14265.0,-910.276127,445.46875,42.625,1.1491154170176916,8.838709677419354,14270.0,0.0,0.0034337771548703573,0.0008409250175192712,0.006236860546601261,10.023691753975545,0.0001401541695865452,0.0,0.0,0.8233137829912024,3.0,0.0021994134897360706,4.0,4.0,0.0,17.0,2.0,0.001466275659824047,46.0,4.0,357.0,0.02501751927119832,0.0,0.06676449009537784,0.046255506607929514,0.12976539589442815,4.0,0.002932551319648094,0.002803083391730904,32.0,0.8702346041055719,1187.0,0.0021994134897360706,1364.0
-0.1561415,0.0,1.1689919999999998,1741.0,-77.5851265,58.827586206896555,7.758620689655173,2.295918367346939,6.208888888888889,1765.0,0.0,0.0056657223796034,0.00793201133144476,0.0028328611898017,6.206239701029197,0.0,6.0,0.02666666666666667,0.2088888888888889,0.0,0.0,19.0,5.0,0.0,11.0,3.0,0.013333333333333334,24.0,4.0,89.0,0.05042492917847025,0.0005665722379603399,0.29910714285714285,0.14798206278026907,0.5644444444444445,0.0,0.0,0.0,29.0,0.43555555555555553,98.0,0.0,225.0
-0.141686,870.0,1.152214,2131.0,-123.26657,81.03846153846153,10.923076923076923,1.6608187134502923,6.309859154929577,2144.0,0.0,0.005130597014925373,0.00792910447761194,0.005130597014925373,6.982823382755349,0.0,12.0,0.04225352112676056,0.44014084507042256,0.0,0.0,10.0,0.0,0.0,12.0,0.0,0.0,13.0,3.0,54.0,0.025186567164179104,0.0,0.13780918727915195,0.04609929078014184,0.397887323943662,0.0,0.0,0.0,26.0,0.602112676056338,171.0,0.0,284.0
-0.176009,1145.0,1.192449,3194.0,-201.530616,93.05882352941177,12.294117647058824,2.4444444444444446,6.366028708133971,3207.0,0.0,0.0034299968818210166,0.00966635484876832,0.004053632678515747,6.453440367462513,0.0,2.0,0.004784688995215311,0.2751196172248804,0.0,0.0,8.0,10.0,0.0,47.0,2.0,0.004784688995215311,13.0,3.0,116.0,0.03617087620829436,0.0,0.36211031175059955,0.25961538461538464,0.5909090909090908,0.0,0.0,0.0,34.0,0.4090909090909091,171.0,0.0,418.0
-0.1561415,0.0,1.1689919999999998,2849.0,-77.5851265,88.125,14.125,2.8074534161490683,5.053097345132743,2868.0,0.0,0.004532775453277545,0.006276150627615063,0.0038354253835425384,6.728134224773728,0.0,0.0,0.0,0.1570796460176991,13.0,0.028761061946902654,11.0,11.0,0.0,21.0,8.0,0.017699115044247787,19.0,6.0,123.0,0.04288702928870293,0.0,0.2638580931263858,0.1511111111111111,0.6438053097345133,0.0,0.0,0.0,32.0,0.3561946902654867,161.0,0.0,452.0
-0.118481,327.0,1.125785,1651.0,-38.743191,109.0,16.733333333333334,1.5987261146496816,5.442231075697211,1661.0,0.0,0.0030102347983142685,0.006020469596628537,0.002408187838651415,6.884050050911186,0.0,0.0,0.0,0.4701195219123506,3.0,0.01195219123505976,4.0,0.0,0.0,12.0,2.0,0.00796812749003984,10.0,6.0,36.0,0.021673690547862733,0.0,0.064,0.008032128514056224,0.3745019920318725,2.0,0.00796812749003984,0.0,15.0,0.6254980079681275,157.0,0.0,251.0
-0.315698,3072.0,1.371216,14339.0,-969.824678,386.81081081081084,38.189189189189186,1.1178797468354431,9.083510261854212,14351.0,0.0,0.0006968155529231412,0.0007664971082154554,0.001742038882307853,10.216715660899792,0.0,4.0,0.0028308563340410475,0.8131634819532909,4.0,0.0028308563340410475,6.0,6.0,0.0,13.0,5.0,0.003538570417551309,12.0,7.0,108.0,0.007525607971569925,0.0,0.007790368271954674,0.001417434443656981,0.10544939844302903,1.0,0.0007077140835102619,6.968155529231412e-05,37.0,0.894550601556971,1264.0,0.0028308563340410475,1413.0
-0.1561415,0.0,1.1689919999999998,1954.0,-77.5851265,107.94444444444444,14.38888888888889,2.0555555555555554,6.239382239382239,1968.0,0.0,0.0040650406504065045,0.009654471544715448,0.003048780487804878,6.556011716676935,0.0,3.0,0.011583011583011582,0.2857142857142857,0.0,0.0,10.0,6.0,0.0,12.0,4.0,0.015444015444015444,14.0,4.0,73.0,0.03709349593495935,0.0,0.2248062015503876,0.12840466926070038,0.5135135135135135,0.0,0.0,0.0,18.0,0.4864864864864865,126.0,0.0,259.0
-0.084743,1040.0,1.088437,2423.0,-88.132501,109.27272727272727,16.09090909090909,2.0228571428571427,5.6525423728813555,2437.0,0.0,0.004103405826836274,0.013541239228559704,0.003282724661469019,6.89354935365729,0.0,8.0,0.022598870056497175,0.307909604519774,0.0,0.0,8.0,0.0,0.0,18.0,2.0,0.005649717514124294,14.0,5.0,65.0,0.026672137874435783,0.0,0.21813031161473087,0.10511363636363637,0.5056497175141244,0.0,0.0,0.0,22.0,0.4943502824858757,175.0,0.0,354.0
-0.196516,646.0,1.217155,1657.0,-126.949241,149.63636363636363,21.454545454545453,1.9504132231404958,5.8474576271186445,1666.0,0.0,0.0,0.016206482593037214,0.0,6.538272352940855,0.0,2.0,0.00847457627118644,0.2966101694915254,0.0,0.0,0.0,0.0,0.0,9.0,0.0,0.0,9.0,5.0,38.0,0.022809123649459785,0.0,0.2425531914893617,0.1623931623931624,0.4872881355932204,0.0,0.0,0.0,11.0,0.5127118644067796,121.0,0.0,236.0
-0.1561415,0.0,1.1689919999999998,2165.0,-77.5851265,97.27272727272727,17.09090909090909,2.3647798742138364,4.545212765957447,2179.0,0.0,0.0032124827902707664,0.009637448370812299,0.0027535566773749425,6.692462619738321,0.0,0.0,0.0,0.24202127659574468,11.0,0.02925531914893617,6.0,6.0,0.0,26.0,5.0,0.013297872340425532,14.0,8.0,82.0,0.03763194125745755,0.0,0.20266666666666666,0.06417112299465241,0.5771276595744681,0.0,0.0,0.0,22.0,0.4228723404255319,159.0,0.0,376.0
-0.150163,303.0,1.162024,1390.0,-45.499381,138.1,24.2,1.875968992248062,4.595041322314049,1396.0,0.0,0.002148997134670487,0.008595988538681949,0.009312320916905445,6.494545642580331,0.0,0.0,0.0,0.3677685950413223,6.0,0.024793388429752067,2.0,0.0,0.0,22.0,0.0,0.0,6.0,4.0,38.0,0.027220630372492838,0.0,0.11203319502074689,0.016666666666666666,0.4669421487603306,1.0,0.004132231404958678,0.0,10.0,0.5330578512396694,129.0,0.0,242.0
-0.319711,3072.0,1.376729,14620.0,-982.151435,1217.5,151.75,1.0737028301886793,7.0054914881933,14626.0,0.0,0.00013674278681799536,0.0004785997538629837,0.0010939422945439629,10.673483220717529,6.837139340899768e-05,5.0,0.0027457440966501922,0.8813838550247117,4.0,0.002196595277320154,2.0,0.0,0.0,7.0,1.0,0.0005491488193300384,6.0,4.0,46.0,0.003145084096813893,0.0,0.005494505494505495,0.0010995052226498076,0.06864360241625478,2.0,0.001098297638660077,6.837139340899768e-05,12.0,0.9313563975837452,1696.0,0.004393190554640308,1821.0
-0.1561415,0.0,1.1689919999999998,1587.0,-77.5851265,87.27777777777777,12.555555555555555,2.4301075268817205,5.734513274336283,1595.0,0.0,0.003761755485893417,0.011912225705329153,0.00438871473354232,6.052882289030021,0.0,2.0,0.008849557522123894,0.2168141592920354,0.0,0.0,5.0,5.0,0.0,13.0,2.0,0.008849557522123894,8.0,3.0,64.0,0.04012539184952978,0.0,0.38222222222222224,0.2857142857142857,0.588495575221239,0.0,0.0,0.0,18.0,0.41150442477876104,93.0,0.0,226.0
-0.09991,786.0,1.105071,1824.0,-78.528995,100.44444444444444,15.222222222222221,2.044776119402985,5.452554744525547,1832.0,0.0,0.0032751091703056767,0.015829694323144104,0.0027292576419213972,6.615913813695332,0.0,1.0,0.0036496350364963502,0.28832116788321166,0.0,0.0,5.0,0.0,0.0,15.0,4.0,0.014598540145985401,8.0,3.0,55.0,0.030021834061135372,0.0,0.27472527472527475,0.16544117647058823,0.5109489051094891,0.0,0.0,0.0,18.0,0.48905109489051096,134.0,0.0,274.0
-0.278267,265.0,1.320839,734.0,-73.740855,146.0,20.6,1.2875,5.961165048543689,734.0,0.0,0.0,0.017711171662125342,0.0,6.164418609602468,0.0,1.0,0.009708737864077669,0.6407766990291263,0.0,0.0,0.0,0.0,0.0,4.0,1.0,0.009708737864077669,0.0,1.0,18.0,0.02452316076294278,0.0,0.06862745098039216,0.039603960396039604,0.22330097087378642,0.0,0.0,0.0,5.0,0.7766990291262136,80.0,0.0,103.0
-0.1561415,0.0,1.1689919999999998,1691.0,-77.5851265,92.88888888888889,16.22222222222222,1.9863945578231292,4.589041095890411,1704.0,0.0,0.0029342723004694834,0.009389671361502348,0.002347417840375587,6.777585421233749,0.0,0.0,0.0,0.3184931506849315,7.0,0.023972602739726026,4.0,4.0,0.0,13.0,4.0,0.0136986301369863,13.0,6.0,68.0,0.03990610328638498,0.0,0.15120274914089346,0.06551724137931035,0.4965753424657534,4.0,0.0136986301369863,0.0,18.0,0.5034246575342466,147.0,0.0,292.0
-0.192142,175.0,1.211842,851.0,-33.624775,140.83333333333334,23.666666666666668,1.4343434343434343,4.887323943661972,853.0,0.0,0.0,0.010550996483001172,0.0,6.343202577159747,0.0,1.0,0.007042253521126761,0.5492957746478874,3.0,0.02112676056338028,0.0,0.0,0.0,8.0,1.0,0.007042253521126761,2.0,2.0,23.0,0.026963657678780773,0.0,0.03546099290780142,0.0,0.30281690140845074,3.0,0.02112676056338028,0.0,6.0,0.6971830985915493,99.0,0.0,142.0
-0.286617,3072.0,1.331915,15037.0,-880.488672,359.0952380952381,41.976190476190474,1.131578947368421,7.353374929098128,15089.0,0.0,0.0010603751076943468,0.0031811253230830407,0.0021207502153886937,10.478886853257036,0.00013254688846179335,2.0,0.0011344299489506524,0.8230289279636982,2.0,0.0011344299489506524,0.0,0.0,4.0,10.0,1.0,0.0005672149744753262,52.0,11.0,342.0,0.022665517926966663,0.0,0.018161180476730987,0.009085746734809767,0.11627906976744184,2.0,0.0011344299489506524,6.627344423089668e-05,42.0,0.8837209302325582,1558.0,0.0028360748723766306,1763.0
-0.1561415,0.0,1.1689919999999998,1531.0,-77.5851265,89.11764705882354,12.764705882352942,1.8869565217391304,5.755760368663594,1541.0,0.0,0.003893575600259572,0.011680726800778715,0.003244646333549643,6.396186604389736,0.0,4.0,0.018433179723502304,0.3548387096774194,0.0,0.0,5.0,5.0,0.0,10.0,6.0,0.027649769585253458,10.0,4.0,63.0,0.040882543802725504,0.0,0.1574074074074074,0.06511627906976744,0.4700460829493087,0.0,0.0,0.0,17.0,0.5299539170506913,115.0,0.0,217.0
-0.147412,559.0,1.158832,1400.0,-82.403431,115.66666666666667,17.0,1.7894736842105263,5.573529411764706,1408.0,0.0,0.0014204545454545455,0.02130681818181818,0.0,6.464499378921236,0.0,1.0,0.004901960784313725,0.35294117647058826,0.0,0.0,0.0,0.0,0.0,10.0,8.0,0.0392156862745098,8.0,5.0,56.0,0.03977272727272727,0.002130681818181818,0.16748768472906403,0.09405940594059406,0.4411764705882353,0.0,0.0,0.0,12.0,0.5588235294117647,114.0,0.0,204.0
-0.229667,586.0,1.25818,1621.0,-134.58458,114.71428571428571,15.357142857142858,1.6796875,6.330232558139535,1631.0,0.0,0.0006131207847946045,0.0134886572654813,0.002452483139178418,6.676983752673915,0.0,3.0,0.013953488372093023,0.413953488372093,0.0,0.0,4.0,0.0,0.0,7.0,1.0,0.004651162790697674,10.0,4.0,43.0,0.026364193746167996,0.0,0.14018691588785046,0.06572769953051644,0.4046511627906977,0.0,0.0,0.0,14.0,0.5953488372093023,128.0,0.0,215.0
-0.1561415,0.0,1.1689919999999998,2622.0,-77.5851265,96.18518518518519,15.37037037037037,2.195767195767196,5.072289156626506,2640.0,0.0,0.004545454545454545,0.004166666666666667,0.0022727272727272726,7.0186375054669075,0.0,2.0,0.004819277108433735,0.2674698795180723,5.0,0.012048192771084338,10.0,10.0,0.0,17.0,4.0,0.00963855421686747,18.0,6.0,112.0,0.04242424242424243,0.0,0.1280193236714976,0.01694915254237288,0.544578313253012,4.0,0.00963855421686747,0.0,27.0,0.45542168674698796,189.0,0.02891566265060241,415.0
-0.104225,488.0,1.10985,2321.0,-50.861917,104.36363636363636,16.863636363636363,1.962962962962963,5.037735849056604,2335.0,0.0,0.0029978586723768737,0.009421841541755889,0.002569593147751606,6.977110259873211,0.0,1.0,0.0026954177897574125,0.3611859838274933,5.0,0.013477088948787063,6.0,6.0,0.0,16.0,2.0,0.005390835579514825,14.0,8.0,79.0,0.033832976445396144,0.0,0.14594594594594595,0.05420054200542006,0.49056603773584906,2.0,0.005390835579514825,0.0,22.0,0.5094339622641509,189.0,0.03504043126684636,371.0
-0.331487,770.0,1.393038,4007.0,-255.245108,173.30434782608697,19.82608695652174,1.1287128712871286,7.6381578947368425,4020.0,0.0,0.001990049751243781,0.003980099502487562,0.001990049751243781,8.55439501754261,0.0012437810945273632,2.0,0.0043859649122807015,0.8179824561403509,3.0,0.006578947368421052,7.0,0.0,0.0,6.0,4.0,0.008771929824561403,13.0,6.0,66.0,0.016417910447761194,0.0,0.006593406593406593,0.0,0.11403508771929827,0.0,0.0,0.0002487562189054726,23.0,0.8859649122807017,404.0,0.008771929824561403,456.0
-0.1561415,0.0,1.1689919999999998,1514.0,-77.5851265,78.78947368421052,11.421052631578947,2.3085106382978724,5.668202764976958,1523.0,0.0,0.004596191726854892,0.010505581089954037,0.003939592908732764,6.085455424998587,0.0,2.0,0.009216589861751152,0.22119815668202766,0.0,0.0,6.0,6.0,0.0,14.0,7.0,0.03225806451612903,9.0,3.0,66.0,0.04333552199606041,0.0,0.30092592592592593,0.20930232558139536,0.5668202764976958,0.0,0.0,0.0,19.0,0.43317972350230416,94.0,0.03686635944700461,217.0
-0.147494,617.0,1.158927,1594.0,-91.004005,92.88235294117646,13.470588235294118,1.6715328467153285,5.7336244541484715,1603.0,0.0,0.004366812227074236,0.014348097317529632,0.0037429819089207735,6.662076523948561,0.0,3.0,0.013100436681222707,0.44541484716157204,0.0,0.0,6.0,0.0,0.0,9.0,9.0,0.039301310043668124,9.0,3.0,51.0,0.031815346225826574,0.0,0.09649122807017543,0.04405286343612335,0.40174672489082974,1.0,0.004366812227074236,0.0,17.0,0.5982532751091703,137.0,0.048034934497816595,229.0
-0.257013,441.0,1.293062,1114.0,-113.342584,100.45454545454545,14.272727272727273,1.4017857142857142,5.8471337579617835,1122.0,0.0,0.00089126559714795,0.012477718360071301,0.004456327985739751,6.488229927655144,0.0,2.0,0.012738853503184714,0.5796178343949044,0.0,0.0,5.0,0.0,0.0,10.0,1.0,0.006369426751592357,8.0,3.0,33.0,0.029411764705882353,0.0,0.03205128205128205,0.0064516129032258064,0.2866242038216561,0.0,0.0,0.0,11.0,0.7133757961783439,112.0,0.06369426751592357,157.0
-0.1561415,0.0,1.1689919999999998,2531.0,-77.5851265,83.26666666666667,12.433333333333334,2.4539473684210527,5.39142091152815,2560.0,0.0,0.005859375,0.00625,0.002734375,6.645904539337513,0.0,0.0,0.0,0.21983914209115282,7.0,0.01876675603217158,26.0,7.0,0.0,21.0,5.0,0.013404825737265416,29.0,3.0,128.0,0.05,0.0,0.27956989247311825,0.14016172506738545,0.5924932975871313,0.0,0.0,0.0,30.0,0.4075067024128686,152.0,0.0,373.0
-0.115082,572.0,1.121965,2802.0,-65.826684,102.62962962962963,15.851851851851851,1.9906976744186047,5.369158878504673,2818.0,0.0,0.0028388928317956,0.0120652945351313,0.00248403122782115,7.177792209359185,0.0,0.0,0.0,0.3341121495327103,10.0,0.02336448598130841,7.0,0.0,0.0,17.0,1.0,0.002336448598130841,16.0,9.0,75.0,0.026614620298083747,0.0,0.1686182669789227,0.06807511737089202,0.49766355140186913,0.0,0.0,0.0,27.0,0.5023364485981309,215.0,0.0,428.0
-0.248669,569.0,1.282317,2671.0,-141.492501,110.04166666666667,15.375,1.2466216216216217,5.948509485094851,2689.0,0.0,0.0003718854592785422,0.005950167348456675,0.0029750836742283376,7.9965729847046365,0.0,0.0,0.0,0.6991869918699187,5.0,0.013550135501355014,8.0,8.0,0.0,10.0,1.0,0.0027100271002710027,18.0,10.0,93.0,0.034585347712904425,0.0,0.002717391304347826,0.0,0.19783197831978316,2.0,0.005420054200542005,0.0003718854592785422,24.0,0.8021680216802168,296.0,0.0,369.0
-0.1561415,0.0,1.1689919999999998,1853.0,-77.5851265,76.125,10.0,1.889763779527559,6.266666666666667,1874.0,0.0,0.005336179295624333,0.0080042689434365,0.0026680896478121665,6.373113179607364,0.0,19.0,0.07916666666666666,0.3875,0.0,0.0,18.0,5.0,0.0,19.0,0.0,0.0,21.0,3.0,82.0,0.04375667022411953,0.0,0.19246861924686193,0.10504201680672269,0.4708333333333333,0.0,0.0,0.0,24.0,0.5291666666666667,127.0,0.0,240.0
-0.130555,760.0,1.139461,1849.0,-99.221909,114.6875,14.9375,1.614864864864865,6.560669456066946,1859.0,0.0,0.004303388918773534,0.00914470145239376,0.0037654653039268424,6.766987444758671,0.0,3.0,0.012552301255230125,0.4769874476987448,0.0,0.0,7.0,0.0,0.0,15.0,0.0,0.0,10.0,3.0,41.0,0.022054868208714364,0.0,0.1638655462184874,0.08860759493670886,0.38075313807531386,0.0,0.0,0.0,16.0,0.6192468619246861,148.0,0.0,239.0
-0.178193,602.0,1.195056,1567.0,-107.272349,103.66666666666667,14.866666666666667,2.064814814814815,5.829596412556054,1579.0,0.0,0.001266624445851805,0.015199493350221659,0.0037998733375554147,6.299826288352084,0.0,3.0,0.013452914798206279,0.2825112107623318,0.0,0.0,6.0,0.0,0.0,14.0,3.0,0.013452914798206279,12.0,5.0,41.0,0.025965801139962,0.0,0.28378378378378377,0.20361990950226244,0.5156950672645739,0.0,0.0,0.0,15.0,0.484304932735426,108.0,0.0,223.0
-0.1561415,0.0,1.1689919999999998,2221.0,-77.5851265,95.43478260869566,15.826086956521738,2.3184713375796178,4.854395604395604,2237.0,0.0,0.0031291908806437194,0.010281627179257935,0.002682163611980331,6.777939206302032,0.0,0.0,0.0,0.24175824175824176,13.0,0.03571428571428571,6.0,6.0,0.0,15.0,1.0,0.0027472527472527475,16.0,9.0,97.0,0.04336164506034868,0.0,0.22589531680440772,0.1298342541436464,0.5686813186813187,1.0,0.0027472527472527475,0.0,23.0,0.43131868131868134,157.0,0.0,364.0
-0.145426,472.0,1.156533,2142.0,-68.6413,88.04166666666667,14.5,1.766497461928934,4.977011494252873,2154.0,0.0,0.002321262766945218,0.012070566388115135,0.002321262766945218,7.086864104874464,0.0,0.0,0.0,0.4224137931034483,12.0,0.034482758620689655,5.0,0.0,0.0,16.0,6.0,0.017241379310344827,12.0,7.0,65.0,0.030176415970287838,0.0,0.09510086455331412,0.017341040462427744,0.4339080459770115,0.0,0.0,0.0,24.0,0.5660919540229885,197.0,0.0,348.0
-0.356205,3072.0,1.427901,14445.0,-1094.262523,554.5,43.34615384615385,1.0632075471698113,11.714285714285714,14461.0,0.0,0.0005532120876841159,0.0018670907959338911,0.0008989696424866883,9.985465234592308,6.915151096051449e-05,3.0,0.0026619343389529724,0.9050576752440106,4.0,0.00354924578527063,7.0,7.0,0.0,10.0,3.0,0.0026619343389529724,16.0,9.0,117.0,0.008090726782380195,0.0,0.0008880994671403197,0.0,0.05944986690328302,0.0,0.0,6.915151096051449e-05,26.0,0.940550133096717,1060.0,0.0008873114463176575,1127.0
-0.1561415,0.0,1.1689919999999998,1617.0,-77.5851265,114.35714285714286,15.142857142857142,1.7966101694915255,6.334905660377358,1629.0,0.0,0.003683241252302026,0.010435850214855739,0.003069367710251688,6.503781820279327,0.0,3.0,0.014150943396226415,0.3584905660377358,0.0,0.0,5.0,5.0,0.0,9.0,5.0,0.02358490566037736,12.0,7.0,57.0,0.034990791896869246,0.0,0.17061611374407584,0.0761904761904762,0.44339622641509435,0.0,0.0,0.0,14.0,0.5566037735849056,118.0,0.0,212.0
-0.097226,635.0,1.10211,1602.0,-61.738623,122.38461538461539,18.53846153846154,1.9435483870967742,5.481327800829876,1610.0,0.0,0.0037267080745341614,0.012422360248447204,0.003105590062111801,6.515124567658491,0.0,5.0,0.02074688796680498,0.34854771784232363,0.0,0.0,5.0,0.0,0.0,13.0,6.0,0.024896265560165973,8.0,3.0,39.0,0.02422360248447205,0.0,0.26666666666666666,0.19665271966527198,0.48547717842323657,0.0,0.0,0.0,13.0,0.5145228215767634,124.0,0.0,241.0
-0.246117,681.0,1.279049,1941.0,-167.605575,148.46153846153845,19.384615384615383,1.9384615384615385,6.496031746031746,1949.0,0.0,0.0030785017957927143,0.01539250897896357,0.002565418163160595,6.538432911538534,0.0,3.0,0.011904761904761904,0.31746031746031744,0.0,0.0,5.0,0.0,0.0,17.0,1.0,0.003968253968253968,8.0,3.0,52.0,0.02668034889687019,0.0,0.2589641434262948,0.164,0.4841269841269841,0.0,0.0,0.0,13.0,0.5158730158730159,130.0,0.0,252.0
-0.1561415,0.0,1.1689919999999998,2666.0,-77.5851265,101.73076923076923,16.73076923076923,2.3513513513513513,4.889655172413793,2690.0,0.0,0.003345724907063197,0.010037174721189592,0.0022304832713754648,7.003245317540282,0.0003717472118959108,2.0,0.004597701149425287,0.2413793103448276,4.0,0.009195402298850575,9.0,6.0,0.0,17.0,4.0,0.009195402298850575,24.0,10.0,104.0,0.038661710037174724,0.0007434944237918215,0.20046082949308755,0.11085450346420324,0.5747126436781609,24.0,0.05517241379310345,0.0,26.0,0.42528735632183906,185.0,0.0022988505747126436,435.0
-0.156085,302.0,1.168926,1479.0,-47.137802,210.0,33.42857142857143,1.5810810810810811,5.205128205128205,1485.0,0.0,0.0,0.010774410774410775,0.0,6.848708363593386,0.0,0.0,0.0,0.47435897435897434,7.0,0.029914529914529916,0.0,0.0,0.0,14.0,2.0,0.008547008547008548,6.0,4.0,35.0,0.02356902356902357,0.0,0.07725321888412018,0.03879310344827586,0.36752136752136755,0.0,0.0,0.0,7.0,0.6324786324786325,148.0,0.008547008547008548,234.0
-0.363473,3072.0,1.438315,15027.0,-1116.587745,1154.7692307692307,138.07692307692307,1.0652818991097923,7.344846796657381,15033.0,0.0,6.652032195835828e-05,0.0003326016097917914,0.000997804829375374,10.683932862425774,6.652032195835828e-05,3.0,0.001671309192200557,0.8807799442896936,3.0,0.001671309192200557,3.0,3.0,0.0,5.0,2.0,0.0011142061281337048,6.0,4.0,42.0,0.0027938535222510478,0.0,0.002787068004459309,0.0011154489682097045,0.06128133704735372,3.0,0.001671309192200557,6.652032195835828e-05,13.0,0.9387186629526463,1685.0,0.0005571030640668524,1795.0
-0.1561415,0.0,1.1689919999999998,1878.0,-77.5851265,109.52941176470588,14.529411764705882,2.008130081300813,6.327935222672065,1887.0,0.0,0.002649708532061473,0.01483836777954425,0.0021197668256491787,6.473959252263009,0.0,1.0,0.004048582995951417,0.3157894736842105,0.0,0.0,4.0,4.0,0.0,15.0,5.0,0.020242914979757085,9.0,4.0,66.0,0.034976152623211444,0.0,0.2886178861788618,0.2,0.5020242914979758,0.0,0.0,0.0,17.0,0.4979757085020243,123.0,0.0,247.0
-0.112049,874.0,1.118568,2104.0,-97.93122,109.84210526315789,15.368421052631579,1.8364779874213837,6.010273972602739,2113.0,0.0,0.003312825366777094,0.01419782300047326,0.002839564600094652,6.872266845526951,0.0,6.0,0.02054794520547945,0.386986301369863,0.0,0.0,6.0,0.0,0.0,10.0,10.0,0.03424657534246575,9.0,3.0,56.0,0.026502602934216753,0.0,0.24398625429553264,0.16551724137931034,0.45547945205479456,0.0,0.0,0.0,19.0,0.5445205479452054,159.0,0.0,292.0
-0.179301,849.0,1.196381,2218.0,-152.22675,137.9375,19.0,2.1560283687943262,6.029605263157895,2228.0,0.0,0.0008976660682226212,0.01615798922800718,0.004039497307001795,6.594249189736683,0.0,2.0,0.006578947368421052,0.28618421052631576,0.0,0.0,1.0,5.0,0.0,14.0,2.0,0.006578947368421052,10.0,3.0,79.0,0.035457809694793535,0.0,0.32673267326732675,0.24503311258278146,0.5361842105263157,0.0,0.0,0.0,16.0,0.46381578947368424,141.0,0.0,304.0
-0.1561415,0.0,1.1689919999999998,3083.0,-77.5851265,95.46875,14.90625,2.710227272727273,5.211740041928721,3100.0,0.0,0.004193548387096774,0.007741935483870968,0.0035483870967741938,6.702736893377377,0.0,0.0,0.0,0.20964360587002095,5.0,0.010482180293501049,11.0,11.0,0.0,35.0,7.0,0.014675052410901468,17.0,5.0,119.0,0.038387096774193545,0.0,0.32142857142857145,0.18947368421052632,0.6310272536687631,1.0,0.0020964360587002098,0.0,32.0,0.3689727463312369,176.0,0.0,477.0
-0.16599,377.0,1.180562,1810.0,-62.578336,99.38888888888889,15.666666666666666,1.9054054054054055,5.2695035460992905,1824.0,0.0,0.003837719298245614,0.004934210526315789,0.003289473684210526,6.692366045149193,0.0,0.0,0.0,0.3546099290780142,9.0,0.031914893617021274,6.0,0.0,0.0,16.0,1.0,0.0035460992907801418,14.0,8.0,42.0,0.023026315789473683,0.0,0.15658362989323843,0.060714285714285714,0.475177304964539,0.0,0.0,0.0,18.0,0.524822695035461,148.0,0.0,282.0
-0.375848,3072.0,1.456226,15594.0,-1154.606166,537.1034482758621,54.13793103448276,1.0288335517693317,8.870063694267516,15602.0,0.0,0.0001922830406358159,0.0005768491219074477,0.0007691321625432636,10.554208523408972,0.0,2.0,0.0012738853503184713,0.9490445859872612,4.0,0.0025477707006369425,4.0,4.0,0.0,6.0,3.0,0.001910828025477707,8.0,5.0,89.0,0.005704396872195872,0.0,0.0019120458891013384,0.0006377551020408163,0.028025477707006363,3.0,0.001910828025477707,0.00012818869375721061,29.0,0.9719745222929936,1526.0,0.0006369426751592356,1570.0
-0.1561415,0.0,1.1689919999999998,1292.0,-77.5851265,116.63636363636364,15.727272727272727,2.8360655737704916,6.190751445086705,1300.0,0.0,0.004615384615384616,0.007692307692307693,0.0038461538461538464,5.549694394052651,0.0,3.0,0.017341040462427744,0.15606936416184972,0.0,0.0,5.0,5.0,0.0,11.0,0.0,0.0,8.0,3.0,47.0,0.036153846153846154,0.0,0.45930232558139533,0.3391812865497076,0.6473988439306358,0.0,0.0,0.0,11.0,0.35260115606936415,61.0,0.0,173.0
-0.12214,593.0,1.129912,1436.0,-72.428933,203.85714285714286,29.857142857142858,1.9174311926605505,5.722488038277512,1442.0,0.0,0.0,0.015256588072122053,0.0,6.436249831215257,0.0,3.0,0.014354066985645933,0.2966507177033493,0.0,0.0,0.0,0.0,0.0,9.0,7.0,0.03349282296650718,6.0,4.0,29.0,0.02011095700416089,0.0,0.28365384615384615,0.2028985507246377,0.47846889952153115,0.0,0.0,0.0,7.0,0.5215311004784688,109.0,0.0,209.0
-0.247429,602.0,1.280729,1671.0,-148.952341,138.33333333333334,19.583333333333332,1.7537313432835822,5.8808510638297875,1678.0,0.0,0.0023837902264600714,0.021454112038140644,0.0017878426698450535,6.662803200610706,0.0,0.0,0.0,0.4085106382978723,0.0,0.0,3.0,0.0,0.0,10.0,8.0,0.03404255319148936,7.0,4.0,52.0,0.03098927294398093,0.0,0.1623931623931624,0.09871244635193133,0.42978723404255315,0.0,0.0,0.0,12.0,0.5702127659574469,134.0,0.0,235.0
-0.1561415,0.0,1.1689919999999998,2144.0,-77.5851265,101.47619047619048,15.095238095238095,1.9329268292682926,5.504731861198739,2164.0,0.0,0.003234750462107209,0.00831792975970425,0.0036968576709796672,6.815361950828333,0.0,0.0,0.0,0.3501577287066246,1.0,0.0031545741324921135,10.0,5.0,0.0,20.0,2.0,0.006309148264984227,20.0,7.0,86.0,0.03974121996303143,0.0,0.13291139240506328,0.06031746031746032,0.48264984227129337,8.0,0.025236593059936908,0.0004621072088724584,21.0,0.5173501577287066,164.0,0.0,317.0
-0.11307,339.0,1.11971,1675.0,-38.330692,118.64285714285714,18.285714285714285,1.6516129032258065,5.3828125,1683.0,0.0,0.0023767082590612004,0.0106951871657754,0.0017825311942959,6.838330616185679,0.0,1.0,0.00390625,0.4453125,1.0,0.00390625,3.0,0.0,0.0,15.0,0.0,0.0,8.0,5.0,50.0,0.029708853238265002,0.0,0.07450980392156863,0.01968503937007874,0.39453125,3.0,0.01171875,0.0,14.0,0.60546875,155.0,0.01171875,256.0
-0.216885,244.0,1.242202,1111.0,-52.920015,110.0,18.6,1.169811320754717,4.838709677419355,1114.0,0.0,0.0,0.00807899461400359,0.0,7.184458980726111,0.0008976660682226212,2.0,0.010752688172043012,0.7688172043010753,0.0,0.0,0.0,0.0,0.0,5.0,1.0,0.005376344086021506,3.0,2.0,29.0,0.026032315978456014,0.0017953321364452424,0.010810810810810811,0.0,0.14516129032258063,9.0,0.04838709677419355,0.0008976660682226212,10.0,0.8548387096774194,159.0,0.0,186.0
-0.1561415,0.0,1.1689919999999998,2254.0,-77.5851265,69.8125,10.21875,2.165562913907285,5.4984709480122325,2283.0,0.0,0.004818221638195357,0.011826544021024968,0.004380201489268506,6.6979645337548215,0.0004380201489268506,10.0,0.03058103975535168,0.2782874617737003,0.0,0.0,8.0,12.0,0.0,17.0,3.0,0.009174311926605505,29.0,13.0,119.0,0.052124397722295226,0.0008760402978537013,0.26380368098159507,0.18153846153846154,0.5382262996941896,3.0,0.009174311926605505,0.0,32.0,0.4617737003058104,151.0,0.0,327.0
-0.103408,547.0,1.108943,1334.0,-56.563971,77.58823529411765,11.0,1.6120689655172413,5.919786096256685,1342.0,0.0,0.004470938897168405,0.010432190760059613,0.0037257824143070045,6.450436453755327,0.0,11.0,0.058823529411764705,0.47593582887700536,0.0,0.0,5.0,0.0,0.0,11.0,0.0,0.0,8.0,3.0,39.0,0.029061102831594635,0.0,0.14516129032258066,0.07027027027027027,0.3796791443850267,0.0,0.0,0.0,17.0,0.6203208556149733,116.0,0.0,187.0
-0.241009,862.0,1.272532,2298.0,-207.749662,108.33333333333333,15.285714285714286,1.8554913294797688,5.94392523364486,2317.0,0.0,0.003884333189469141,0.013379369874838154,0.0030211480362537764,6.8335349014467495,0.0,15.0,0.04672897196261682,0.37383177570093457,0.0,0.0,7.0,0.0,0.0,15.0,2.0,0.006230529595015576,19.0,10.0,61.0,0.026327147173068624,0.0,0.19375,0.109717868338558,0.4610591900311527,0.0,0.0,0.0,21.0,0.5389408099688473,173.0,0.0,321.0
-0.1561415,0.0,1.1689919999999998,1647.0,-77.5851265,108.8,19.533333333333335,1.9150326797385622,4.450511945392491,1664.0,0.0,0.0018028846153846155,0.009014423076923076,0.0078125,6.7886898455298175,0.0006009615384615385,14.0,0.04778156996587031,0.3412969283276451,0.0,0.0,2.0,0.0,0.0,17.0,2.0,0.006825938566552901,17.0,9.0,64.0,0.038461538461538464,0.0006009615384615385,0.11301369863013698,0.024054982817869417,0.4778156996587031,6.0,0.020477815699658702,0.0,15.0,0.5221843003412969,153.0,0.0,293.0
-0.114762,324.0,1.121606,1438.0,-37.182871,109.38461538461539,18.53846153846154,1.6971830985915493,4.804979253112033,1446.0,0.0,0.0,0.01313969571230982,0.0013831258644536654,6.7165824655376705,0.0013831258644536654,0.0,0.0,0.43568464730290457,0.0,0.0,0.0,0.0,0.0,12.0,2.0,0.008298755186721992,8.0,5.0,49.0,0.0338865836791148,0.0,0.10833333333333334,0.04184100418410042,0.4107883817427386,14.0,0.058091286307053944,0.0,13.0,0.5892116182572614,142.0,0.0,241.0
-0.318274,387.0,1.374753,1762.0,-123.172042,159.54545454545453,23.545454545454547,1.088235294117647,5.644787644787645,1767.0,0.0,0.0005659309564233164,0.003395585738539898,0.0022637238256932655,7.8440094942419085,0.003395585738539898,3.0,0.011583011583011582,0.8494208494208494,2.0,0.007722007722007722,3.0,0.0,0.0,4.0,1.0,0.003861003861003861,5.0,2.0,41.0,0.02320316921335597,0.0,0.003875968992248062,0.0,0.08108108108108103,3.0,0.011583011583011582,0.0005659309564233164,11.0,0.918918918918919,238.0,0.0,259.0
-0.1561415,0.0,1.1689919999999998,1230.0,-77.5851265,101.25,15.416666666666666,1.7619047619047619,5.389189189189189,1238.0,0.0,0.0,0.012116316639741519,0.0024232633279483036,6.32063945056924,0.0008077544426494346,9.0,0.04864864864864865,0.3891891891891892,0.0,0.0,0.0,0.0,0.0,9.0,7.0,0.03783783783783784,8.0,5.0,41.0,0.033117932148626815,0.0008077544426494346,0.15760869565217392,0.07650273224043716,0.43243243243243246,1.0,0.005405405405405406,0.0,12.0,0.5675675675675675,105.0,0.0,185.0
-0.107164,351.0,1.113117,850.0,-37.614544,168.8,23.8,1.4691358024691359,6.008403361344538,854.0,0.0,0.0,0.0117096018735363,0.00234192037470726,6.107014351863789,0.0,7.0,0.058823529411764705,0.4957983193277311,0.0,0.0,0.0,0.0,0.0,6.0,3.0,0.025210084033613446,4.0,3.0,16.0,0.01873536299765808,0.0,0.13559322033898305,0.07692307692307693,0.31932773109243695,0.0,0.0,0.0,5.0,0.680672268907563,81.0,0.0,119.0
-0.100673,3072.0,1.105915,8722.0,-309.268075,110.78205128205128,16.358974358974358,4.64,5.576802507836991,8752.0,0.0,0.0019424131627056673,0.023994515539305303,0.005027422303473492,6.517382982813955,0.0,55.0,0.04310344827586207,0.13322884012539185,0.0,0.0,8.0,0.0,0.0,69.0,69.0,0.054075235109717866,30.0,15.0,321.0,0.036677330895795245,0.00011425959780621572,0.6533333333333333,0.619309262166405,0.7844827586206897,0.0,0.0,0.0,78.0,0.21551724137931033,275.0,0.001567398119122257,1276.0
-0.1561415,0.0,1.1689919999999998,2270.0,-77.5851265,102.36363636363636,18.181818181818183,2.4539877300613497,4.46,2284.0,0.0,0.0017513134851138354,0.013572679509632224,0.003064798598949212,6.651927381134698,0.0,1.0,0.0025,0.2225,0.0,0.0,3.0,3.0,0.0,34.0,0.0,0.0,14.0,7.0,88.0,0.03852889667250438,0.00043782837127845885,0.22055137844611528,0.10301507537688442,0.5925,12.0,0.03,0.0,22.0,0.4075,163.0,0.0,400.0
-0.138712,338.0,1.148793,1646.0,-46.884568,116.42857142857143,19.428571428571427,1.7548387096774194,4.908088235294118,1654.0,0.0,0.0,0.010882708585247884,0.0,6.746098798619113,0.0,0.0,0.0,0.41544117647058826,0.0,0.0,0.0,0.0,0.0,21.0,0.0,0.0,8.0,5.0,38.0,0.022974607013301087,0.0,0.06273062730627306,0.014814814814814815,0.43014705882352944,2.0,0.007352941176470588,0.0,14.0,0.5698529411764706,155.0,0.011029411764705883,272.0
-0.316533,273.0,1.372361,1408.0,-86.413404,233.66666666666666,36.5,1.0841584158415842,5.301369863013699,1410.0,0.0,0.0014184397163120568,0.005673758865248227,0.0,7.593921121361736,0.0028368794326241137,3.0,0.0136986301369863,0.867579908675799,1.0,0.0045662100456621,0.0,0.0,0.0,5.0,0.0,0.0,2.0,2.0,24.0,0.01702127659574468,0.0007092198581560284,0.0,0.0,0.07762557077625576,3.0,0.0136986301369863,0.0007092198581560284,6.0,0.9223744292237442,202.0,0.0,219.0
-0.1561415,0.0,1.1689919999999998,1641.0,-77.5851265,125.23076923076923,17.923076923076923,2.532608695652174,5.8068669527897,1651.0,0.0,0.0024227740763173833,0.013930950938824955,0.0018170805572380376,6.185043806108905,0.0,2.0,0.008583690987124463,0.16738197424892703,0.0,0.0,3.0,3.0,0.0,9.0,3.0,0.012875536480686695,10.0,5.0,52.0,0.031496062992125984,0.0,0.3879310344827586,0.2813852813852814,0.6051502145922747,0.0,0.0,0.0,13.0,0.3948497854077253,92.0,0.0,233.0
-0.104903,434.0,1.110603,1113.0,-45.528013,157.85714285714286,20.714285714285715,1.218487394957983,6.489655172413793,1117.0,0.0,0.0,0.01521933751119069,0.0,6.767671589940332,0.0,3.0,0.020689655172413793,0.7034482758620689,0.0,0.0,0.0,0.0,0.0,4.0,1.0,0.006896551724137931,4.0,3.0,26.0,0.023276633840644583,0.0,0.034722222222222224,0.006993006993006993,0.17931034482758623,0.0,0.0,0.0,7.0,0.8206896551724138,119.0,0.006896551724137931,145.0
-0.159847,998.0,1.173331,2788.0,-159.52723,125.68181818181819,17.227272727272727,2.3836477987421385,6.137203166226913,2805.0,0.0,0.0032085561497326204,0.012477718360071301,0.0021390374331550803,6.804184679292903,0.0,16.0,0.04221635883905013,0.23482849604221637,0.0,0.0,7.0,0.0,0.0,16.0,1.0,0.002638522427440633,17.0,9.0,74.0,0.026381461675579324,0.0,0.34656084656084657,0.259946949602122,0.5804749340369393,0.0,0.0,0.0,22.0,0.41952506596306066,159.0,0.0079155672823219,379.0
-0.1561415,0.0,1.1689919999999998,2122.0,-77.5851265,81.15384615384616,13.5,2.34,4.732193732193732,2150.0,0.0,0.004186046511627907,0.0069767441860465115,0.004186046511627907,6.640156330508853,0.0,0.0,0.0,0.23931623931623933,0.0,0.0,9.0,10.0,0.0,21.0,0.0,0.0,28.0,12.0,112.0,0.052093023255813956,0.0013953488372093023,0.18571428571428572,0.08882521489971347,0.5726495726495726,11.0,0.03133903133903134,0.0,26.0,0.42735042735042733,150.0,0.005698005698005698,351.0
-0.131665,341.0,1.140726,1598.0,-44.897646,105.46666666666667,17.533333333333335,1.6540880503144655,4.885931558935361,1610.0,0.0,0.003105590062111801,0.013043478260869565,0.002484472049689441,6.813102958112985,0.0,0.0,0.0,0.44866920152091255,0.0,0.0,4.0,0.0,0.0,23.0,0.0,0.0,12.0,7.0,46.0,0.02857142857142857,0.0,0.061068702290076333,0.01532567049808429,0.3954372623574145,3.0,0.011406844106463879,0.0,15.0,0.6045627376425855,159.0,0.011406844106463879,263.0
-0.238294,150.0,1.269082,709.0,-35.744055,117.5,19.666666666666668,1.0825688073394495,4.864406779661017,709.0,0.0,0.0,0.007052186177715092,0.0,6.723703324767236,0.0014104372355430183,3.0,0.025423728813559324,0.8559322033898306,1.0,0.00847457627118644,0.0,0.0,0.0,3.0,0.0,0.0,0.0,1.0,19.0,0.02679830747531735,0.0,0.0,0.0,0.07627118644067798,5.0,0.0423728813559322,0.0014104372355430183,6.0,0.923728813559322,109.0,0.0,118.0
-0.1561415,0.0,1.1689919999999998,1937.0,-77.5851265,106.72222222222223,14.333333333333334,1.9694656488549618,6.209302325581396,1952.0,0.0,0.004610655737704918,0.00819672131147541,0.0030737704918032786,6.57792820375834,0.0,9.0,0.03488372093023256,0.32170542635658916,0.0,0.0,7.0,3.0,0.0,10.0,1.0,0.003875968992248062,15.0,6.0,69.0,0.0353483606557377,0.0005122950819672131,0.2178988326848249,0.1015625,0.49224806201550386,0.0,0.0,0.0,18.0,0.5077519379844961,131.0,0.015503875968992248,258.0
-0.126819,557.0,1.135212,1377.0,-70.638401,85.0,12.3125,1.5390625,5.7360406091370555,1389.0,0.0,0.0028797696184305254,0.011519078473722102,0.005039596832253419,6.717807878108227,0.0007199424046076314,3.0,0.015228426395939087,0.4873096446700508,0.0,0.0,3.0,0.0,0.0,7.0,1.0,0.005076142131979695,12.0,6.0,46.0,0.03311735061195104,0.0,0.11224489795918367,0.035897435897435895,0.35025380710659904,0.0,0.0,0.0,16.0,0.649746192893401,128.0,0.04568527918781726,197.0
-0.182156,430.0,1.199801,1168.0,-78.327128,145.125,20.125,1.5940594059405941,6.024844720496894,1175.0,0.0,0.003404255319148936,0.01446808510638298,0.003404255319148936,6.297094070823471,0.0,4.0,0.024844720496894408,0.4409937888198758,0.0,0.0,3.0,0.0,0.0,12.0,2.0,0.012422360248447204,7.0,4.0,35.0,0.029787234042553193,0.0,0.15625,0.09433962264150944,0.3726708074534162,0.0,0.0,0.0,8.0,0.6273291925465838,101.0,0.012422360248447204,161.0
-0.1561415,0.0,1.1689919999999998,1698.0,-77.5851265,130.0,23.153846153846153,2.839622641509434,4.401993355481728,1716.0,0.0,0.002331002331002331,0.009324009324009324,0.016317016317016316,6.150420410611474,0.0,6.0,0.019933554817275746,0.16279069767441862,2.0,0.006644518272425249,3.0,0.0,0.0,26.0,1.0,0.0033222591362126247,18.0,9.0,65.0,0.03787878787878788,0.0,0.32,0.20066889632107024,0.6478405315614618,0.0,0.0,0.0,13.0,0.3521594684385382,106.0,0.0,301.0
-0.078489,243.0,1.081651,1047.0,-19.072731,129.625,22.375,1.79,4.70391061452514,1053.0,0.0,0.0,0.013295346628679962,0.0,6.1275826197014664,0.0,0.0,0.0,0.39664804469273746,0.0,0.0,0.0,0.0,0.0,19.0,1.0,0.00558659217877095,6.0,4.0,25.0,0.023741690408357077,0.0,0.12921348314606743,0.05649717514124294,0.44134078212290506,2.0,0.0111731843575419,0.0,8.0,0.5586592178770949,100.0,0.00558659217877095,179.0
-0.220512,317.0,1.246715,1531.0,-69.902369,217.14285714285714,32.285714285714285,1.2988505747126438,5.65929203539823,1537.0,0.0,0.0,0.006506180871828237,0.0,7.184833940118982,0.0,5.0,0.022123893805309734,0.6637168141592921,2.0,0.008849557522123894,0.0,0.0,0.0,9.0,2.0,0.008849557522123894,6.0,3.0,24.0,0.015614834092387769,0.0,0.013333333333333334,0.0,0.23008849557522126,0.0,0.0,0.0006506180871828237,7.0,0.7699115044247787,174.0,0.0,226.0
-0.1561415,0.0,1.1689919999999998,1374.0,-77.5851265,104.46153846153847,14.461538461538462,2.238095238095238,6.1436170212765955,1382.0,0.0,0.0,0.01085383502170767,0.0,5.972996697616704,0.0,4.0,0.02127659574468085,0.2127659574468085,0.0,0.0,0.0,0.0,0.0,12.0,2.0,0.010638297872340425,8.0,5.0,28.0,0.020260492040520984,0.0,0.33689839572192515,0.20430107526881722,0.5531914893617021,0.0,0.0,0.0,13.0,0.44680851063829785,84.0,0.0,188.0
-0.094847,615.0,1.099491,1539.0,-58.3311,138.63636363636363,19.727272727272727,1.682170542635659,5.894009216589862,1547.0,0.0,0.0,0.013574660633484163,0.0,6.631534513806771,0.0,2.0,0.009216589861751152,0.4147465437788018,0.0,0.0,0.0,0.0,0.0,10.0,2.0,0.009216589861751152,8.0,5.0,38.0,0.02456367162249515,0.0,0.1388888888888889,0.05116279069767442,0.4055299539170507,0.0,0.0,0.0,11.0,0.5944700460829493,129.0,0.004608294930875576,217.0
-0.302404,484.0,1.353107,1345.0,-146.363316,148.22222222222223,20.444444444444443,1.4959349593495934,6.114130434782608,1352.0,0.0,0.0,0.01849112426035503,0.0,6.712515491832999,0.0,0.0,0.0,0.483695652173913,0.0,0.0,0.0,0.0,0.0,5.0,1.0,0.005434782608695652,7.0,4.0,34.0,0.02514792899408284,0.0,0.09836065573770492,0.054945054945054944,0.3315217391304348,0.0,0.0,0.0,9.0,0.6684782608695652,123.0,0.0,184.0
-0.1561415,0.0,1.1689919999999998,1563.0,-77.5851265,81.15789473684211,13.842105263157896,2.5784313725490198,4.67680608365019,1575.0,0.0,0.0038095238095238095,0.012698412698412698,0.0031746031746031746,6.148731550008109,0.0,0.0,0.0,0.19011406844106463,4.0,0.015209125475285171,5.0,5.0,0.0,15.0,0.0,0.0,12.0,7.0,77.0,0.04888888888888889,0.0,0.3320610687022901,0.19923371647509577,0.6121673003802282,7.0,0.026615969581749048,0.0,19.0,0.38783269961977185,102.0,0.0,263.0
-0.104454,348.0,1.110104,1503.0,-36.349823,87.23529411764706,14.294117647058824,1.7608695652173914,4.991769547325103,1517.0,0.0,0.004614370468029005,0.00988793671720501,0.007910349373764008,6.739124731088635,0.0,1.0,0.00411522633744856,0.37448559670781895,1.0,0.00411522633744856,6.0,0.0,0.0,11.0,0.0,0.0,14.0,8.0,47.0,0.03098220171390903,0.0,0.12396694214876033,0.05394190871369295,0.4320987654320988,8.0,0.03292181069958848,0.0,17.0,0.5679012345679012,138.0,0.0,243.0
-0.198338,412.0,1.219374,1938.0,-81.715167,137.35714285714286,19.714285714285715,1.2266666666666666,5.818840579710145,1948.0,0.0,0.002566735112936345,0.003080082135523614,0.004106776180698152,7.661329087338963,0.000513347022587269,3.0,0.010869565217391304,0.7028985507246377,5.0,0.018115942028985508,4.0,4.0,0.0,7.0,1.0,0.0036231884057971015,10.0,6.0,51.0,0.026180698151950718,0.0,0.0,0.0,0.18478260869565222,3.0,0.010869565217391304,0.000513347022587269,14.0,0.8152173913043478,225.0,0.0,276.0
-0.1561415,0.0,1.1689919999999998,1393.0,-77.5851265,81.05882352941177,12.0,1.6721311475409837,5.53921568627451,1401.0,0.0,0.004282655246252677,0.011420413990007138,0.009992862241256246,6.624812816015946,0.0,5.0,0.024509803921568627,0.4068627450980392,0.0,0.0,5.0,5.0,0.0,7.0,0.0,0.0,8.0,3.0,59.0,0.042112776588151324,0.0,0.14285714285714285,0.08415841584158416,0.4019607843137255,0.0,0.0,0.0,17.0,0.5980392156862745,122.0,0.0,204.0
-0.125391,502.0,1.133592,1253.0,-62.9464,138.0,19.88888888888889,1.4672131147540983,5.837988826815643,1259.0,0.0,0.0,0.014297061159650517,0.006354249404289118,6.6882647828848825,0.0,6.0,0.0335195530726257,0.5195530726256983,0.0,0.0,0.0,0.0,0.0,6.0,1.0,0.00558659217877095,6.0,4.0,27.0,0.021445591739475776,0.0,0.0449438202247191,0.005649717514124294,0.3184357541899442,0.0,0.0,0.0,9.0,0.6815642458100558,122.0,0.0,179.0
-0.220298,739.0,1.246449,2020.0,-162.800507,125.25,18.1875,2.0068965517241377,5.759450171821306,2029.0,0.0,0.002957121734844751,0.014785608674223755,0.0024642681123706258,6.63582310920231,0.0,8.0,0.027491408934707903,0.32989690721649484,0.0,0.0,5.0,0.0,0.0,17.0,0.0,0.0,9.0,3.0,52.0,0.025628388368654508,0.0,0.2827586206896552,0.1972318339100346,0.5017182130584192,0.0,0.0,0.0,16.0,0.49828178694158076,145.0,0.0,291.0
-0.1561415,0.0,1.1689919999999998,2594.0,-77.5851265,80.125,12.28125,2.3674698795180724,5.330788804071247,2607.0,0.0,0.004219409282700422,0.008438818565400843,0.004219409282700422,6.747615909925377,0.0,0.0,0.0,0.24173027989821882,10.0,0.02544529262086514,10.0,10.0,0.0,18.0,2.0,0.005089058524173028,13.0,3.0,110.0,0.04219409282700422,0.0,0.2193877551020408,0.08695652173913043,0.5776081424936387,0.0,0.0,0.0,32.0,0.4223918575063613,166.0,0.0,393.0
-0.107605,650.0,1.113608,3044.0,-69.943486,93.9375,15.40625,2.045643153526971,5.0141987829614605,3064.0,0.0,0.0035900783289817234,0.008159268929503917,0.0035900783289817234,7.2361759460432005,0.0,8.0,0.016227180527383367,0.3407707910750507,9.0,0.018255578093306288,10.0,0.0,0.0,23.0,1.0,0.002028397565922921,20.0,11.0,81.0,0.02643603133159269,0.0,0.11382113821138211,0.032586558044806514,0.511156186612576,0.0,0.0,0.0,32.0,0.48884381338742394,241.0,0.0,493.0
-0.134732,163.0,1.14423,819.0,-21.961349,204.0,27.75,1.1808510638297873,6.261261261261262,819.0,0.0,0.0,0.01098901098901099,0.0,6.401159249643771,0.0,0.0,0.0,0.7567567567567568,1.0,0.009009009009009009,0.0,0.0,0.0,7.0,0.0,0.0,0.0,1.0,16.0,0.019536019536019536,0.0,0.00909090909090909,0.0,0.15315315315315314,0.0,0.0,0.001221001221001221,4.0,0.8468468468468469,94.0,0.0,111.0
-0.1561415,0.0,1.1689919999999998,1729.0,-77.5851265,77.68181818181819,10.818181818181818,1.9508196721311475,5.894957983193278,1738.0,0.0,0.004027617951668585,0.009205983889528193,0.0034522439585730723,6.599495481075319,0.0,4.0,0.01680672268907563,0.2815126050420168,0.0,0.0,6.0,6.0,0.0,7.0,1.0,0.004201680672268907,9.0,3.0,87.0,0.05005753739930955,0.0,0.23628691983122363,0.1652542372881356,0.4873949579831933,0.0,0.0,0.0,22.0,0.5126050420168067,122.0,0.0,238.0
-0.107865,787.0,1.113897,1950.0,-84.889686,113.88235294117646,16.235294117647058,1.7468354430379747,5.884057971014493,1957.0,0.0,0.0035769034236075624,0.013285641287685232,0.0030659172202350538,6.928210315111711,0.0,2.0,0.007246376811594203,0.37681159420289856,0.0,0.0,6.0,0.0,0.0,11.0,1.0,0.0036231884057971015,7.0,2.0,50.0,0.025549310168625446,0.0,0.14181818181818182,0.072992700729927,0.427536231884058,0.0,0.0,0.0,17.0,0.572463768115942,158.0,0.0,276.0
-0.253133,610.0,1.288054,1678.0,-154.410958,166.8,23.7,1.72992700729927,5.843881856540085,1684.0,0.0,0.0017814726840855108,0.023752969121140142,0.0011876484560570072,6.687151895507036,0.0,4.0,0.016877637130801686,0.39662447257383965,0.0,0.0,2.0,0.0,0.0,11.0,6.0,0.02531645569620253,6.0,3.0,55.0,0.032660332541567694,0.0,0.1694915254237288,0.1148936170212766,0.42194092827004215,0.0,0.0,0.0,10.0,0.5780590717299579,137.0,0.0,237.0
-0.1561415,0.0,1.1689919999999998,2997.0,-77.5851265,87.32352941176471,13.117647058823529,2.4108108108108106,5.430493273542601,3015.0,0.0,0.004643449419568822,0.007296849087893864,0.003980099502487562,6.9682313535794105,0.0,1.0,0.002242152466367713,0.21300448430493274,8.0,0.017937219730941704,12.0,12.0,0.0,25.0,2.0,0.004484304932735426,18.0,5.0,137.0,0.04543946932006634,0.0,0.21797752808988763,0.0990990990990991,0.5852017937219731,3.0,0.006726457399103139,0.0,34.0,0.4147982062780269,185.0,0.0,446.0
-0.121201,659.0,1.128851,3153.0,-79.871154,100.51612903225806,16.161290322580644,1.9880952380952381,5.12375249500998,3173.0,0.0,0.0034667507091080997,0.00882445635045698,0.0034667507091080997,7.326414881304333,0.0,9.0,0.017964071856287425,0.36327345309381237,15.0,0.029940119760479042,10.0,0.0,0.0,17.0,2.0,0.003992015968063872,20.0,11.0,83.0,0.02615820989599748,0.0,0.108,0.022044088176352707,0.4970059880239521,0.0,0.0,0.0,31.0,0.5029940119760479,252.0,0.0,501.0
-0.267306,650.0,1.30644,3287.0,-173.748755,125.15384615384616,16.384615384615383,1.2241379310344827,6.542253521126761,3307.0,0.0,0.0003023888720895071,0.004535833081342607,0.0030238887208950713,8.25694226262397,0.0,2.0,0.004694835680751174,0.715962441314554,3.0,0.007042253521126761,9.0,0.0,0.0,13.0,1.0,0.002347417840375587,20.0,11.0,60.0,0.018143332325370427,0.0,0.021176470588235293,0.0023584905660377358,0.18309859154929575,1.0,0.002347417840375587,0.0006047777441790142,26.0,0.8169014084507042,348.0,0.0,426.0
-0.1561415,0.0,1.1689919999999998,1959.0,-77.5851265,80.54166666666667,10.458333333333334,1.6193548387096774,6.350597609561753,1978.0,0.0,0.003538928210313448,0.01314459049544995,0.0020222446916076846,6.971014932647551,0.0,5.0,0.0199203187250996,0.4342629482071713,0.0,0.0,11.0,4.0,0.0,8.0,2.0,0.00796812749003984,19.0,6.0,96.0,0.04853387259858443,0.0005055611729019212,0.144,0.0642570281124498,0.38247011952191234,0.0,0.0,0.0,24.0,0.6175298804780877,155.0,0.0,251.0
-0.132433,779.0,1.141602,1963.0,-103.165266,108.05555555555556,15.5,1.622093023255814,5.835125448028674,1969.0,0.0,0.0025393600812595226,0.01675977653631285,0.0025393600812595226,7.061912956956604,0.0,6.0,0.021505376344086023,0.45161290322580644,0.0,0.0,5.0,0.0,0.0,12.0,2.0,0.007168458781362007,6.0,2.0,57.0,0.028948704926358558,0.0,0.11151079136690648,0.04693140794223827,0.38351254480286734,0.0,0.0,0.0,18.0,0.6164874551971327,172.0,0.0,279.0
-0.205014,601.0,1.227542,1739.0,-123.2132,132.84615384615384,18.615384615384617,2.0508474576271185,5.830578512396694,1746.0,0.0,0.002290950744558992,0.016609392898052692,0.002290950744558992,6.467434682258484,0.0,1.0,0.004132231404958678,0.2975206611570248,0.0,0.0,3.0,0.0,0.0,11.0,1.0,0.004132231404958678,7.0,4.0,84.0,0.048109965635738834,0.0,0.2946058091286307,0.225,0.5123966942148761,0.0,0.0,0.0,13.0,0.48760330578512395,118.0,0.012396694214876033,242.0
-0.1561415,0.0,1.1689919999999998,3517.0,-77.5851265,112.2258064516129,16.967741935483872,2.481132075471698,5.406844106463878,3539.0,0.0,0.0031082226617688614,0.015541113308844307,0.0031082226617688614,6.945933319510961,0.0,0.0,0.0,0.25475285171102663,12.0,0.022813688212927757,10.0,10.0,0.0,24.0,1.0,0.0019011406844106464,22.0,12.0,161.0,0.04549307714043515,0.0,0.30095238095238097,0.16412213740458015,0.596958174904943,0.0,0.0,0.0,31.0,0.40304182509505704,212.0,0.0,526.0
-0.111799,604.0,1.118288,2857.0,-67.526572,104.62962962962963,16.296296296296298,2.303664921465969,5.318181818181818,2875.0,0.0,0.003130434782608696,0.011478260869565217,0.002782608695652174,6.926878044956148,0.0,0.0,0.0,0.2727272727272727,6.0,0.013636363636363636,8.0,0.0,0.0,19.0,0.0,0.0,18.0,10.0,79.0,0.027478260869565216,0.0,0.23006833712984054,0.1004566210045662,0.5659090909090909,0.0,0.0,0.0,27.0,0.4340909090909091,191.0,0.0,440.0
-0.321531,3072.0,1.379237,16909.0,-987.742231,511.3333333333333,60.63636363636363,1.0958378970427163,7.346826586706647,16921.0,0.0,0.0004136871343301223,0.0014774540511790083,0.0006500797825187637,10.71975649962504,5.9098162047160334e-05,1.0,0.0004997501249375312,0.8650674662668666,6.0,0.0029985007496251873,6.0,6.0,0.0,17.0,3.0,0.0014992503748125937,12.0,7.0,211.0,0.012469712191950831,0.000177294486141481,0.0035,0.0005002501250625312,0.08745627186406801,0.0,0.0,0.00011819632409432067,33.0,0.912543728135932,1826.0,0.0,2001.0
-0.1561415,0.0,1.1689919999999998,2017.0,-77.5851265,100.35,13.4,2.0,6.17910447761194,2036.0,0.0,0.004911591355599214,0.0073673870333988214,0.003929273084479371,6.551650718838577,0.0,13.0,0.048507462686567165,0.30970149253731344,0.0,0.0,15.0,8.0,0.0,15.0,7.0,0.026119402985074626,19.0,4.0,84.0,0.0412573673870334,0.0,0.23220973782771537,0.12030075187969924,0.5,0.0,0.0,0.0,20.0,0.5,134.0,0.0,268.0
-0.097004,741.0,1.101865,1814.0,-71.880086,112.5625,15.1875,1.6418918918918919,6.2633744855967075,1822.0,0.0,0.0005488474204171241,0.009879253567508232,0.0038419319429198683,6.760531063579975,0.0,5.0,0.0205761316872428,0.4609053497942387,0.0,0.0,7.0,0.0,0.0,15.0,4.0,0.01646090534979424,8.0,2.0,42.0,0.02305159165751921,0.0,0.17355371900826447,0.1078838174273859,0.39094650205761317,0.0,0.0,0.0,16.0,0.6090534979423868,148.0,0.0,243.0
-0.186062,788.0,1.204496,2244.0,-146.616466,131.11764705882354,18.058823529411764,1.906832298136646,6.091205211726384,2252.0,0.0,0.0004440497335701599,0.016873889875666074,0.002220248667850799,6.769678743756929,0.0,6.0,0.019543973941368076,0.3973941368078176,0.0,0.0,5.0,0.0,0.0,13.0,0.0,0.0,8.0,3.0,61.0,0.02708703374777975,0.0,0.27450980392156865,0.1901639344262295,0.4755700325732899,0.0,0.0,0.0,17.0,0.5244299674267101,161.0,0.0,307.0
-0.1561415,0.0,1.1689919999999998,2089.0,-77.5851265,115.33333333333333,18.944444444444443,2.544776119402985,4.853372434017595,2114.0,0.0,0.003784295175023652,0.00946073793755913,0.002838221381267739,6.471743600121381,0.0,0.0,0.0,0.21700879765395895,15.0,0.04398826979472141,12.0,6.0,0.0,17.0,2.0,0.005865102639296188,25.0,11.0,89.0,0.042100283822138124,0.0,0.3,0.18289085545722714,0.6070381231671554,0.0,0.0,0.0,18.0,0.39296187683284456,134.0,0.0,341.0
-0.120411,518.0,1.127961,2398.0,-62.373119,94.68,15.64,1.7692307692307692,4.982097186700767,2412.0,0.0,0.0024875621890547263,0.00912106135986733,0.0024875621890547263,7.2699697967842445,0.0,0.0,0.0,0.4143222506393862,9.0,0.023017902813299233,6.0,0.0,0.0,16.0,3.0,0.0076726342710997444,14.0,8.0,62.0,0.02570480928689884,0.0,0.08461538461538462,0.012853470437017995,0.4347826086956522,0.0,0.0,0.0,25.0,0.5652173913043478,221.0,0.0,391.0
-0.370024,2981.0,1.447769,14901.0,-1103.041101,496.03333333333336,50.0,1.031636863823934,8.772,14910.0,0.0,0.00020120724346076458,0.0006036217303822937,0.0007377598926894701,10.480557310373147,0.00033534540576794097,6.0,0.004,0.9486666666666667,3.0,0.002,4.0,4.0,1.0,4.0,1.0,0.0006666666666666666,20.0,9.0,202.0,0.013547954393024815,0.00046948356807511736,0.00133422281521014,0.0,0.03066666666666662,4.0,0.0026666666666666666,6.70690811535882e-05,30.0,0.9693333333333334,1454.0,0.0013333333333333333,1500.0
-0.1561415,0.0,1.1689919999999998,1953.0,-77.5851265,129.13333333333333,17.933333333333334,2.4017857142857144,6.022304832713755,1963.0,0.0,0.0025471217524197657,0.012226184411614875,0.0020376974019358125,6.329531332768238,0.0,10.0,0.03717472118959108,0.21933085501858737,0.0,0.0,4.0,4.0,0.0,14.0,6.0,0.022304832713754646,10.0,6.0,60.0,0.030565461029037188,0.0,0.376865671641791,0.30711610486891383,0.5836431226765799,0.0,0.0,0.0,15.0,0.4163568773234201,112.0,0.0,269.0
-0.111467,653.0,1.117917,1573.0,-72.788237,173.55555555555554,25.444444444444443,2.201923076923077,5.716157205240175,1579.0,0.0,0.0,0.015199493350221659,0.0,6.350091028931606,0.0,3.0,0.013100436681222707,0.18777292576419213,0.0,0.0,0.0,0.0,0.0,10.0,8.0,0.034934497816593885,6.0,4.0,34.0,0.021532615579480684,0.0,0.3157894736842105,0.2511013215859031,0.5458515283842795,1.0,0.004366812227074236,0.0,9.0,0.45414847161572053,104.0,0.0,229.0
-0.207845,578.0,1.231022,1577.0,-120.134282,195.875,26.25,1.9444444444444444,6.3238095238095235,1583.0,0.0,0.0,0.017056222362602652,0.0,6.311742188103906,0.0,1.0,0.004761904761904762,0.3238095238095238,0.0,0.0,0.0,0.0,0.0,10.0,1.0,0.004761904761904762,6.0,4.0,37.0,0.02337334175615919,0.0,0.3014354066985646,0.2403846153846154,0.48571428571428577,0.0,0.0,0.0,8.0,0.5142857142857142,108.0,0.004761904761904762,210.0
-0.1561415,0.0,1.1689919999999998,3936.0,-77.5851265,126.3225806451613,17.70967741935484,2.5774647887323945,5.785063752276867,3972.0,0.0,0.003524672708962739,0.014350453172205438,0.0012588116817724068,6.8422766897096805,0.0,0.0,0.0,0.22586520947176686,0.0,0.0,13.0,20.0,0.0,40.0,1.0,0.0018214936247723133,36.0,15.0,198.0,0.04984894259818731,0.0,0.2755474452554745,0.16453382084095064,0.6120218579234973,4.0,0.007285974499089253,0.0,31.0,0.3879781420765027,213.0,0.0,549.0
-0.113103,559.0,1.119747,2734.0,-63.224573,122.95454545454545,17.772727272727273,1.7772727272727273,5.713554987212277,2752.0,0.0,0.004723837209302325,0.010537790697674418,0.002543604651162791,7.197208220980859,0.0,0.0,0.0,0.42455242966751916,4.0,0.010230179028132993,12.0,0.0,0.0,21.0,1.0,0.0025575447570332483,18.0,6.0,84.0,0.030523255813953487,0.0,0.11538461538461539,0.043701799485861184,0.4373401534526854,0.0,0.0,0.0,22.0,0.5626598465473146,220.0,0.0,391.0
-0.278048,3072.0,1.320549,14510.0,-854.163142,172.51190476190476,19.80952380952381,1.2371747211895912,7.158653846153846,14522.0,1.0,0.000619749345820135,0.00123949869164027,0.003993940228618648,10.121845382003182,0.0008263324610935132,8.0,0.004807692307692308,0.7379807692307693,4.0,0.002403846153846154,0.0,2.0,1.0,16.0,4.0,0.002403846153846154,88.0,4.0,687.0,0.047307533397603636,0.0005508883073956756,0.043896572459410706,0.0246690734055355,0.19170673076923073,2.0,0.001201923076923077,0.0038562181517697285,84.0,0.8082932692307693,1345.0,0.0006009615384615385,1664.0
-0.1561415,0.0,1.1689919999999998,2794.0,-77.5851265,154.5,20.77777777777778,2.4444444444444446,6.2005347593582885,2822.0,0.0,0.0031892274982282067,0.009213323883770375,0.0,6.643865372216341,0.0,23.0,0.06149732620320856,0.20320855614973263,0.0,0.0,11.0,4.0,0.0,23.0,2.0,0.0053475935828877,28.0,12.0,80.0,0.028348688873139617,0.0,0.3806970509383378,0.29301075268817206,0.5909090909090908,0.0,0.0,0.0,18.0,0.4090909090909091,153.0,0.0,374.0
-0.090062,792.0,1.094242,1997.0,-71.329018,109.27777777777777,14.11111111111111,1.8955223880597014,6.488188976377953,2015.0,0.0,0.005955334987593052,0.010421836228287842,0.0019851116625310174,6.626396481885734,0.0,11.0,0.04330708661417323,0.33070866141732286,0.0,0.0,12.0,0.0,0.0,13.0,2.0,0.007874015748031496,18.0,6.0,59.0,0.029280397022332507,0.0,0.2924901185770751,0.21825396825396826,0.4724409448818898,0.0,0.0,0.0,18.0,0.5275590551181102,134.0,0.0,254.0
-0.246259,595.0,1.279231,1698.0,-146.524149,112.26666666666667,14.4,1.5211267605633803,6.671296296296297,1709.0,0.0,0.0011702750146284377,0.010532475131655939,0.007021650087770626,6.826062125120604,0.0,6.0,0.027777777777777776,0.47685185185185186,0.0,0.0,0.0,0.0,0.0,14.0,3.0,0.013888888888888888,11.0,5.0,41.0,0.02399063779988297,0.0,0.12558139534883722,0.07009345794392523,0.34259259259259256,0.0,0.0,0.0,15.0,0.6574074074074074,142.0,0.004629629629629629,216.0
-0.1561415,0.0,1.1689919999999998,4186.0,-77.5851265,160.3846153846154,23.307692307692307,2.6233766233766236,5.569306930693069,4218.0,0.0,0.00474158368895211,0.010905642484589853,0.0,6.991865200155799,0.0,0.0,0.0,0.21287128712871287,6.0,0.009900990099009901,13.0,19.0,0.0,44.0,0.0,0.0,32.0,13.0,197.0,0.046704599336178286,0.0,0.2809917355371901,0.16225165562913907,0.6188118811881188,0.0,0.0,0.0,26.0,0.3811881188118812,231.0,0.0,606.0
-0.138597,403.0,1.148662,2034.0,-55.854734,111.5,15.777777777777779,1.6045197740112995,5.816901408450704,2052.0,0.0,0.006335282651072124,0.011208576998050682,0.001949317738791423,6.9561412032195955,0.0,0.0,0.0,0.49295774647887325,4.0,0.014084507042253521,12.0,0.0,0.0,17.0,0.0,0.0,18.0,6.0,64.0,0.031189083820662766,0.0,0.045936395759717315,0.0,0.37676056338028174,0.0,0.0,0.0,18.0,0.6232394366197183,177.0,0.0,284.0
-0.329919,2404.0,1.390856,12457.0,-793.125619,376.57575757575756,41.24242424242424,1.0657791699295223,8.041146216017633,12476.0,0.0,0.0010420006412311638,0.0012023084321898044,0.0007213850593138826,10.243105575791233,0.0001603077909586406,1.0,0.0007347538574577516,0.9088905216752388,5.0,0.0036737692872887582,8.0,12.0,0.0,11.0,2.0,0.0014695077149155032,19.0,7.0,147.0,0.011782622635460083,0.0,0.009558823529411765,0.004415011037527594,0.06171932402645108,2.0,0.0014695077149155032,0.0001603077909586406,33.0,0.9382806759735489,1277.0,0.0014695077149155032,1361.0
-0.1561415,0.0,1.1689919999999998,2805.0,-77.5851265,111.16,15.52,3.919191919191919,5.798969072164948,2851.0,0.0,0.003156787092248334,0.0073658365485794455,0.0,6.09283556403729,0.0,18.0,0.04639175257731959,0.08505154639175258,0.0,0.0,32.0,4.0,0.0,28.0,5.0,0.01288659793814433,46.0,10.0,103.0,0.03612767450017538,0.0,0.5943152454780362,0.5207253886010362,0.7448453608247423,0.0,0.0,0.0,25.0,0.2551546391752577,99.0,0.0,388.0
-0.126254,736.0,1.13457,1731.0,-92.922737,77.72727272727273,11.272727272727273,1.9224806201550388,5.758064516129032,1747.0,0.0,0.006868918145392101,0.01030337721808815,0.0045792787635947334,6.507674951681603,0.0,13.0,0.05241935483870968,0.34274193548387094,0.0,0.0,8.0,0.0,0.0,13.0,0.0,0.0,16.0,5.0,52.0,0.029765311963365768,0.0,0.23481781376518218,0.14634146341463414,0.4798387096774194,0.0,0.0,0.0,22.0,0.5201612903225806,129.0,0.0,248.0
-0.200169,511.0,1.22161,1416.0,-102.286601,93.73333333333333,11.933333333333334,1.2877697841726619,6.5251396648044695,1431.0,0.0,0.0041928721174004195,0.010482180293501049,0.0041928721174004195,6.891329115541848,0.0,7.0,0.03910614525139665,0.6703910614525139,0.0,0.0,12.0,0.0,0.0,7.0,1.0,0.00558659217877095,15.0,3.0,44.0,0.030747728860936407,0.0,0.011235955056179775,0.0,0.22346368715083798,0.0,0.0,0.0,15.0,0.776536312849162,139.0,0.0,179.0
-0.1561415,0.0,1.1689919999999998,3759.0,-77.5851265,81.28260869565217,11.130434782608695,2.3486238532110093,5.703125,3815.0,0.0,0.008125819134993446,0.012319790301441678,0.005504587155963303,7.09199671705069,0.0,0.0,0.0,0.26953125,3.0,0.005859375,21.0,26.0,0.0,24.0,3.0,0.005859375,56.0,17.0,277.0,0.07260812581913499,0.0,0.17416829745596868,0.060784313725490195,0.57421875,18.0,0.03515625,0.0,46.0,0.42578125,218.0,0.0,512.0
-0.120739,497.0,1.12833,2565.0,-60.007099,110.43478260869566,15.956521739130435,1.6026200873362446,5.790190735694823,2577.0,0.0,0.002328288707799767,0.013969732246798603,0.002716336825766395,7.390303558471451,0.0,0.0,0.0,0.4904632152588556,1.0,0.0027247956403269754,5.0,0.0,0.0,16.0,0.0,0.0,12.0,7.0,71.0,0.027551416375630577,0.0,0.09562841530054644,0.0410958904109589,0.3760217983651226,2.0,0.005449591280653951,0.0,23.0,0.6239782016348774,229.0,0.0027247956403269754,367.0
-0.338185,2837.0,1.4024,14103.0,-959.43148,563.12,68.12,1.0473554735547355,7.045214327657075,14113.0,0.0,0.0007085665698292354,0.0025508396513852474,0.003755402820094948,10.626770648953384,7.085665698292355e-05,6.0,0.0035231943628890195,0.9254257193188491,5.0,0.002935995302407516,3.0,3.0,1.0,6.0,5.0,0.002935995302407516,36.0,11.0,249.0,0.017643307588747964,7.085665698292355e-05,0.008225616921269096,0.006466784244562022,0.04521432765707578,3.0,0.0017615971814445098,7.085665698292355e-05,25.0,0.9547856723429242,1626.0,0.002935995302407516,1703.0
-0.1561415,0.0,1.1689919999999998,1947.0,-77.5851265,64.26666666666667,8.466666666666667,1.854014598540146,6.153543307086614,1978.0,0.0,0.010111223458038422,0.005055611729019211,0.006572295247724975,6.744782014622691,0.0,13.0,0.051181102362204724,0.31496062992125984,0.0,0.0,13.0,15.0,0.0,13.0,2.0,0.007874015748031496,31.0,12.0,120.0,0.06066734074823053,0.0,0.1976284584980237,0.10714285714285714,0.4606299212598425,0.0,0.0,0.0,30.0,0.5393700787401575,137.0,0.0,254.0
-0.113932,833.0,1.120676,2042.0,-94.905216,99.75,13.05,1.5263157894736843,6.287356321839081,2066.0,0.0,0.00968054211035818,0.011132623426911906,0.002904162633107454,7.078466462431319,0.0,12.0,0.04597701149425287,0.4904214559386973,0.0,0.0,18.0,0.0,0.0,12.0,3.0,0.011494252873563218,24.0,5.0,79.0,0.03823814133591481,0.0,0.06923076923076923,0.011583011583011582,0.3448275862068966,0.0,0.0,0.0,20.0,0.6551724137931034,171.0,0.007662835249042145,261.0
-0.195618,912.0,1.216062,2511.0,-178.403331,118.47619047619048,17.285714285714285,2.1479289940828403,5.7190082644628095,2524.0,0.0,0.0027733755942947703,0.01386687797147385,0.0019809825673534074,6.863232562989979,0.0,5.0,0.013774104683195593,0.3002754820936639,0.0,0.0,5.0,0.0,0.0,14.0,1.0,0.0027548209366391185,13.0,7.0,67.0,0.026545166402535656,0.0,0.3011049723756906,0.24376731301939059,0.534435261707989,0.0,0.0,0.0,21.0,0.465564738292011,169.0,0.0,363.0
-0.1561415,0.0,1.1689919999999998,1903.0,-77.5851265,62.63333333333333,9.266666666666667,1.9857142857142858,5.341726618705036,1928.0,0.0,0.00933609958506224,0.00933609958506224,0.007261410788381743,6.622647759978084,0.0,0.0,0.0,0.3273381294964029,2.0,0.007194244604316547,14.0,17.0,0.0,13.0,0.0,0.0,25.0,8.0,137.0,0.07105809128630705,0.0,0.17328519855595667,0.06521739130434782,0.49640287769784175,10.0,0.03597122302158273,0.0,30.0,0.5035971223021583,140.0,0.0,278.0
-0.164015,426.0,1.178232,2140.0,-69.870314,84.36,12.56,1.5778894472361809,5.60828025477707,2158.0,0.0,0.004633920296570899,0.009731232622798888,0.005097312326227989,7.26225140907751,0.0,0.0,0.0,0.4713375796178344,4.0,0.012738853503184714,10.0,0.0,0.0,11.0,2.0,0.006369426751592357,18.0,10.0,60.0,0.027803521779425393,0.0,0.07667731629392971,0.009615384615384616,0.36624203821656054,1.0,0.0031847133757961785,0.0,25.0,0.6337579617834395,199.0,0.0,314.0
-0.19389,433.0,1.213962,1653.0,-83.954183,136.33333333333334,19.5,1.3846153846153846,5.8076923076923075,1668.0,0.0,0.0035971223021582736,0.005995203836930456,0.002997601918465228,7.129072933173705,0.0,0.0,0.0,0.5811965811965812,0.0,0.0,5.0,5.0,0.0,9.0,1.0,0.004273504273504274,15.0,6.0,50.0,0.02997601918465228,0.0,0.03862660944206009,0.004310344827586207,0.2777777777777778,0.0,0.0,0.0,12.0,0.7222222222222222,169.0,0.0,234.0
-0.1561415,0.0,1.1689919999999998,1897.0,-77.5851265,60.41935483870968,7.516129032258065,2.043859649122807,6.536480686695279,1926.0,0.0,0.010384215991692628,0.003115264797507788,0.00778816199376947,6.3493747706415045,0.0,4.0,0.017167381974248927,0.30042918454935624,0.0,0.0,15.0,19.0,0.0,12.0,1.0,0.004291845493562232,29.0,10.0,133.0,0.06905503634475597,0.0,0.1939655172413793,0.07792207792207792,0.5107296137339056,0.0,0.0,0.0,31.0,0.4892703862660944,114.0,0.0,233.0
-0.110631,758.0,1.116983,1905.0,-83.858568,69.44444444444444,9.88888888888889,1.4833333333333334,5.902621722846442,1921.0,0.0,0.004685059864653826,0.008849557522123894,0.004685059864653826,7.10102110789341,0.0,12.0,0.0449438202247191,0.550561797752809,0.0,0.0,8.0,0.0,0.0,12.0,2.0,0.00749063670411985,16.0,9.0,55.0,0.028630921395106715,0.0,0.09774436090225563,0.03773584905660377,0.3258426966292135,0.0,0.0,0.0,27.0,0.6741573033707865,180.0,0.003745318352059925,267.0
-0.077578,2830.0,1.080666,7946.0,-219.545113,240.15151515151516,31.393939393939394,4.2633744855967075,6.466216216216216,7955.0,2.0,0.0017598994343180389,0.0035197988686360778,0.001257071024512885,3.733383351389204,0.0001257071024512885,8.0,0.007722007722007722,0.1776061776061776,0.0,0.0,7.0,0.0,1.0,654.0,3.0,0.0028957528957528956,28.0,3.0,189.0,0.023758642363293527,0.0006285355122564425,0.6763285024154589,0.6528046421663443,0.7654440154440154,3.0,0.0028957528957528956,0.0006285355122564425,33.0,0.23455598455598456,243.0,0.0009652509652509653,1036.0
-0.1561415,0.0,1.1689919999999998,3151.0,-77.5851265,120.46153846153847,17.153846153846153,2.5632183908045976,5.733183856502242,3173.0,0.0,0.0040970690198550265,0.011660888748818153,0.0,6.719681181037671,0.0,0.0,0.0,0.22869955156950672,7.0,0.01569506726457399,8.0,12.0,0.0,25.0,1.0,0.002242152466367713,22.0,10.0,139.0,0.04380712259691144,0.0,0.19550561797752808,0.07207207207207207,0.6098654708520179,0.0,0.0,0.0,26.0,0.3901345291479821,174.0,0.0,446.0
-0.16729,541.0,1.182097,2748.0,-90.503717,124.0,17.727272727272727,1.7105263157894737,5.835897435897436,2770.0,0.0,0.004332129963898917,0.007942238267148015,0.001444043321299639,7.364466126105673,0.0,0.0,0.0,0.441025641025641,6.0,0.015384615384615385,12.0,0.0,0.0,15.0,2.0,0.005128205128205128,22.0,12.0,70.0,0.02527075812274368,0.0,0.08226221079691516,0.028350515463917526,0.41538461538461535,0.0,0.0,0.0,22.0,0.5846153846153846,228.0,0.0,390.0
-0.351317,2155.0,1.420937,11259.0,-757.087748,865.4615384615385,108.6923076923077,1.0560538116591929,6.940552016985138,11264.0,0.0,0.00044389204545454544,0.0003551136363636364,0.00044389204545454544,10.350936886205858,8.87784090909091e-05,3.0,0.0021231422505307855,0.9009200283085633,3.0,0.0021231422505307855,3.0,0.0,0.0,6.0,0.0,0.0,5.0,2.0,45.0,0.003995028409090909,0.0,0.0028328611898017,0.0007087172218284905,0.05307855626326963,2.0,0.0014154281670205238,0.0001775568181818182,13.0,0.9469214437367304,1338.0,0.0028308563340410475,1413.0
-0.1561415,0.0,1.1689919999999998,2219.0,-77.5851265,84.76923076923077,12.192307692307692,2.536,5.596214511041009,2248.0,0.0,0.00800711743772242,0.009786476868327402,0.004893238434163701,6.368252193430925,0.0,12.0,0.03785488958990536,0.20504731861198738,0.0,0.0,11.0,13.0,0.0,18.0,1.0,0.0031545741324921135,29.0,12.0,118.0,0.05249110320284697,0.0,0.36075949367088606,0.22857142857142856,0.6056782334384858,0.0,0.0,0.0,26.0,0.3943217665615142,125.0,0.0,317.0
-0.086045,639.0,1.089856,1609.0,-54.982901,87.94444444444444,12.666666666666666,1.7014925373134329,5.662280701754386,1625.0,0.0,0.008,0.009846153846153846,0.0024615384615384616,6.713207286684348,0.0,9.0,0.039473684210526314,0.39473684210526316,0.0,0.0,12.0,0.0,0.0,9.0,2.0,0.008771929824561403,16.0,5.0,55.0,0.033846153846153845,0.0,0.1894273127753304,0.12389380530973451,0.4122807017543859,0.0,0.0,0.0,18.0,0.5877192982456141,134.0,0.0,228.0
-0.288321,764.0,1.334186,2021.0,-220.277521,154.69230769230768,21.923076923076923,1.6379310344827587,5.859649122807017,2041.0,0.0,0.0039196472317491425,0.011268985791278784,0.013718765311121999,6.96890685024234,0.0,6.0,0.021052631578947368,0.4631578947368421,0.0,0.0,9.0,0.0,0.0,17.0,2.0,0.007017543859649123,20.0,6.0,60.0,0.02939735423811857,0.0,0.1267605633802817,0.04240282685512368,0.3894736842105263,0.0,0.0,0.0,13.0,0.6105263157894737,174.0,0.0,285.0
-0.1561415,0.0,1.1689919999999998,2793.0,-77.5851265,132.38095238095238,19.333333333333332,2.5534591194968552,5.490147783251231,2821.0,0.0,0.006026231832683446,0.008507621410847217,0.0,6.590755500165605,0.0,0.0,0.0,0.21921182266009853,2.0,0.0049261083743842365,11.0,16.0,0.0,25.0,0.0,0.0,28.0,12.0,153.0,0.05423608649415101,0.0,0.2617283950617284,0.13366336633663367,0.6083743842364532,0.0,0.0,0.0,21.0,0.3916256157635468,159.0,0.0,406.0
-0.161898,371.0,1.17574,1942.0,-60.064148,106.83333333333333,15.777777777777779,1.868421052631579,5.669014084507042,1952.0,0.0,0.0025614754098360654,0.010758196721311475,0.0020491803278688526,6.7049227026690685,0.0,0.0,0.0,0.3732394366197183,3.0,0.01056338028169014,4.0,0.0,0.0,18.0,1.0,0.0035211267605633804,10.0,6.0,55.0,0.02817622950819672,0.0,0.10954063604240283,0.04609929078014184,0.46478873239436624,0.0,0.0,0.0,18.0,0.5352112676056338,152.0,0.0,284.0
-0.240181,3072.0,1.27148,11185.0,-737.837363,657.2352941176471,55.05882352941177,1.0469798657718121,10.901709401709402,11190.0,0.0,0.00044682752457551384,0.001161751563896336,0.09848078641644326,9.763768098311164,8.936550491510277e-05,1.0,0.0010683760683760685,0.9241452991452992,3.0,0.003205128205128205,3.0,0.0,0.0,8.0,1.0,0.0010683760683760685,5.0,3.0,54.0,0.00482573726541555,0.0,0.0010695187165775401,0.0,0.04487179487179482,1.0,0.0010683760683760685,8.936550491510277e-05,17.0,0.9551282051282052,894.0,0.0,936.0
-0.1561415,0.0,1.1689919999999998,1700.0,-77.5851265,121.0,16.071428571428573,1.9396551724137931,6.217777777777778,1720.0,0.0,0.005232558139534884,0.00813953488372093,0.0,6.369780985427592,0.0,16.0,0.07111111111111111,0.32,0.0,0.0,8.0,4.0,0.0,16.0,0.0,0.0,20.0,9.0,62.0,0.03604651162790698,0.0,0.23214285714285715,0.11659192825112108,0.48444444444444446,0.0,0.0,0.0,14.0,0.5155555555555555,116.0,0.0,225.0
-0.105808,507.0,1.111608,1371.0,-53.644438,96.92857142857143,13.142857142857142,1.5206611570247934,6.211956521739131,1379.0,0.0,0.0036258158085569255,0.01305293691080493,0.0029006526468455403,6.5779313487322035,0.0,2.0,0.010869565217391304,0.4891304347826087,0.0,0.0,4.0,0.0,0.0,13.0,2.0,0.010869565217391304,8.0,5.0,43.0,0.03118201595358956,0.0,0.09836065573770492,0.02197802197802198,0.34239130434782605,0.0,0.0,0.0,14.0,0.657608695652174,121.0,0.0,184.0
-0.190959,1353.0,1.21041,3766.0,-258.36764,137.77777777777777,18.814814814814813,2.3410138248847927,6.082677165354331,3792.0,0.0,0.004219409282700422,0.01608649789029536,0.0015822784810126582,7.072688061279888,0.0,9.0,0.017716535433070866,0.2559055118110236,0.0,0.0,15.0,0.0,0.0,28.0,2.0,0.003937007874015748,26.0,11.0,129.0,0.03401898734177215,0.0,0.2859960552268245,0.17391304347826086,0.5728346456692913,0.0,0.0,0.0,27.0,0.4271653543307087,217.0,0.0,508.0
-0.1561415,0.0,1.1689919999999998,3399.0,-77.5851265,73.1304347826087,10.565217391304348,2.8255813953488373,5.537037037037037,3446.0,0.0,0.00812536273940801,0.006964596633778294,0.005513639001741149,6.682565613762077,0.0,0.0,0.0,0.17695473251028807,0.0,0.0,19.0,27.0,0.0,36.0,0.0,0.0,47.0,18.0,219.0,0.06355194428322693,0.0,0.30103092783505153,0.1652892561983471,0.6460905349794239,0.0,0.0,0.0,46.0,0.35390946502057613,172.0,0.00205761316872428,486.0
-0.146097,671.0,1.157309,3196.0,-98.031294,101.74193548387096,14.451612903225806,1.7991967871485943,5.776785714285714,3222.0,0.0,0.0021725636250775914,0.015518311607697082,0.00186219739292365,7.382305305034998,0.0,0.0,0.0,0.40625,4.0,0.008928571428571428,18.0,0.0,0.0,26.0,1.0,0.002232142857142857,26.0,8.0,115.0,0.03569211669770329,0.0,0.058165548098434,0.011210762331838564,0.4441964285714286,2.0,0.004464285714285714,0.0,31.0,0.5558035714285714,249.0,0.011160714285714286,448.0
-0.368084,3072.0,1.444963,16027.0,-1130.753358,533.6666666666666,63.93333333333333,1.042958129418162,7.274765380604797,16045.0,0.0,0.0008725459644749143,0.0010595200997195388,0.0006855718292302898,10.81584132933416,0.0006232471174820816,0.0,0.0,0.9249217935349322,2.0,0.0010427528675703858,11.0,11.0,0.0,5.0,2.0,0.0010427528675703858,18.0,4.0,142.0,0.008850109068245559,0.0,0.0005216484089723526,0.0,0.041188738269030245,2.0,0.0010427528675703858,0.00024929884699283265,30.0,0.9588112617309698,1839.0,0.008342022940563087,1918.0
-0.1561415,0.0,1.1689919999999998,1930.0,-77.5851265,245.5,33.125,2.1370967741935485,5.781132075471698,1969.0,0.0,0.0035551041137633316,0.0045708481462671405,0.0,6.39327679546722,0.0,18.0,0.06792452830188679,0.2943396226415094,0.0,0.0,25.0,8.0,0.0,18.0,2.0,0.007547169811320755,39.0,10.0,85.0,0.043169121381411886,0.001015744032503809,0.2803030303030303,0.16730038022813687,0.5320754716981132,0.0,0.0,0.0,8.0,0.4679245283018868,124.0,0.0,265.0
-0.113839,622.0,1.120572,1609.0,-70.807932,145.0909090909091,19.545454545454547,1.6538461538461537,6.311627906976744,1615.0,0.0,0.0,0.01238390092879257,0.0,6.642033700456472,0.0,11.0,0.05116279069767442,0.413953488372093,0.0,0.0,0.0,0.0,0.0,13.0,0.0,0.0,6.0,4.0,36.0,0.022291021671826627,0.0,0.13551401869158877,0.06572769953051644,0.39534883720930236,0.0,0.0,0.0,11.0,0.6046511627906976,130.0,0.009302325581395349,215.0
-0.21265,601.0,1.236951,1588.0,-127.802435,229.71428571428572,30.285714285714285,1.7096774193548387,6.1084905660377355,1623.0,0.0,0.004929143561306223,0.012322858903265557,0.0024645717806531116,6.20326910194982,0.0006161429451632779,4.0,0.018867924528301886,0.4669811320754717,0.0,0.0,13.0,0.0,0.0,33.0,0.0,0.0,35.0,12.0,59.0,0.036352433764633395,0.0,0.11848341232227488,0.03333333333333333,0.41509433962264153,0.0,0.0,0.0,7.0,0.5849056603773585,124.0,0.014150943396226415,212.0
-0.1561415,0.0,1.1689919999999998,3741.0,-77.5851265,63.793103448275865,9.068965517241379,2.797872340425532,5.6273764258555135,3795.0,0.0,0.008432147562582345,0.005797101449275362,0.006587615283267457,6.791138630287641,0.0,0.0,0.0,0.18631178707224336,1.0,0.0019011406844106464,25.0,31.0,0.0,33.0,1.0,0.0019011406844106464,54.0,19.0,244.0,0.06429512516469038,0.0,0.25142857142857145,0.10114503816793893,0.6425855513307985,3.0,0.005703422053231939,0.0,58.0,0.3574144486692015,188.0,0.0,526.0
-0.167311,567.0,1.182122,2681.0,-94.865587,82.59375,11.9375,1.7130044843049328,5.664921465968586,2703.0,0.0,0.0022197558268590455,0.014428412874583796,0.001849796522382538,7.237678270790981,0.0,0.0,0.0,0.43717277486910994,1.0,0.002617801047120419,15.0,0.0,0.0,23.0,0.0,0.0,22.0,7.0,99.0,0.03662597114317425,0.0,0.05774278215223097,0.021052631578947368,0.4162303664921466,0.0,0.0,0.0,32.0,0.5837696335078534,223.0,0.002617801047120419,382.0
-0.350446,2620.0,1.4197,13028.0,-918.168169,464.39285714285717,36.07142857142857,1.0813704496788008,11.74950495049505,13041.0,0.0,0.0007668123610152595,0.002070393374741201,0.0007668123610152595,9.797200809351525,7.668123610152595e-05,0.0,0.0,0.8792079207920792,4.0,0.0039603960396039604,7.0,7.0,1.0,6.0,1.0,0.0009900990099009901,19.0,6.0,137.0,0.010505329345909056,0.0,0.007928642220019821,0.003968253968253968,0.0752475247524752,3.0,0.0029702970297029703,7.668123610152595e-05,28.0,0.9247524752475248,934.0,0.0039603960396039604,1010.0
-0.1561415,0.0,1.1689919999999998,1901.0,-77.5851265,160.08333333333334,19.416666666666668,2.177570093457944,6.527896995708154,1943.0,0.0,0.003602676273803397,0.003602676273803397,0.0,6.23845855740954,0.0,18.0,0.07725321888412018,0.2575107296137339,0.0,0.0,28.0,8.0,0.0,18.0,2.0,0.008583690987124463,42.0,10.0,94.0,0.048378795676788475,0.0,0.25,0.12987012987012986,0.5407725321888412,0.0,0.0,0.0,12.0,0.4592274678111588,107.0,0.0,233.0
-0.138871,542.0,1.148976,1339.0,-75.268166,80.5625,10.375,1.509090909090909,6.307228915662651,1356.0,0.0,0.0029498525073746312,0.01327433628318584,0.0014749262536873156,6.528982371263344,0.0,8.0,0.04819277108433735,0.4578313253012048,0.0,0.0,15.0,0.0,0.0,8.0,2.0,0.012048192771084338,17.0,3.0,55.0,0.04056047197640118,0.0,0.12121212121212122,0.036585365853658534,0.3373493975903614,0.0,0.0,0.0,16.0,0.6626506024096386,110.0,0.006024096385542169,166.0
-0.248124,772.0,1.281619,2134.0,-191.551658,116.66666666666667,14.722222222222221,1.5056818181818181,6.59622641509434,2153.0,0.0,0.0023223409196470044,0.019043195541105434,0.0023223409196470044,7.108676417669642,0.0,9.0,0.033962264150943396,0.5094339622641509,0.0,0.0,14.0,0.0,0.0,15.0,0.0,0.0,19.0,5.0,76.0,0.03529958197863446,0.0,0.08712121212121213,0.019011406844106463,0.3358490566037736,0.0,0.0,0.0,18.0,0.6641509433962264,176.0,0.0037735849056603774,265.0
-0.1561415,0.0,1.1689919999999998,4025.0,-77.5851265,75.43396226415095,10.39622641509434,3.4873417721518987,5.511796733212341,4102.0,0.0,0.007069722086786933,0.0017064846416382253,0.005119453924914676,6.482719632413059,0.0,0.0,0.0,0.13430127041742287,0.0,0.0,27.0,42.0,4.0,26.0,12.0,0.021778584392014518,77.0,23.0,372.0,0.09068746952705997,0.0,0.36727272727272725,0.2058287795992714,0.7132486388384756,1.0,0.0018148820326678765,0.0,53.0,0.2867513611615245,158.0,0.0,551.0
-0.109097,599.0,1.11527,2833.0,-65.348978,120.30434782608695,18.347826086956523,2.24468085106383,5.305687203791469,2856.0,0.0,0.00665266106442577,0.005952380952380952,0.0007002801120448179,6.9187700129547665,0.0,0.0,0.0,0.2772511848341232,4.0,0.009478672985781991,19.0,0.0,0.0,20.0,2.0,0.004739336492890996,23.0,4.0,95.0,0.03326330532212885,0.0,0.171021377672209,0.06904761904761905,0.5545023696682465,0.0,0.0,0.0,23.0,0.44549763033175355,188.0,0.026066350710900472,422.0
-0.084917,3072.0,1.088627,6195.0,-260.8665,268.82608695652175,21.652173913043477,1.1343963553530751,6.473895582329317,6204.0,0.0,0.0006447453255963894,0.0012894906511927789,0.0009671179883945841,8.667334048610542,0.00048355899419729207,0.0,0.0,0.8152610441767069,1.0,0.002008032128514056,5.0,0.0,0.0,6.0,0.0,0.0,9.0,2.0,68.0,0.01096067053513862,0.0,0.01006036217303823,0.0020161290322580645,0.11847389558232935,0.0,0.0,0.00016118633139909736,23.0,0.8815261044176707,439.0,0.012048192771084338,498.0
-0.1561415,0.0,1.1689919999999998,2727.0,-77.5851265,90.46666666666667,11.733333333333333,2.2138364779874213,6.09375,2772.0,0.0,0.003246753246753247,0.008297258297258298,0.0021645021645021645,6.806878500987678,0.0,7.0,0.019886363636363636,0.2528409090909091,0.0,0.0,22.0,9.0,0.0,14.0,2.0,0.005681818181818182,45.0,11.0,164.0,0.05916305916305916,0.0,0.301994301994302,0.19142857142857142,0.5482954545454546,0.0,0.0,0.0,30.0,0.45170454545454547,159.0,0.011363636363636364,352.0
-0.114213,563.0,1.120991,1416.0,-64.301892,115.5,15.833333333333334,1.5833333333333333,6.0473684210526315,1430.0,0.0,0.0013986013986013986,0.011888111888111888,0.0013986013986013986,6.6018903293928695,0.0,4.0,0.021052631578947368,0.4473684210526316,0.0,0.0,10.0,0.0,0.0,9.0,2.0,0.010526315789473684,14.0,4.0,45.0,0.03146853146853147,0.0,0.1111111111111111,0.06382978723404255,0.368421052631579,0.0,0.0,0.0,12.0,0.631578947368421,120.0,0.010526315789473684,190.0
-0.224406,819.0,1.251579,2379.0,-183.788311,123.94736842105263,16.157894736842106,1.6594594594594594,6.390879478827362,2397.0,0.0,0.0037546933667083854,0.012515644555694618,0.0008343763037129745,7.123030319205619,0.0,4.0,0.013029315960912053,0.4527687296416938,0.0,0.0,12.0,2.0,0.0,13.0,3.0,0.009771986970684038,18.0,5.0,80.0,0.033375052148518984,0.0,0.12745098039215685,0.06229508196721312,0.39739413680781754,0.0,0.0,0.0,19.0,0.6026058631921825,185.0,0.003257328990228013,307.0
-0.1561415,0.0,1.1689919999999998,2343.0,-77.5851265,66.14285714285714,10.114285714285714,3.0782608695652174,5.1807909604519775,2373.0,0.0,0.008849557522123894,0.004635482511588706,0.0067425200168563,6.282981999386445,0.0,0.0,0.0,0.12146892655367232,1.0,0.002824858757062147,16.0,20.0,0.0,17.0,5.0,0.014124293785310734,30.0,10.0,162.0,0.06826801517067003,0.0,0.31444759206798867,0.16477272727272727,0.6751412429378532,0.0,0.0,0.0,35.0,0.3248587570621469,115.0,0.0,354.0
-0.153784,473.0,1.166239,2419.0,-72.739843,88.4074074074074,14.0,2.1,5.2592592592592595,2437.0,0.0,0.003282724661469019,0.002872384078785392,0.002872384078785392,6.890070492661742,0.0,0.0,0.0,0.31746031746031744,3.0,0.007936507936507936,7.0,0.0,0.0,18.0,3.0,0.007936507936507936,18.0,10.0,49.0,0.020106688551497744,0.0,0.18037135278514588,0.07446808510638298,0.5238095238095238,0.0,0.0,0.0004103405826836274,27.0,0.47619047619047616,180.0,0.005291005291005291,378.0
-0.16888,183.0,1.183978,960.0,-30.905047,136.0,19.571428571428573,1.1610169491525424,5.824817518248175,963.0,0.0,0.0,0.006230529595015576,0.0,6.783291823991448,0.0,0.0,0.0,0.7591240875912408,0.0,0.0,0.0,2.0,0.0,5.0,1.0,0.0072992700729927005,3.0,2.0,26.0,0.02699896157840083,0.0,0.007352941176470588,0.0,0.13868613138686137,0.0,0.0,0.0010384215991692627,7.0,0.8613138686131386,118.0,0.014598540145985401,137.0
-0.1561415,0.0,1.1689919999999998,1988.0,-77.5851265,116.70588235294117,17.11764705882353,2.346774193548387,5.542955326460481,2008.0,0.0,0.004482071713147411,0.00796812749003984,0.00298804780876494,6.428001435021955,0.0,8.0,0.027491408934707903,0.21993127147766323,0.0,0.0,13.0,6.0,0.0,19.0,3.0,0.010309278350515464,20.0,6.0,73.0,0.036354581673306775,0.0,0.31724137931034485,0.2179930795847751,0.5738831615120275,0.0,0.0,0.0,17.0,0.4261168384879725,124.0,0.0,291.0
-0.098077,500.0,1.103047,1265.0,-49.038319,81.8,11.4,1.7272727272727273,5.947368421052632,1279.0,0.0,0.001563721657544957,0.003909304143862392,0.001563721657544957,6.231735483415265,0.0,10.0,0.05847953216374269,0.38011695906432746,0.0,0.0,12.0,0.0,0.0,10.0,2.0,0.011695906432748537,14.0,3.0,37.0,0.028928850664581705,0.0,0.17647058823529413,0.1301775147928994,0.42105263157894735,0.0,0.0,0.0,15.0,0.5789473684210527,99.0,0.0,171.0
-0.40556,2521.0,1.500143,12579.0,-1022.417794,897.5714285714286,90.92857142857143,1.036644951140065,8.849960722702278,12586.0,0.0,0.00039726680438582554,0.0009534403305259812,0.0010328936914031463,10.232289209779356,0.0,1.0,0.0007855459544383347,0.9402985074626866,1.0,0.0007855459544383347,4.0,0.0,0.0,6.0,1.0,0.0007855459544383347,7.0,2.0,43.0,0.0034164945177180997,0.0,0.0007861635220125787,0.0,0.0353495679497251,0.0,0.0,7.94533608771651e-05,14.0,0.9646504320502749,1228.0,0.0,1273.0
-0.1561415,0.0,1.1689919999999998,2973.0,-77.5851265,89.87878787878788,14.909090909090908,2.4356435643564356,4.670731707317073,3025.0,0.0,0.007603305785123967,0.006942148760330578,0.005289256198347108,6.964090021508931,0.0,0.0,0.0,0.23780487804878048,5.0,0.01016260162601626,22.0,17.0,0.0,28.0,5.0,0.01016260162601626,52.0,19.0,175.0,0.05785123966942149,0.0,0.20570264765784113,0.09183673469387756,0.589430894308943,21.0,0.042682926829268296,0.0,33.0,0.4105691056910569,202.0,0.0,492.0
-0.115168,525.0,1.122062,2472.0,-60.463386,90.4074074074074,14.037037037037036,1.7072072072072073,5.329815303430079,2488.0,0.0,0.003215434083601286,0.010852090032154342,0.0044212218649517685,7.340025747398026,0.0,0.0,0.0,0.41160949868073876,3.0,0.0079155672823219,7.0,0.0,0.0,18.0,3.0,0.0079155672823219,16.0,9.0,75.0,0.03014469453376206,0.0,0.07936507936507936,0.01856763925729443,0.4142480211081794,5.0,0.013192612137203167,0.0,27.0,0.5857519788918206,222.0,0.002638522427440633,379.0
-0.224021,526.0,1.251097,2468.0,-117.834857,188.92307692307693,26.384615384615383,1.1786941580756014,5.895043731778426,2489.0,0.0,0.0036159100040176776,0.006830052229811169,0.0,8.048190623439497,0.0004017677782241864,0.0,0.0,0.749271137026239,3.0,0.008746355685131196,6.0,8.0,0.0,10.0,1.0,0.0029154518950437317,21.0,10.0,86.0,0.03455202892728003,0.0,0.0029239766081871343,0.0,0.15160349854227406,2.0,0.0058309037900874635,0.0004017677782241864,13.0,0.8483965014577259,291.0,0.0,343.0
-0.1561415,0.0,1.1689919999999998,2093.0,-77.5851265,94.54545454545455,11.681818181818182,1.9179104477611941,6.603112840466926,2123.0,0.0,0.006123410268487989,0.0037682524729156855,0.0,6.553474645721243,0.0,2.0,0.007782101167315175,0.3035019455252918,0.0,0.0,16.0,14.0,0.0,23.0,5.0,0.019455252918287938,30.0,10.0,115.0,0.054168629298162976,0.0009420631182289214,0.23046875,0.12549019607843137,0.47859922178988323,0.0,0.0,0.0,22.0,0.5214007782101168,134.0,0.0,257.0
-0.10003,746.0,1.105205,1773.0,-74.622712,64.66666666666667,9.185185185185185,1.6423841059602649,5.943548387096774,1790.0,0.0,0.0011173184357541898,0.01005586592178771,0.006145251396648044,6.881433030829005,0.0,6.0,0.024193548387096774,0.4314516129032258,0.0,0.0,11.0,0.0,0.0,10.0,7.0,0.028225806451612902,17.0,4.0,49.0,0.027374301675977653,0.0,0.1417004048582996,0.04878048780487805,0.3911290322580645,0.0,0.0,0.0,27.0,0.6088709677419355,151.0,0.0,248.0
-0.275883,806.0,1.317693,2174.0,-222.361349,89.45833333333333,11.75,1.3623188405797102,6.25531914893617,2196.0,0.0,0.005009107468123861,0.018670309653916212,0.00546448087431694,7.465688654174154,0.0,3.0,0.010638297872340425,0.5957446808510638,0.0,0.0,9.0,10.0,0.0,7.0,0.0,0.0,22.0,12.0,122.0,0.05555555555555555,0.0,0.0498220640569395,0.017857142857142856,0.26595744680851063,0.0,0.0,0.0,24.0,0.7340425531914894,207.0,0.0,282.0
-0.1561415,0.0,1.1689919999999998,3047.0,-77.5851265,75.5,12.45,2.4532019704433496,4.767068273092369,3089.0,0.0,0.007445775331822596,0.009064422143088379,0.006798316607316284,7.037450036789016,0.0,0.0,0.0,0.22289156626506024,7.0,0.014056224899598393,17.0,17.0,0.0,23.0,5.0,0.010040160642570281,42.0,16.0,179.0,0.05794755584331499,0.0,0.19919517102615694,0.0967741935483871,0.5923694779116466,22.0,0.04417670682730924,0.0,40.0,0.40763052208835343,203.0,0.0,498.0
-0.12369,519.0,1.131665,2431.0,-64.195266,96.08,15.08,1.7293577981651376,5.267904509283819,2447.0,0.0,0.0032693093583980384,0.00939926440539436,0.006129955046996322,7.297555993819682,0.0,0.0,0.0,0.4217506631299735,5.0,0.013262599469496022,7.0,0.0,0.0,13.0,4.0,0.010610079575596816,16.0,9.0,68.0,0.027789129546383327,0.0,0.05585106382978723,0.005333333333333333,0.42175066312997345,6.0,0.015915119363395226,0.0,25.0,0.5782493368700266,218.0,0.0,377.0
-0.23259,3072.0,1.261863,14930.0,-714.515037,1356.909090909091,113.54545454545455,1.0365145228215769,10.899919935948759,14938.0,0.0,0.00046860356138706655,0.0012719239523363234,0.0003347168295621904,10.206674304833884,0.0,0.0,0.0,0.9399519615692554,1.0,0.0008006405124099279,4.0,5.0,0.0,4.0,3.0,0.0024019215372297837,8.0,3.0,515.0,0.03447583344490561,0.0,0.0016025641025641025,0.0,0.03522818254603688,5.0,0.0040032025620496394,6.694336591243807e-05,11.0,0.9647718174539631,1205.0,0.0,1249.0
-0.1561415,0.0,1.1689919999999998,1922.0,-77.5851265,73.26923076923077,10.26923076923077,2.0859375,5.726591760299626,1950.0,0.0,0.0056410256410256415,0.010769230769230769,0.0041025641025641026,6.60633989146318,0.0,2.0,0.00749063670411985,0.250936329588015,0.0,0.0,14.0,12.0,0.0,13.0,10.0,0.03745318352059925,28.0,10.0,112.0,0.057435897435897436,0.0010256410256410256,0.22932330827067668,0.12075471698113208,0.5205992509363295,0.0,0.0,0.0,26.0,0.4794007490636704,128.0,0.0,267.0
-0.120351,616.0,1.127892,1453.0,-74.13596,84.23529411764706,12.588235294117647,1.4965034965034965,5.5607476635514015,1463.0,0.0,0.003417634996582365,0.01572112098427888,0.003417634996582365,6.933476961071312,0.0,4.0,0.018691588785046728,0.4719626168224299,0.0,0.0,5.0,0.0,0.0,7.0,2.0,0.009345794392523364,10.0,6.0,45.0,0.030758714969241284,0.0,0.11267605633802817,0.06132075471698113,0.3317757009345794,1.0,0.004672897196261682,0.0,17.0,0.6682242990654206,143.0,0.0,214.0
-0.258709,726.0,1.295257,1797.0,-187.823025,80.77272727272727,11.409090909090908,1.8057553956834533,5.868525896414343,1810.0,0.0,0.0060773480662983425,0.02154696132596685,0.0055248618784530384,6.62473717851883,0.0,6.0,0.02390438247011952,0.41434262948207173,0.0,0.0,10.0,0.0,0.0,13.0,1.0,0.00398406374501992,13.0,3.0,72.0,0.039779005524861875,0.0,0.24,0.17670682730923695,0.4462151394422311,0.0,0.0,0.0,22.0,0.5537848605577689,139.0,0.0,251.0
-0.1561415,0.0,1.1689919999999998,2886.0,-77.5851265,89.40625,13.71875,2.9072847682119205,5.211845102505695,2915.0,0.0,0.00686106346483705,0.007890222984562607,0.005145797598627788,6.4925686019284425,0.0,0.0,0.0,0.1662870159453303,2.0,0.004555808656036446,15.0,19.0,0.0,23.0,0.0,0.0,29.0,10.0,163.0,0.05591766723842195,0.0,0.2922374429223744,0.12814645308924486,0.6560364464692483,0.0,0.0,0.0,32.0,0.3439635535307517,151.0,0.0,439.0
-0.152296,542.0,1.164505,2714.0,-82.544325,116.78260869565217,17.0,1.7377777777777779,5.710997442455243,2726.0,0.0,0.001834189288334556,0.01173881144534116,0.001834189288334556,7.23088723633681,0.0,0.0,0.0,0.45012787723785164,3.0,0.0076726342710997444,5.0,5.0,0.0,18.0,1.0,0.0025575447570332483,12.0,7.0,91.0,0.03338224504768892,0.0,0.08205128205128205,0.017994858611825194,0.42455242966751916,0.0,0.0,0.0,23.0,0.5754475703324808,225.0,0.0,391.0
-0.321304,3072.0,1.378924,16183.0,-987.044826,951.3529411764706,118.11764705882354,1.0978676872607982,7.019422310756972,16193.0,0.0,0.0003705304761316618,0.0018526523806583091,0.0008028160316186007,10.735447876828001,6.175507935527697e-05,5.0,0.00249003984063745,0.8595617529880478,3.0,0.00149402390438247,3.0,2.0,0.0,14.0,1.0,0.00049800796812749,10.0,6.0,82.0,0.005063916507132712,0.0,0.0064773293472845045,0.0,0.08914342629482075,3.0,0.00149402390438247,6.175507935527697e-05,17.0,0.9108565737051793,1829.0,0.00099601593625498,2008.0
-0.1561415,0.0,1.1689919999999998,2285.0,-77.5851265,230.6,31.6,3.0980392156862746,5.981012658227848,2321.0,0.0,0.0017233950883239983,0.005601034037052995,0.0,6.09975905698258,0.0,18.0,0.056962025316455694,0.12974683544303797,0.0,0.0,14.0,3.0,0.0,18.0,0.0,0.0,36.0,14.0,53.0,0.022834984920292976,0.0,0.45396825396825397,0.33121019108280253,0.6772151898734178,0.0,0.0,0.0,10.0,0.3227848101265823,102.0,0.0,316.0
-0.136093,668.0,1.145789,1715.0,-90.910312,130.76923076923077,19.692307692307693,1.8156028368794326,5.5234375,1721.0,0.0,0.0,0.015107495642068565,0.0,6.817530393799026,0.0,7.0,0.02734375,0.3203125,0.0,0.0,0.0,0.0,0.0,11.0,2.0,0.0078125,6.0,4.0,43.0,0.024985473561882625,0.0,0.20392156862745098,0.16535433070866143,0.44921875,0.0,0.0,0.0,13.0,0.55078125,141.0,0.0,256.0
-0.240016,690.0,1.27127,1860.0,-165.611256,108.41176470588235,14.882352941176471,1.4134078212290502,6.118577075098814,1871.0,0.0,0.0005344735435595938,0.01389631213254944,0.002137894174238375,7.20618958370591,0.0,3.0,0.011857707509881422,0.5691699604743083,0.0,0.0,4.0,0.0,0.0,11.0,0.0,0.0,11.0,5.0,52.0,0.02779262426509888,0.0,0.03571428571428571,0.01195219123505976,0.2924901185770751,0.0,0.0,0.0,17.0,0.7075098814229249,179.0,0.0,253.0
-0.1561415,0.0,1.1689919999999998,2924.0,-77.5851265,82.85714285714286,12.514285714285714,2.825806451612903,5.315068493150685,2958.0,0.0,0.00777552400270453,0.006085192697768763,0.005409060175794456,6.572133382521817,0.0,0.0,0.0,0.1780821917808219,8.0,0.0182648401826484,16.0,18.0,0.0,22.0,5.0,0.01141552511415525,34.0,12.0,162.0,0.05476673427991886,0.0,0.2540045766590389,0.10091743119266056,0.6461187214611872,0.0,0.0,0.0,35.0,0.3538812785388128,155.0,0.0,438.0
-0.102569,697.0,1.108014,3319.0,-71.490448,86.5,12.5,2.159090909090909,5.816842105263158,3345.0,0.0,0.006576980568011958,0.004783258594917788,0.004783258594917788,7.127571109912708,0.0,0.0,0.0,0.2968421052631579,6.0,0.01263157894736842,16.0,0.0,0.0,22.0,4.0,0.008421052631578947,26.0,6.0,87.0,0.02600896860986547,0.0,0.14556962025316456,0.04439746300211417,0.5368421052631579,0.0,0.0,0.0,38.0,0.4631578947368421,220.0,0.0,475.0
-0.169715,494.0,1.184967,2232.0,-83.838968,95.8695652173913,12.869565217391305,1.248945147679325,6.158783783783784,2261.0,0.0,0.0013268465280849183,0.0035382574082264487,0.004422821760283061,7.736435566749407,0.0,0.0,0.0,0.6722972972972973,4.0,0.013513513513513514,10.0,10.0,0.0,6.0,1.0,0.0033783783783783786,29.0,14.0,93.0,0.04113224237063246,0.0,0.01694915254237288,0.006802721088435374,0.19932432432432434,0.0,0.0,0.0004422821760283061,23.0,0.8006756756756757,237.0,0.0,296.0
-0.1561415,0.0,1.1689919999999998,3107.0,-77.5851265,90.58823529411765,11.970588235294118,3.6666666666666665,6.228501228501228,3137.0,0.0,0.0066942939113803,0.007013069811922219,0.005100414408670704,6.19835153646138,0.0,25.0,0.06142506142506143,0.07371007371007371,0.0,0.0,16.0,20.0,0.0,25.0,7.0,0.0171990171990172,30.0,10.0,157.0,0.05004781638508129,0.0,0.5221674876847291,0.36049382716049383,0.7272727272727273,0.0,0.0,0.0,34.0,0.2727272727272727,111.0,0.0,407.0
-0.118924,919.0,1.126285,2255.0,-109.291455,67.48484848484848,8.484848484848484,1.9047619047619047,6.821428571428571,2283.0,0.0,0.0017520805957074025,0.009198423127463863,0.00700832238282961,6.761633408792854,0.0,12.0,0.04285714285714286,0.325,0.0,0.0,16.0,0.0,0.0,16.0,1.0,0.0035714285714285713,28.0,9.0,58.0,0.025405168637757335,0.0,0.22580645161290322,0.1474820143884892,0.475,0.0,0.0,0.0,33.0,0.525,147.0,0.0,280.0
-0.245729,534.0,1.278553,1416.0,-131.219346,73.63157894736842,9.947368421052632,1.6434782608695653,6.132275132275132,1424.0,0.0,0.0007022471910112359,0.023174157303370788,0.0035112359550561797,6.533175364189017,0.0,4.0,0.021164021164021163,0.42328042328042326,0.0,0.0,5.0,0.0,0.0,7.0,1.0,0.005291005291005291,8.0,3.0,63.0,0.04424157303370786,0.0,0.1276595744680851,0.08021390374331551,0.3915343915343915,0.0,0.0,0.0,19.0,0.6084656084656085,115.0,0.0,189.0
-0.1561415,0.0,1.1689919999999998,3586.0,-77.5851265,132.2962962962963,17.77777777777778,2.388059701492537,5.88125,3635.0,0.0,0.007152682255845942,0.006602475928473178,0.0,7.017202236197484,0.0,0.0,0.0,0.25416666666666665,5.0,0.010416666666666666,26.0,29.0,6.0,18.0,1.0,0.0020833333333333333,49.0,16.0,238.0,0.065474552957359,0.0,0.19624217118997914,0.0794979079497908,0.58125,0.0,0.0,0.0,27.0,0.41875,201.0,0.0,480.0
-0.141224,592.0,1.151683,2805.0,-83.604694,125.13636363636364,17.954545454545453,1.8287037037037037,5.724050632911393,2831.0,0.0,0.007771105616389968,0.007417873542917697,0.001412928293889085,7.316939701072495,0.0,0.0,0.0,0.3594936708860759,5.0,0.012658227848101266,20.0,0.0,0.0,13.0,1.0,0.002531645569620253,26.0,6.0,88.0,0.031084422465559872,0.0,0.116751269035533,0.04580152671755725,0.4531645569620253,0.0,0.0,0.0,22.0,0.5468354430379747,216.0,0.0,395.0
-0.253532,365.0,1.288568,1968.0,-92.539046,217.22222222222223,30.666666666666668,1.174468085106383,6.036231884057971,1974.0,0.0,0.0,0.0060790273556231,0.0,7.704445516795087,0.0,0.0,0.0,0.7789855072463768,5.0,0.018115942028985508,0.0,0.0,0.0,8.0,1.0,0.0036231884057971015,6.0,3.0,24.0,0.0121580547112462,0.0,0.01090909090909091,0.0072992700729927005,0.14855072463768115,0.0,0.0,0.0005065856129685917,9.0,0.8514492753623188,235.0,0.0,276.0
-0.1561415,0.0,1.1689919999999998,1952.0,-77.5851265,1999.0,216.0,2.0377358490566038,7.152777777777778,1999.0,0.0,0.007003501750875438,0.0005002501250625312,0.0015007503751875938,6.2603823778415215,0.0,18.0,0.08333333333333333,0.25925925925925924,0.0,0.0,41.0,6.0,0.0,18.0,0.0,0.0,47.0,5.0,82.0,0.04102051025512756,0.0,0.24186046511627907,0.16355140186915887,0.5092592592592593,0.0,0.0,0.0,1.0,0.49074074074074076,106.0,0.0,216.0
-0.097308,757.0,1.1022,1789.0,-73.662301,71.79166666666667,9.541666666666666,1.7615384615384615,6.139737991266376,1819.0,0.0,0.003298515667949423,0.010995052226498075,0.0021990104452996153,6.683307214461985,0.0,6.0,0.026200873362445413,0.35807860262008734,0.0,0.0,24.0,0.0,0.0,10.0,1.0,0.004366812227074236,30.0,6.0,70.0,0.038482682792743264,0.0,0.17543859649122806,0.09251101321585903,0.43231441048034935,0.0,0.0,0.0,24.0,0.5676855895196506,130.0,0.0,229.0
-0.179908,676.0,1.197107,1857.0,-121.617638,141.69230769230768,20.0,1.9402985074626866,5.8961538461538465,1865.0,0.0,0.0,0.025737265415549597,0.0,6.698037165844433,0.0,1.0,0.0038461538461538464,0.31153846153846154,0.0,0.0,0.0,0.0,0.0,8.0,0.0,0.0,8.0,5.0,61.0,0.032707774798927614,0.0,0.25096525096525096,0.1511627906976744,0.48461538461538467,0.0,0.0,0.0,13.0,0.5153846153846153,134.0,0.0,260.0
-0.1561415,0.0,1.1689919999999998,3210.0,-77.5851265,85.94594594594595,12.27027027027027,2.7349397590361444,5.685022026431718,3241.0,0.0,0.006788028386300524,0.009873495834618945,0.005245294662141314,6.756740672108078,0.0,0.0,0.0,0.17841409691629956,0.0,0.0,17.0,19.0,0.0,27.0,1.0,0.0022026431718061676,31.0,10.0,169.0,0.0521443998765813,0.0,0.30022075055187636,0.1592920353982301,0.6343612334801763,0.0,0.0,0.0,37.0,0.3656387665198238,166.0,0.0,454.0
-0.163054,654.0,1.1771,3371.0,-106.63704,107.83870967741936,15.548387096774194,2.01673640167364,5.83402489626556,3387.0,0.0,0.003838204901092412,0.008266902863891349,0.002952465308532625,7.326929041354856,0.0,0.0,0.0,0.3257261410788382,10.0,0.02074688796680498,10.0,0.0,0.0,18.0,2.0,0.004149377593360996,16.0,4.0,79.0,0.023324475937407736,0.0,0.12681912681912683,0.035416666666666666,0.504149377593361,1.0,0.002074688796680498,0.0,31.0,0.495850622406639,239.0,0.0,482.0
-0.322601,2970.0,1.380715,15098.0,-958.126007,502.2,47.6,1.0656716417910448,9.488095238095237,15117.0,0.0,0.000727657604021962,0.0007938082952966859,0.0006615069127472382,10.32601212685568,6.615069127472382e-05,1.0,0.0007002801120448179,0.9019607843137255,3.0,0.0021008403361344537,9.0,9.0,0.0,7.0,1.0,0.0007002801120448179,20.0,10.0,121.0,0.008004233644241583,0.0,0.002803083391730904,0.0,0.06162464985994398,2.0,0.0014005602240896359,6.615069127472382e-05,30.0,0.938375350140056,1340.0,0.0,1428.0
-0.1561415,0.0,1.1689919999999998,2210.0,-77.5851265,91.29166666666667,12.708333333333334,2.44,5.8754098360655735,2228.0,0.0,0.0058348294434470375,0.010771992818671455,0.004488330341113106,6.555411172553059,0.0,7.0,0.022950819672131147,0.19344262295081968,0.0,0.0,10.0,12.0,0.0,9.0,2.0,0.006557377049180328,18.0,6.0,109.0,0.048922800718132854,0.0,0.2894736842105263,0.15181518151815182,0.5901639344262295,0.0,0.0,0.0,24.0,0.4098360655737705,125.0,0.0,305.0
-0.096377,1010.0,1.101174,2536.0,-97.34047,83.66666666666667,11.5,2.0414201183431953,6.153623188405797,2550.0,0.0,0.004705882352941176,0.009411764705882352,0.00392156862745098,6.885785692006058,0.0,15.0,0.043478260869565216,0.28695652173913044,0.0,0.0,10.0,0.0,0.0,15.0,1.0,0.002898550724637681,14.0,4.0,66.0,0.02588235294117647,0.0,0.16279069767441862,0.05539358600583091,0.5101449275362319,0.0,0.0,0.0,30.0,0.48985507246376814,169.0,0.0,345.0
-0.2326,1143.0,1.261877,2983.0,-265.861922,128.47826086956522,17.217391304347824,1.841860465116279,6.21969696969697,3003.0,0.0,0.00333000333000333,0.014985014985014986,0.00333000333000333,7.273703535245649,0.0,11.0,0.027777777777777776,0.3787878787878788,0.0,0.0,8.0,9.0,0.0,15.0,0.0,0.0,20.0,11.0,118.0,0.039294039294039296,0.0,0.16455696202531644,0.07614213197969544,0.45707070707070707,0.0,0.0,0.0,23.0,0.5429292929292929,215.0,0.0,396.0
-0.1561415,0.0,1.1689919999999998,2347.0,-77.5851265,81.71428571428571,12.785714285714286,2.2948717948717947,4.930167597765363,2393.0,0.0,0.004178854993731718,0.010029251984956121,0.0008357709987463436,6.576279903944369,0.0,0.0,0.0,0.2877094972067039,6.0,0.01675977653631285,32.0,9.0,0.0,16.0,0.0,0.0,46.0,11.0,142.0,0.05933974091099039,0.0,0.21008403361344538,0.08146067415730338,0.5642458100558659,0.0,0.0,0.0,28.0,0.43575418994413406,156.0,0.00558659217877095,358.0
-0.133568,450.0,1.142899,2189.0,-60.105519,120.94444444444444,19.38888888888889,1.7277227722772277,5.100286532951289,2206.0,0.0,0.0013599274705349048,0.0077062556663644605,0.0,7.111978294481039,0.0,0.0,0.0,0.4498567335243553,5.0,0.014326647564469915,8.0,0.0,0.0,16.0,1.0,0.0028653295128939827,17.0,7.0,58.0,0.02629193109700816,0.0,0.08333333333333333,0.011527377521613832,0.4212034383954155,0.0,0.0,0.0,18.0,0.5787965616045845,202.0,0.0,349.0
-0.372101,3072.0,1.45078,16544.0,-1143.095127,1503.5454545454545,153.72727272727272,1.026715239829994,8.764044943820224,16549.0,0.0,0.0001208532237597438,0.0004229862831591033,0.0,10.666517721179298,6.04266118798719e-05,3.0,0.0017740981667652277,0.9532820816085157,5.0,0.0029568302779420462,0.0,0.0,0.0,5.0,3.0,0.0017740981667652277,5.0,2.0,33.0,0.0019940781920357725,6.04266118798719e-05,0.0017751479289940828,0.0,0.026020106445890034,2.0,0.0011827321111768185,6.04266118798719e-05,11.0,0.97397989355411,1647.0,0.0005913660555884093,1691.0
-0.1561415,0.0,1.1689919999999998,1879.0,-77.5851265,116.8125,16.25,2.6804123711340204,5.865384615384615,1896.0,0.0,0.005274261603375527,0.007383966244725738,0.0,5.859393546525145,0.0,13.0,0.05,0.2076923076923077,0.0,0.0,6.0,9.0,0.0,25.0,0.0,0.0,17.0,8.0,88.0,0.046413502109704644,0.0,0.3745173745173745,0.19767441860465115,0.6269230769230769,0.0,0.0,0.0,16.0,0.3730769230769231,97.0,0.0,260.0
-0.09232,562.0,1.096715,1359.0,-51.883644,95.64285714285714,12.642857142857142,1.4873949579831933,6.254237288135593,1373.0,0.0,0.007283321194464676,0.013109978150036417,0.0021849963583394027,6.643130073292618,0.0,7.0,0.03954802259887006,0.4858757062146893,0.0,0.0,9.0,0.0,0.0,7.0,2.0,0.011299435028248588,14.0,5.0,55.0,0.04005826656955572,0.0,0.11931818181818182,0.04,0.327683615819209,0.0,0.0,0.0,14.0,0.672316384180791,119.0,0.0,177.0
-0.07813,3011.0,1.081264,8813.0,-235.250395,231.5,24.657894736842106,4.2207207207207205,8.051227321237993,8854.0,1.0,0.002484752654167608,0.024508696634289586,0.0023718093517054437,5.559386643968541,0.0,3.0,0.0032017075773745998,0.1568836712913554,0.0,0.0,16.0,0.0,2.0,109.0,4.0,0.004268943436499467,41.0,12.0,324.0,0.036593629997741135,0.0,0.6388888888888888,0.5893048128342246,0.7630736392742796,0.0,0.0,0.0,38.0,0.23692636072572038,222.0,0.005336179295624333,937.0
-0.1561415,0.0,1.1689919999999998,2417.0,-77.5851265,70.26470588235294,10.852941176470589,2.0274725274725274,5.094850948509485,2444.0,0.0,0.008183306055646482,0.01309328968903437,0.006546644844517185,6.861059174795715,0.0,0.0,0.0,0.3333333333333333,2.0,0.005420054200542005,16.0,19.0,0.0,26.0,3.0,0.008130081300813009,27.0,8.0,183.0,0.0748772504091653,0.0,0.15760869565217392,0.0653950953678474,0.5067750677506775,1.0,0.0027100271002710027,0.0,34.0,0.4932249322493225,182.0,0.0,369.0
-0.155485,476.0,1.168225,2063.0,-74.010998,81.2,13.76,1.764102564102564,4.808139534883721,2081.0,0.0,0.004805382027871216,0.009610764055742432,0.005285920230658337,7.106498821277242,0.0,0.0,0.0,0.40988372093023256,2.0,0.005813953488372093,10.0,0.0,0.0,16.0,3.0,0.00872093023255814,18.0,10.0,74.0,0.035559827006247,0.0,0.06705539358600583,0.0029239766081871343,0.4331395348837209,5.0,0.014534883720930232,0.0,25.0,0.5668604651162791,195.0,0.0029069767441860465,344.0
-0.315877,3072.0,1.371462,15744.0,-970.374352,873.7222222222222,102.77777777777777,1.1151295961422543,7.475675675675675,15753.0,0.0,0.00038087983241287375,0.00044435980448168604,0.00044435980448168604,10.62314538329007,6.347997206881229e-05,0.0,0.0,0.8156756756756757,2.0,0.001081081081081081,5.0,5.0,0.0,7.0,1.0,0.0005405405405405405,9.0,5.0,69.0,0.004380118072748048,0.0,0.0037858301784748512,0.0,0.10324324324324319,2.0,0.001081081081081081,6.347997206881229e-05,18.0,0.8967567567567568,1659.0,0.002702702702702703,1850.0
-0.1561415,0.0,1.1689919999999998,2411.0,-77.5851265,76.83870967741936,11.290322580645162,2.095808383233533,5.588571428571429,2424.0,0.0,0.004537953795379538,0.009075907590759076,0.004537953795379538,6.8224832300448,0.0,16.0,0.045714285714285714,0.3,0.0,0.0,10.0,10.0,0.0,16.0,2.0,0.005714285714285714,13.0,3.0,117.0,0.04826732673267327,0.0,0.27507163323782235,0.16091954022988506,0.5228571428571429,0.0,0.0,0.0,31.0,0.47714285714285715,167.0,0.0,350.0
-0.107224,706.0,1.113184,1667.0,-75.700413,78.19047619047619,10.857142857142858,1.5724137931034483,5.947368421052632,1683.0,0.0,0.0053475935828877,0.008318478906714201,0.004753416518122401,6.774130446733051,0.0,6.0,0.02631578947368421,0.5087719298245614,0.0,0.0,8.0,8.0,0.0,9.0,2.0,0.008771929824561403,16.0,9.0,85.0,0.050505050505050504,0.0,0.15859030837004406,0.06637168141592921,0.36403508771929827,0.0,0.0,0.0,21.0,0.6359649122807017,145.0,0.0,228.0
-0.170026,982.0,1.185336,2519.0,-166.965663,85.6896551724138,12.310344827586206,2.1636363636363636,5.826330532212885,2539.0,0.0,0.003938558487593541,0.013784954706577392,0.0035447026388341868,6.6642323207058975,0.0,5.0,0.014005602240896359,0.30532212885154064,0.0,0.0,9.0,0.0,0.0,22.0,1.0,0.0028011204481792717,20.0,10.0,85.0,0.03347774714454509,0.0,0.32865168539325845,0.22253521126760564,0.5378151260504201,0.0,0.0,0.0,29.0,0.46218487394957986,165.0,0.0,357.0
-0.1561415,0.0,1.1689919999999998,4600.0,-77.5851265,85.98113207547169,11.773584905660377,2.6,5.955128205128205,4652.0,0.0,0.0060189165950128975,0.00816852966466036,0.004729148753224419,7.176790284374968,0.0,0.0,0.0,0.22115384615384615,15.0,0.02403846153846154,22.0,31.0,0.0,32.0,3.0,0.004807692307692308,52.0,19.0,256.0,0.055030094582975066,0.0,0.22953451043338685,0.10128617363344052,0.6153846153846154,0.0,0.0,0.0,53.0,0.38461538461538464,240.0,0.0,624.0
-0.119129,736.0,1.126515,3309.0,-87.678819,74.3409090909091,11.409090909090908,2.032388663967611,5.396414342629482,3345.0,0.0,0.008968609865470852,0.0053811659192825115,0.006576980568011958,7.336037028979785,0.0,0.0,0.0,0.3187250996015936,12.0,0.02390438247011952,22.0,0.0,0.0,22.0,2.0,0.00398406374501992,36.0,8.0,101.0,0.030194319880418534,0.0,0.1157684630738523,0.034,0.5079681274900398,0.0,0.0,0.0,44.0,0.49203187250996017,247.0,0.0,502.0
-0.346004,2890.0,1.413409,15299.0,-999.95296,1175.923076923077,118.38461538461539,1.0266844563042028,8.921377517868747,15303.0,0.0,6.53466640528001e-05,0.0002613866562112004,0.00039207998431680063,10.529698193400819,6.53466640528001e-05,1.0,0.000649772579597141,0.9545159194282001,5.0,0.003248862897985705,2.0,0.0,0.0,5.0,1.0,0.000649772579597141,4.0,2.0,37.0,0.002417826569953604,6.53466640528001e-05,0.0,0.0,0.02599090318388564,1.0,0.000649772579597141,0.0001306933281056002,13.0,0.9740090968161144,1499.0,0.001949317738791423,1539.0
-0.1561415,0.0,1.1689919999999998,2348.0,-77.5851265,61.13157894736842,8.210526315789474,2.311111111111111,5.923076923076923,2390.0,0.0,0.010460251046025104,0.0029288702928870294,0.007531380753138075,6.431754213971903,0.0,16.0,0.05128205128205128,0.25961538461538464,0.0,0.0,18.0,26.0,0.0,20.0,5.0,0.016025641025641024,42.0,16.0,174.0,0.07280334728033473,0.0,0.28938906752411575,0.17419354838709677,0.5673076923076923,0.0,0.0,0.0,38.0,0.4326923076923077,135.0,0.0,312.0
-0.106917,859.0,1.112842,2002.0,-91.841919,81.16666666666667,10.5,1.826086956521739,6.392857142857143,2033.0,0.0,0.003935071323167732,0.0054107230693556324,0.002951303492375799,6.718816891963771,0.0,16.0,0.06349206349206349,0.3253968253968254,0.0,0.0,23.0,0.0,0.0,16.0,0.0,0.0,31.0,7.0,64.0,0.03148057058534186,0.0,0.19123505976095617,0.108,0.45238095238095233,0.0,0.0,0.0,24.0,0.5476190476190477,138.0,0.0,252.0
-0.257065,738.0,1.293129,1931.0,-189.713991,86.95454545454545,11.5,1.7210884353741496,6.403162055335969,1948.0,0.0,0.0077002053388090345,0.009753593429158111,0.005646817248459959,6.649192735845308,0.0,6.0,0.023715415019762844,0.43873517786561267,0.0,0.0,11.0,0.0,0.0,13.0,1.0,0.003952569169960474,17.0,4.0,57.0,0.029260780287474333,0.0,0.20634920634920634,0.14741035856573706,0.4189723320158103,0.0,0.0,0.0,22.0,0.5810276679841897,147.0,0.0,253.0
-0.1561415,0.0,1.1689919999999998,2841.0,-77.5851265,75.91891891891892,11.81081081081081,2.9527027027027026,5.091533180778032,2877.0,0.0,0.007994438651372959,0.0045185957594716716,0.005561348627042058,6.4588866856464335,0.0,0.0,0.0,0.16018306636155608,1.0,0.002288329519450801,22.0,20.0,0.0,27.0,0.0,0.0,36.0,10.0,166.0,0.05769899200556135,0.0,0.34174311926605505,0.2160919540229885,0.6613272311212814,0.0,0.0,0.0,37.0,0.33867276887871856,148.0,0.0,437.0
-0.119094,399.0,1.126476,2034.0,-47.518495,100.6,15.2,1.8313253012048192,5.516447368421052,2046.0,0.0,0.003421309872922776,0.010263929618768328,0.002932551319648094,6.87509392900102,0.0,0.0,0.0,0.3980263157894737,3.0,0.009868421052631578,6.0,0.0,0.0,16.0,0.0,0.0,12.0,7.0,52.0,0.02541544477028348,0.0,0.1188118811881188,0.04966887417218543,0.45394736842105265,0.0,0.0,0.0,20.0,0.5460526315789473,166.0,0.0,304.0
-0.375386,3072.0,1.455553,16035.0,-1153.185235,727.9090909090909,75.36363636363636,1.0567240280433396,8.64053075995175,16046.0,0.0,0.0004985666209647265,0.00031160413810295403,0.0004362457933441356,10.578136032456294,6.23208276205908e-05,3.0,0.0018094089264173703,0.9028950542822678,4.0,0.0024125452352231603,7.0,0.0,0.0,5.0,1.0,0.0006031363088057901,11.0,5.0,49.0,0.003053720553408949,0.0,0.0030175015087507543,0.0012077294685990338,0.05367913148371528,0.0,0.0,6.23208276205908e-05,22.0,0.9463208685162847,1569.0,0.0006031363088057901,1658.0
-0.1561415,0.0,1.1689919999999998,1379.0,-77.5851265,105.23076923076923,13.307692307692308,2.1097560975609757,6.676300578034682,1395.0,0.0,0.0014336917562724014,0.005734767025089606,0.0,5.937359524853703,0.0,13.0,0.07514450867052024,0.24277456647398843,0.0,0.0,8.0,2.0,0.0,13.0,0.0,0.0,16.0,6.0,39.0,0.02795698924731183,0.0,0.25,0.15789473684210525,0.5260115606936416,0.0,0.0,0.0,13.0,0.47398843930635837,82.0,0.0,173.0
-0.11848,380.0,1.125784,988.0,-45.022422,122.375,16.75,1.4408602150537635,6.2164179104477615,992.0,0.0,0.0,0.008064516129032258,0.0,6.240842378383212,0.0,11.0,0.08208955223880597,0.5298507462686567,0.0,0.0,0.0,0.0,0.0,11.0,0.0,0.0,4.0,3.0,21.0,0.021169354838709676,0.0,0.06015037593984962,0.022727272727272728,0.30597014925373134,0.0,0.0,0.0,8.0,0.6940298507462687,93.0,0.0,134.0
-0.289955,629.0,1.336367,1817.0,-182.381653,128.92857142857142,17.214285714285715,1.3314917127071824,6.232365145228216,1826.0,0.0,0.000547645125958379,0.01533406352683461,0.002738225629791895,7.20559165804648,0.0,9.0,0.03734439834024896,0.6473029045643154,0.0,0.0,3.0,4.0,0.0,9.0,2.0,0.008298755186721992,9.0,4.0,71.0,0.03888280394304491,0.0,0.03333333333333333,0.008368200836820083,0.24896265560165975,0.0,0.0,0.0,14.0,0.7510373443983402,181.0,0.008298755186721992,241.0
-0.1561415,0.0,1.1689919999999998,2609.0,-77.5851265,52.51020408163265,7.326530612244898,2.425675675675676,5.654596100278551,2662.0,0.0,0.010518407212622089,0.003756574004507889,0.007888805409466567,6.703653828603714,0.0,0.0,0.0,0.20055710306406685,2.0,0.005571030640668524,27.0,25.0,0.0,16.0,1.0,0.002785515320334262,53.0,17.0,209.0,0.07851239669421488,0.0,0.20949720670391062,0.07563025210084033,0.5877437325905293,1.0,0.002785515320334262,0.0,49.0,0.41225626740947074,148.0,0.0,359.0
-0.107064,748.0,1.113005,3714.0,-80.083874,287.7692307692308,37.38461538461539,1.7608695652173914,6.407407407407407,3756.0,0.0,0.004259850905218318,0.009052183173588925,0.001597444089456869,7.490707569143252,0.0,0.0,0.0,0.43415637860082307,4.0,0.00823045267489712,24.0,0.0,0.0,22.0,1.0,0.00205761316872428,42.0,15.0,98.0,0.026091586794462194,0.0,0.10515463917525773,0.02066115702479339,0.4320987654320988,0.0,0.0,0.0,13.0,0.5679012345679012,276.0,0.0,486.0
-0.2165,358.0,1.241722,1827.0,-77.506826,113.125,16.25,1.2621359223300972,5.857692307692307,1836.0,0.0,0.0005446623093681918,0.006535947712418301,0.0027233115468409588,7.461162416881397,0.0,0.0,0.0,0.676923076923077,3.0,0.011538461538461539,5.0,0.0,0.0,12.0,1.0,0.0038461538461538464,9.0,3.0,43.0,0.023420479302832243,0.0,0.03474903474903475,0.011627906976744186,0.20769230769230773,0.0,0.0,0.0005446623093681918,16.0,0.7923076923076923,206.0,0.0,260.0
-0.1561415,0.0,1.1689919999999998,2440.0,-77.5851265,143.11764705882354,18.0,2.33587786259542,6.313725490196078,2475.0,0.0,0.0028282828282828283,0.0036363636363636364,0.0,6.43667264433372,0.0,11.0,0.03594771241830065,0.23529411764705882,0.0,0.0,18.0,13.0,0.0,23.0,0.0,0.0,35.0,8.0,138.0,0.055757575757575756,0.0,0.35081967213114756,0.2565789473684211,0.5718954248366013,0.0,0.0,0.0,17.0,0.42810457516339867,131.0,0.0,306.0
-0.101015,614.0,1.106293,1519.0,-62.022929,65.04347826086956,8.652173913043478,1.4113475177304964,6.396984924623116,1535.0,0.0,0.007817589576547232,0.005211726384364821,0.006514657980456026,6.863748470961414,0.0,11.0,0.05527638190954774,0.5527638190954773,0.0,0.0,10.0,0.0,0.0,11.0,1.0,0.005025125628140704,16.0,4.0,45.0,0.029315960912052116,0.0,0.045454545454545456,0.005076142131979695,0.29145728643216084,0.0,0.0,0.0,23.0,0.7085427135678392,141.0,0.0,199.0
-0.21378,565.0,1.23835,1625.0,-120.785814,179.33333333333334,25.0,1.6304347826086956,6.04,1631.0,0.0,0.0,0.018393623543838136,0.0,6.678238027111665,0.0,0.0,0.0,0.4666666666666667,0.0,0.0,0.0,0.0,0.0,16.0,2.0,0.008888888888888889,6.0,4.0,39.0,0.023911710606989576,0.0,0.12053571428571429,0.053811659192825115,0.3866666666666667,0.0,0.0,0.0,9.0,0.6133333333333333,138.0,0.0,225.0
-0.1561415,0.0,1.1689919999999998,2695.0,-77.5851265,76.4,10.371428571428572,2.039325842696629,5.950413223140496,2735.0,0.0,0.008043875685557587,0.008043875685557587,0.006215722120658135,6.878982843583237,0.0,0.0,0.0,0.325068870523416,1.0,0.0027548209366391185,17.0,20.0,0.0,17.0,0.0,0.0,40.0,15.0,180.0,0.06581352833638025,0.0,0.1685082872928177,0.07756232686980609,0.5096418732782368,0.0,0.0,0.0,35.0,0.4903581267217631,178.0,0.0,363.0
-0.100682,472.0,1.105925,2345.0,-47.521911,85.74074074074075,12.25925925925926,1.6467661691542288,5.836858006042296,2359.0,0.0,0.002967359050445104,0.007630351844001695,0.002543450614667232,7.154561717885437,0.0,0.0,0.0,0.48036253776435045,1.0,0.0030211480362537764,6.0,6.0,0.0,11.0,2.0,0.006042296072507553,14.0,8.0,89.0,0.037727850784230604,0.0,0.12121212121212122,0.0425531914893617,0.3927492447129909,0.0,0.0,0.0,27.0,0.6072507552870091,201.0,0.0,331.0
-0.226239,3072.0,1.253876,13343.0,-695.00672,369.9166666666667,42.361111111111114,1.2655601659751037,7.639344262295082,13369.0,0.0,0.0016455980252823696,0.0008975989228812925,0.0011967985638417233,9.41991958321894,7.479991024010771e-05,1.0,0.0006557377049180328,0.7337704918032787,3.0,0.0019672131147540984,16.0,19.0,0.0,188.0,4.0,0.002622950819672131,26.0,6.0,172.0,0.012865584561298526,0.0,0.12926509186351706,0.12409717662508207,0.20983606557377055,1.0,0.0006557377049180328,7.479991024010771e-05,36.0,0.7901639344262295,1205.0,0.0,1525.0
-0.1561415,0.0,1.1689919999999998,1641.0,-77.5851265,116.42857142857143,14.428571428571429,1.7264957264957266,6.5,1663.0,0.0,0.00841852074564041,0.0072158749248346366,0.0,6.518798926758533,0.0,10.0,0.04950495049504951,0.3811881188118812,0.0,0.0,12.0,14.0,0.0,10.0,2.0,0.009900990099009901,22.0,8.0,108.0,0.06494287432351173,0.0,0.13930348258706468,0.055,0.42079207920792083,0.0,0.0,0.0,14.0,0.5792079207920792,117.0,0.0,202.0
-0.078692,1431.0,1.081871,3481.0,-112.607793,115.13333333333334,14.366666666666667,2.462857142857143,6.9257540603248255,3492.0,0.0,0.003150057273768614,0.006872852233676976,0.003150057273768614,6.645214113097146,0.0,20.0,0.04640371229698376,0.2668213457076566,0.0,0.0,10.0,0.0,0.0,27.0,2.0,0.004640371229698376,11.0,2.0,65.0,0.01861397479954181,0.0,0.3883720930232558,0.2937062937062937,0.5939675174013921,0.0,0.0,0.0,30.0,0.4060324825986079,175.0,0.0,431.0
-0.183811,790.0,1.201789,2278.0,-145.210903,133.23529411764707,17.647058823529413,1.9607843137254901,6.363333333333333,2290.0,0.0,0.0017467248908296944,0.013100436681222707,0.0013100436681222707,6.795924976840594,0.0,1.0,0.0033333333333333335,0.33,0.0,0.0,6.0,0.0,0.0,17.0,3.0,0.01,12.0,4.0,62.0,0.027074235807860263,0.0,0.27424749163879597,0.20469798657718122,0.49,0.0,0.0,0.0,17.0,0.51,153.0,0.0,300.0
-0.1561415,0.0,1.1689919999999998,4025.0,-77.5851265,117.88235294117646,16.235294117647058,2.816326530612245,5.788043478260869,4069.0,0.0,0.005160973212091423,0.009093143278446793,0.0034406488080609486,6.9692015842523105,0.0,0.0,0.0,0.1721014492753623,2.0,0.0036231884057971015,14.0,26.0,0.0,28.0,0.0,0.0,44.0,15.0,241.0,0.05922831162447776,0.0,0.2577132486388385,0.12,0.644927536231884,0.0,0.0,0.0,34.0,0.35507246376811596,196.0,0.0,552.0
-0.138861,425.0,1.148964,2067.0,-59.015882,119.52941176470588,18.294117647058822,1.8294117647058823,5.389067524115756,2081.0,0.0,0.004805382027871216,0.005285920230658337,0.0009610764055742432,6.917418278118906,0.0,0.0,0.0,0.38263665594855306,5.0,0.01607717041800643,10.0,0.0,0.0,14.0,2.0,0.006430868167202572,14.0,4.0,50.0,0.024026910139356077,0.0,0.1032258064516129,0.032362459546925564,0.4533762057877814,0.0,0.0,0.0,17.0,0.5466237942122186,170.0,0.0,311.0
-0.327056,2275.0,1.386879,11483.0,-744.052106,603.1052631578947,70.73684210526316,1.0410534469403563,7.4367559523809526,11491.0,0.0,0.00017404925593943085,0.0002610738839091463,0.0005221477678182926,10.302076193228801,8.702462796971542e-05,0.0,0.0,0.9308035714285714,3.0,0.002232142857142857,6.0,0.0,0.0,8.0,1.0,0.000744047619047619,15.0,4.0,76.0,0.006613871725698372,8.702462796971542e-05,0.0029784065524944155,0.0007451564828614009,0.039434523809523836,0.0,0.0,8.702462796971542e-05,19.0,0.9605654761904762,1291.0,0.001488095238095238,1344.0
-0.1561415,0.0,1.1689919999999998,2008.0,-77.5851265,83.08333333333333,11.208333333333334,2.6372549019607843,6.074349442379182,2031.0,0.0,0.005908419497784343,0.004923682914820286,0.004431314623338257,6.2232542098416515,0.0,13.0,0.048327137546468404,0.15985130111524162,0.0,0.0,9.0,13.0,0.0,14.0,1.0,0.0037174721189591076,23.0,9.0,98.0,0.0482520925652388,0.0009847365829640572,0.2835820895522388,0.13108614232209737,0.620817843866171,2.0,0.007434944237918215,0.0,24.0,0.379182156133829,102.0,0.0,269.0
-0.094312,1199.0,1.098903,2929.0,-113.080274,100.10344827586206,13.517241379310345,2.1777777777777776,6.311224489795919,2940.0,0.0,0.0037414965986394557,0.007823129251700681,0.0037414965986394557,6.8125670482634195,0.0,15.0,0.03826530612244898,0.29591836734693877,0.0,0.0,10.0,0.0,0.0,25.0,2.0,0.00510204081632653,11.0,2.0,63.0,0.02142857142857143,0.0,0.27621483375959077,0.1564102564102564,0.5408163265306123,0.0,0.0,0.0,29.0,0.45918367346938777,180.0,0.0,392.0
-0.220664,596.0,1.246904,1661.0,-131.515562,109.93333333333334,14.0,1.3636363636363635,6.6571428571428575,1670.0,0.0,0.003592814371257485,0.010179640718562874,0.003592814371257485,7.055489820391659,0.0,4.0,0.01904761904761905,0.5666666666666667,0.0,0.0,6.0,0.0,0.0,8.0,0.0,0.0,9.0,3.0,53.0,0.03173652694610778,0.0,0.09090909090909091,0.0625,0.2666666666666667,0.0,0.0,0.0,15.0,0.7333333333333333,154.0,0.0,210.0
-0.1561415,0.0,1.1689919999999998,3503.0,-77.5851265,93.86486486486487,14.162162162162161,2.8324324324324324,5.358778625954199,3534.0,0.0,0.00622524052065648,0.005659309564233163,0.004810413129598189,6.760896047858063,0.0,0.0,0.0,0.183206106870229,14.0,0.026717557251908396,17.0,21.0,0.0,36.0,5.0,0.009541984732824428,31.0,10.0,167.0,0.04725523486134692,0.0,0.28489483747609945,0.1532567049808429,0.6469465648854962,1.0,0.0019083969465648854,0.0,37.0,0.3530534351145038,185.0,0.0,524.0
-0.168681,663.0,1.183743,3277.0,-111.835808,98.39393939393939,14.545454545454545,1.9047619047619047,5.658333333333333,3302.0,0.0,0.0060569351907934586,0.0072683222289521504,0.0045427013930950935,7.413397726530635,0.0,0.0,0.0,0.35625,9.0,0.01875,15.0,0.0,0.0,23.0,3.0,0.00625,25.0,6.0,85.0,0.0257419745608722,0.0,0.0918580375782881,0.027196652719665274,0.475,0.0,0.0,0.0,33.0,0.525,252.0,0.0,480.0
-0.169742,236.0,1.184999,1236.0,-40.059069,136.22222222222223,20.0,1.1538461538461537,5.722222222222222,1239.0,0.0,0.0,0.005649717514124294,0.0,7.1394868631895605,0.0,0.0,0.0,0.8,3.0,0.016666666666666666,0.0,2.0,0.0,7.0,0.0,0.0,3.0,2.0,27.0,0.021791767554479417,0.0,0.00558659217877095,0.0,0.1333333333333333,2.0,0.011111111111111112,0.0008071025020177562,9.0,0.8666666666666667,156.0,0.0,180.0
-0.1561415,0.0,1.1689919999999998,3065.0,-77.5851265,92.0909090909091,11.848484848484848,2.6066666666666665,6.434782608695652,3094.0,0.0,0.006464124111182934,0.006787330316742082,0.004848093083387201,6.693626276021713,0.0,14.0,0.03580562659846547,0.20460358056265984,0.0,0.0,15.0,19.0,0.0,17.0,3.0,0.0076726342710997444,29.0,10.0,150.0,0.04848093083387201,0.0,0.34102564102564104,0.2185089974293059,0.6163682864450128,0.0,0.0,0.0,33.0,0.3836317135549872,150.0,0.0,391.0
-0.126941,572.0,1.13535,1400.0,-72.610007,85.375,11.0,1.543859649122807,6.4772727272727275,1421.0,0.0,0.00422237860661506,0.0028149190710767065,0.0028149190710767065,6.540750706654046,0.0,9.0,0.05113636363636364,0.4659090909090909,0.0,0.0,15.0,0.0,0.0,9.0,0.0,0.0,21.0,5.0,37.0,0.026038001407459536,0.0,0.10857142857142857,0.040229885057471264,0.3522727272727273,0.0,0.0,0.0,16.0,0.6477272727272727,114.0,0.0,176.0
-0.12947,840.0,1.138225,2264.0,-108.754621,82.96296296296296,10.0,2.076923076923077,7.137037037037037,2287.0,0.0,0.008307826847398338,0.007870572802798426,0.005684302579798863,6.573891806260172,0.0,1.0,0.003703703703703704,0.25925925925925924,0.0,0.0,13.0,0.0,0.0,13.0,3.0,0.011111111111111112,23.0,5.0,64.0,0.027984258854394404,0.0,0.26022304832713755,0.1455223880597015,0.5185185185185186,0.0,0.0,0.0,27.0,0.48148148148148145,130.0,0.0,270.0
-0.1561415,0.0,1.1689919999999998,3466.0,-77.5851265,93.13513513513513,12.54054054054054,2.5081081081081082,5.793103448275862,3523.0,0.0,0.006244677831393698,0.007380073800738007,0.0034061879080329264,6.834250037371504,0.0,0.0,0.0,0.2413793103448276,2.0,0.004310344827586207,20.0,30.0,0.0,21.0,0.0,0.0,57.0,19.0,259.0,0.073516889015044,0.0,0.2203023758099352,0.08658008658008658,0.6012931034482758,0.0,0.0,0.0,37.0,0.39870689655172414,185.0,0.0,464.0
-0.154549,530.0,1.167132,2365.0,-81.911154,81.46428571428571,10.821428571428571,1.6378378378378378,6.1749174917491745,2402.0,0.0,0.002497918401332223,0.00791007493755204,0.0008326394671107411,7.080906994867259,0.0,1.0,0.0033003300330033004,0.4521452145214521,4.0,0.013201320132013201,27.0,0.0,0.0,17.0,1.0,0.0033003300330033004,37.0,7.0,88.0,0.03663613655287261,0.0,0.08278145695364239,0.013289036544850499,0.3894389438943895,0.0,0.0,0.0,28.0,0.6105610561056105,185.0,0.0,303.0
-0.361663,3072.0,1.435715,16825.0,-1111.027857,579.2413793103449,66.75862068965517,1.071982281284607,7.628615702479339,16838.0,0.0,0.0005345052856633804,0.002553747475947262,0.0009502316189571207,10.729251609274314,0.0,3.0,0.0015495867768595042,0.8997933884297521,5.0,0.0025826446280991736,5.0,2.0,0.0,17.0,1.0,0.0005165289256198347,13.0,7.0,121.0,0.007186126618363226,5.938947618482005e-05,0.004134366925064599,0.0015511892450879006,0.06714876033057848,2.0,0.0010330578512396695,5.938947618482005e-05,29.0,0.9328512396694215,1806.0,0.006714876033057851,1936.0
-0.1561415,0.0,1.1689919999999998,2572.0,-77.5851265,150.8235294117647,18.529411764705884,2.5,6.546031746031746,2606.0,0.0,0.0030698388334612432,0.005755947812739831,0.0,6.390323861031388,0.0,19.0,0.06031746031746032,0.17142857142857143,0.0,0.0,18.0,12.0,0.0,19.0,4.0,0.012698412698412698,34.0,8.0,135.0,0.05180353031465848,0.0,0.36942675159235666,0.23961661341853036,0.6,0.0,0.0,0.0,17.0,0.4,126.0,0.0,315.0
-0.119979,604.0,1.127473,1634.0,-72.467062,124.53846153846153,17.615384615384617,1.5684931506849316,5.921397379912664,1640.0,0.0,0.0012195121951219512,0.01707317073170732,0.0012195121951219512,6.83945682145168,0.0,10.0,0.043668122270742356,0.47161572052401746,0.0,0.0,2.0,0.0,0.0,10.0,0.0,0.0,6.0,4.0,47.0,0.028658536585365855,0.0,0.12280701754385964,0.06167400881057269,0.36244541484716153,0.0,0.0,0.0,13.0,0.6375545851528385,146.0,0.0,229.0
-0.259267,731.0,1.295979,2130.0,-189.523887,111.15789473684211,14.947368421052632,1.6045197740112995,6.25,2148.0,0.0,0.000931098696461825,0.013500931098696461,0.00186219739292365,7.032338709103185,0.0,7.0,0.02464788732394366,0.4894366197183099,0.0,0.0,8.0,0.0,0.0,11.0,0.0,0.0,18.0,7.0,58.0,0.027001862197392923,0.0,0.12367491166077739,0.05673758865248227,0.37676056338028174,0.0,0.0,0.0,19.0,0.6232394366197183,177.0,0.0,284.0
-0.1561415,0.0,1.1689919999999998,2203.0,-77.5851265,75.03448275862068,11.0,2.4166666666666665,5.410658307210031,2232.0,0.0,0.007168458781362007,0.013888888888888888,0.004480286738351254,6.459677978673148,0.0,0.0,0.0,0.22884012539184953,2.0,0.006269592476489028,18.0,13.0,0.0,18.0,0.0,0.0,29.0,8.0,141.0,0.06317204301075269,0.0,0.24213836477987422,0.15457413249211358,0.5862068965517242,0.0,0.0,0.0,29.0,0.41379310344827586,132.0,0.0,319.0
-0.172486,349.0,1.188255,1769.0,-60.197678,125.21428571428571,18.857142857142858,1.7254901960784315,5.534090909090909,1775.0,0.0,0.0011267605633802818,0.011267605633802818,0.0011267605633802818,6.784262813689228,0.0,0.0,0.0,0.42803030303030304,2.0,0.007575757575757576,2.0,0.0,0.0,17.0,1.0,0.003787878787878788,6.0,4.0,48.0,0.027042253521126762,0.0,0.10266159695817491,0.04961832061068702,0.4204545454545454,0.0,0.0,0.0,14.0,0.5795454545454546,153.0,0.0,264.0
-0.340425,3072.0,1.405545,15564.0,-1045.785288,1296.1666666666667,149.33333333333334,1.102091020910209,7.626116071428571,15568.0,0.0,6.423432682425488e-05,0.0044321685508735865,6.423432682425488e-05,10.591317793255799,0.0,1.0,0.0005580357142857143,0.8370535714285714,1.0,0.0005580357142857143,0.0,1.0,0.0,13.0,2.0,0.0011160714285714285,4.0,3.0,110.0,0.007065775950668037,0.0,0.00446677833612507,0.0011173184357541898,0.0926339285714286,1.0,0.0005580357142857143,6.423432682425488e-05,12.0,0.9073660714285714,1626.0,0.006138392857142857,1792.0
-0.1561415,0.0,1.1689919999999998,1574.0,-77.5851265,86.61111111111111,11.333333333333334,1.837837837837838,6.254901960784314,1601.0,0.0,0.004372267332916927,0.005621486570893191,0.0,6.438836176078701,0.0,9.0,0.04411764705882353,0.3333333333333333,0.0,0.0,19.0,2.0,0.0,9.0,2.0,0.00980392156862745,27.0,6.0,61.0,0.038101186758276076,0.0,0.21674876847290642,0.1188118811881188,0.4558823529411765,0.0,0.0,0.0,18.0,0.5441176470588235,111.0,0.0,204.0
-0.14205,594.0,1.152635,1536.0,-84.377879,101.0,13.733333333333333,1.6220472440944882,6.160194174757281,1546.0,0.0,0.00258732212160414,0.01034928848641656,0.00129366106080207,6.670169957755959,0.0,5.0,0.024271844660194174,0.4223300970873786,0.0,0.0,6.0,0.0,0.0,13.0,1.0,0.0048543689320388345,10.0,4.0,44.0,0.028460543337645538,0.0,0.15121951219512195,0.0784313725490196,0.383495145631068,0.0,0.0,0.0,15.0,0.616504854368932,127.0,0.0,206.0
-0.203135,633.0,1.225238,1768.0,-128.584386,75.8695652173913,10.652173913043478,1.6666666666666667,6.016326530612245,1784.0,0.0,0.0011210762331838565,0.010089686098654708,0.005605381165919282,6.863039595380439,0.0,7.0,0.02857142857142857,0.3836734693877551,0.0,0.0,10.0,0.0,0.0,13.0,1.0,0.004081632653061225,16.0,4.0,51.0,0.02858744394618834,0.0,0.11475409836065574,0.04938271604938271,0.4,0.0,0.0,0.0,23.0,0.6,147.0,0.0,245.0
-0.1561415,0.0,1.1689919999999998,2838.0,-77.5851265,80.42857142857143,11.257142857142858,2.7943262411347516,5.802030456852792,2875.0,0.0,0.008347826086956521,0.0038260869565217392,0.005565217391304348,6.53481537953954,0.0,0.0,0.0,0.18527918781725888,3.0,0.007614213197969543,16.0,19.0,0.0,20.0,3.0,0.007614213197969543,37.0,14.0,158.0,0.05495652173913043,0.0,0.26463104325699743,0.12755102040816327,0.6421319796954315,0.0,0.0,0.0,35.0,0.35786802030456855,141.0,0.0,394.0
-0.107834,314.0,1.113863,1520.0,-33.859986,87.0,12.235294117647058,1.5294117647058822,5.927884615384615,1536.0,0.0,0.0013020833333333333,0.005208333333333333,0.0013020833333333333,6.725871763908569,0.0,0.0,0.0,0.4951923076923077,1.0,0.004807692307692308,12.0,0.0,0.0,12.0,1.0,0.004807692307692308,16.0,4.0,44.0,0.028645833333333332,0.0,0.07729468599033816,0.043689320388349516,0.34615384615384615,0.0,0.0,0.0,17.0,0.6538461538461539,136.0,0.0,208.0
-0.33384,3048.0,1.396319,15295.0,-1017.543282,694.6818181818181,66.5909090909091,1.0287921348314606,9.343344709897611,15302.0,0.0,0.00026140373807345446,0.0011109658868121814,0.0010456149522938179,10.452606926797031,0.00013070186903672723,3.0,0.0020477815699658703,0.9522184300341296,4.0,0.0027303754266211604,5.0,2.0,0.0,5.0,2.0,0.0013651877133105802,8.0,3.0,139.0,0.009083779898052542,0.00013070186903672723,0.00273224043715847,0.000683526999316473,0.027986348122866933,2.0,0.0013651877133105802,0.00013070186903672723,22.0,0.9720136518771331,1424.0,0.0006825938566552901,1465.0
-0.1561415,0.0,1.1689919999999998,2530.0,-77.5851265,125.8,15.4,2.9056603773584904,6.805194805194805,2552.0,0.0,0.004702194357366771,0.003918495297805642,0.0,5.944860072810447,0.0,17.0,0.05519480519480519,0.18506493506493507,0.0,0.0,11.0,14.0,0.0,20.0,0.0,0.0,22.0,8.0,109.0,0.042711598746081506,0.0,0.4495114006514658,0.32679738562091504,0.6558441558441559,0.0,0.0,0.0,20.0,0.34415584415584416,106.0,0.0,308.0
-0.111457,1017.0,1.117905,2430.0,-113.35143,120.25,15.35,1.7745664739884393,6.612377850162867,2448.0,0.0,0.003676470588235294,0.00980392156862745,0.0032679738562091504,6.930425833720137,0.0,14.0,0.04560260586319218,0.4006514657980456,0.0,0.0,8.0,8.0,0.0,14.0,0.0,0.0,18.0,10.0,85.0,0.034722222222222224,0.0,0.20261437908496732,0.10163934426229508,0.4364820846905537,0.0,0.0,0.0,20.0,0.5635179153094463,173.0,0.0,307.0
-0.378307,3072.0,1.459811,14632.0,-1162.159019,405.6666666666667,40.80555555555556,1.0530465949820789,8.68141592920354,14642.0,0.0,0.0016391203387515366,0.0011610435732823385,0.007102854801256659,10.40606410265465,0.0,0.0,0.0,0.911504424778761,2.0,0.0013614703880190605,5.0,5.0,0.0,7.0,2.0,0.0013614703880190605,29.0,7.0,191.0,0.013044666029230979,0.0,0.006130790190735695,0.0027266530334014998,0.05037440435670526,2.0,0.0013614703880190605,6.829668078131402e-05,36.0,0.9496255956432947,1395.0,0.008849557522123894,1469.0
-0.1561415,0.0,1.1689919999999998,3081.0,-77.5851265,87.48571428571428,12.17142857142857,2.6459627329192545,5.880281690140845,3118.0,0.0,0.006735086593970494,0.004810776138550353,0.005772931366260423,6.7173860995556804,0.0,0.0,0.0,0.19248826291079812,6.0,0.014084507042253521,18.0,17.0,0.0,19.0,5.0,0.011737089201877934,37.0,13.0,161.0,0.05163566388710712,0.0,0.2847058823529412,0.1509433962264151,0.6220657276995305,0.0,0.0,0.0,35.0,0.3779342723004695,161.0,0.0,426.0
-0.141994,236.0,1.15257,1134.0,-33.51063,93.58333333333333,14.0,1.4736842105263157,5.553571428571429,1140.0,0.0,0.002631578947368421,0.010526315789473684,0.0017543859649122807,6.538994527324645,0.0,0.0,0.0,0.5297619047619048,0.0,0.0,2.0,0.0,0.0,8.0,0.0,0.0,6.0,4.0,41.0,0.035964912280701755,0.0,0.0658682634730539,0.024096385542168676,0.3214285714285714,8.0,0.047619047619047616,0.0,12.0,0.6785714285714286,114.0,0.0,168.0
-0.371548,3072.0,1.449978,16314.0,-1141.396402,857.9473684210526,90.10526315789474,1.0294648226097414,8.496495327102803,16328.0,0.0,0.0002449779519843214,0.0011636452719255266,0.00030622243998040176,10.675524315262372,0.0,2.0,0.0011682242990654205,0.9509345794392523,2.0,0.0011682242990654205,2.0,0.0,0.0,6.0,0.0,0.0,14.0,7.0,58.0,0.0035521803037726605,0.0,0.0005844535359438924,0.0,0.028621495327102786,1.0,0.0005841121495327102,6.124448799608035e-05,19.0,0.9713785046728972,1663.0,0.0,1712.0
-0.1561415,0.0,1.1689919999999998,2178.0,-77.5851265,219.2,27.6,2.208,6.608695652173913,2212.0,0.0,0.0018083182640144665,0.009041591320072333,0.0,6.358034276664704,0.0,19.0,0.06884057971014493,0.29347826086956524,0.0,0.0,12.0,2.0,0.0,19.0,4.0,0.014492753623188406,34.0,14.0,54.0,0.024412296564195298,0.0,0.3090909090909091,0.19708029197080293,0.5471014492753623,0.0,0.0,0.0,10.0,0.4528985507246377,125.0,0.0,276.0
-0.096174,471.0,1.100951,1197.0,-45.298138,98.58333333333333,13.166666666666666,1.4495412844036697,6.39873417721519,1203.0,0.0,0.0016625103906899418,0.00997506234413965,0.0016625103906899418,6.538364944572372,0.0,7.0,0.04430379746835443,0.5063291139240507,0.0,0.0,2.0,0.0,0.0,7.0,0.0,0.0,6.0,4.0,26.0,0.021612635078969242,0.0,0.10828025477707007,0.04487179487179487,0.310126582278481,0.0,0.0,0.0,12.0,0.689873417721519,109.0,0.0,158.0
-0.225126,414.0,1.25248,1111.0,-93.202147,184.0,24.166666666666668,1.4795918367346939,6.43448275862069,1115.0,0.0,0.0,0.023318385650224215,0.0,6.366694283388082,0.0,8.0,0.05517241379310345,0.47586206896551725,0.0,0.0,0.0,0.0,0.0,8.0,0.0,0.0,4.0,3.0,32.0,0.028699551569506727,0.0,0.1527777777777778,0.1048951048951049,0.32413793103448274,0.0,0.0,0.0,6.0,0.6758620689655173,98.0,0.0,145.0
-0.1561415,0.0,1.1689919999999998,2864.0,-77.5851265,101.42857142857143,15.785714285714286,2.9078947368421053,5.0565610859728505,2894.0,0.0,0.007256392536281963,0.010366275051831375,0.002073255010366275,6.525131950179157,0.0,0.0,0.0,0.17194570135746606,0.0,0.0,16.0,20.0,0.0,30.0,2.0,0.004524886877828055,30.0,10.0,174.0,0.060124395300621976,0.0,0.3310657596371882,0.16136363636363638,0.6561085972850679,3.0,0.006787330316742082,0.0,28.0,0.3438914027149321,152.0,0.0022624434389140274,442.0
-0.139792,403.0,1.150035,1962.0,-56.336266,151.46153846153845,20.615384615384617,1.576470588235294,6.063432835820896,1990.0,0.0,0.003015075376884422,0.007035175879396985,0.0010050251256281408,6.969087794207455,0.0,0.0,0.0,0.4962686567164179,2.0,0.007462686567164179,16.0,0.0,0.0,14.0,2.0,0.007462686567164179,28.0,8.0,52.0,0.02613065326633166,0.0,0.0898876404494382,0.041353383458646614,0.3656716417910447,0.0,0.0,0.0,13.0,0.6343283582089553,170.0,0.0,268.0
-0.319432,272.0,1.376346,1484.0,-86.88549,184.75,25.5,1.1147540983606556,6.107843137254902,1487.0,0.0,0.0006724949562878278,0.004707464694014795,0.0006724949562878278,7.4279434646140095,0.0,1.0,0.004901960784313725,0.8333333333333334,2.0,0.00980392156862745,1.0,0.0,0.0,5.0,0.0,0.0,3.0,2.0,33.0,0.02219233355749832,0.0,0.0,0.0,0.1029411764705882,1.0,0.004901960784313725,0.0006724949562878278,8.0,0.8970588235294118,183.0,0.00980392156862745,204.0
-0.1561415,0.0,1.1689919999999998,2029.0,-77.5851265,106.3157894736842,13.368421052631579,2.309090909090909,6.4921259842519685,2058.0,0.0,0.004373177842565598,0.0058309037900874635,0.0,6.311988390573825,0.0,13.0,0.051181102362204724,0.2283464566929134,0.0,0.0,12.0,13.0,0.0,16.0,3.0,0.011811023622047244,29.0,12.0,104.0,0.05053449951409135,0.0009718172983479105,0.2648221343873518,0.14285714285714285,0.5669291338582677,0.0,0.0,0.0,19.0,0.4330708661417323,110.0,0.0,254.0
-0.101317,662.0,1.106627,1722.0,-67.0719,142.58333333333334,19.25,1.9913793103448276,6.264069264069264,1733.0,0.0,0.0005770340450086555,0.0075014425851125215,0.0,6.352834797329304,0.0,6.0,0.025974025974025976,0.3203463203463203,0.0,0.0,6.0,0.0,0.0,16.0,3.0,0.012987012987012988,11.0,4.0,36.0,0.0207732256203116,0.0,0.26521739130434785,0.15283842794759825,0.49783549783549785,0.0,0.0,0.0,12.0,0.5021645021645021,116.0,0.0,231.0
-0.162778,347.0,1.176775,876.0,-56.483867,176.2,24.8,1.441860465116279,5.774193548387097,885.0,0.0,0.007909604519774011,0.014689265536723164,0.011299435028248588,6.188117935711947,0.0,2.0,0.016129032258064516,0.5241935483870968,0.0,0.0,4.0,0.0,0.0,6.0,0.0,0.0,9.0,3.0,31.0,0.03502824858757062,0.0,0.10569105691056911,0.01639344262295082,0.30645161290322576,0.0,0.0,0.0,5.0,0.6935483870967742,86.0,0.0,124.0
-0.1561415,0.0,1.1689919999999998,3308.0,-77.5851265,71.17391304347827,10.173913043478262,3.2054794520547945,5.632478632478633,3348.0,0.0,0.008064516129032258,0.008960573476702509,0.005675029868578256,6.56773280074683,0.0,0.0,0.0,0.1282051282051282,9.0,0.019230769230769232,19.0,22.0,0.0,22.0,4.0,0.008547008547008548,40.0,14.0,204.0,0.06093189964157706,0.0,0.32119914346895073,0.18025751072961374,0.688034188034188,4.0,0.008547008547008548,0.0,46.0,0.31196581196581197,146.0,0.0,468.0
-0.14384,541.0,1.154699,2713.0,-77.817363,83.65625,12.6875,1.8883720930232557,5.497536945812808,2729.0,0.0,0.0029314767314034445,0.010260168559912056,0.002565042139978014,7.143862913900898,0.0,0.0,0.0,0.37192118226600984,10.0,0.024630541871921183,7.0,0.0,0.0,22.0,2.0,0.0049261083743842365,16.0,9.0,73.0,0.02674972517405643,0.0,0.14074074074074075,0.06188118811881188,0.4704433497536946,0.0,0.0,0.0,32.0,0.5295566502463054,215.0,0.0,406.0
-0.285448,3072.0,1.330357,15084.0,-876.895312,376.3,40.575,1.2699530516431925,8.00184842883549,15112.0,0.0,0.0015881418740074113,0.0009925886712546322,0.0015881418740074113,10.176689721758917,0.00026469031233456857,0.0,0.0,0.625385089340727,5.0,0.0030807147258163892,18.0,26.0,4.0,15.0,2.0,0.0012322858903265558,31.0,6.0,451.0,0.029843832715722603,0.0,0.07768187422934648,0.05305367057371992,0.2125693160813309,4.0,0.0024645717806531116,0.00013234515616728428,40.0,0.7874306839186691,1278.0,0.0,1623.0
-0.1561415,0.0,1.1689919999999998,2371.0,-77.5851265,131.27777777777777,16.444444444444443,2.3307086614173227,6.662162162162162,2391.0,0.0,0.005437055625261397,0.00878293601003764,0.003345880384776244,6.437284260011671,0.0,12.0,0.04054054054054054,0.21621621621621623,0.0,0.0,14.0,8.0,0.0,15.0,0.0,0.0,20.0,5.0,90.0,0.037641154328732745,0.0,0.3254237288135593,0.22108843537414966,0.5709459459459459,0.0,0.0,0.0,18.0,0.42905405405405406,127.0,0.0,296.0
-0.078152,432.0,1.081287,1050.0,-33.761644,51.65,6.75,1.5517241379310345,6.548148148148148,1061.0,0.0,0.000942507068803016,0.00942507068803016,0.010367577756833177,6.059538449737288,0.0,6.0,0.044444444444444446,0.5111111111111111,0.0,0.0,10.0,0.0,0.0,10.0,0.0,0.0,11.0,2.0,32.0,0.030160226201696512,0.0,0.17164179104477612,0.07518796992481203,0.3555555555555555,0.0,0.0,0.0,20.0,0.6444444444444445,87.0,0.0,135.0
-0.13122,551.0,1.140219,1586.0,-72.302476,112.5,14.357142857142858,3.0,6.63681592039801,1598.0,0.0,0.0012515644555694619,0.02002503128911139,0.0037546933667083854,5.570840575982091,0.0,4.0,0.01990049751243781,0.0945273631840796,0.0,0.0,6.0,0.0,0.0,13.0,0.0,0.0,12.0,5.0,48.0,0.030037546933667083,0.0,0.545,0.5025125628140703,0.6666666666666667,0.0,0.0,0.0,14.0,0.3333333333333333,67.0,0.0,201.0
-0.1561415,0.0,1.1689919999999998,3642.0,-77.5851265,139.46153846153845,19.884615384615383,2.371559633027523,5.601547388781431,3681.0,0.0,0.0054333061668024995,0.006519967400162999,0.0,7.153800130200041,0.0,20.0,0.03868471953578337,0.2379110251450677,3.0,0.005802707930367505,20.0,23.0,4.0,22.0,1.0,0.0019342359767891683,39.0,13.0,200.0,0.05433306166802499,0.0,0.19573643410852712,0.07766990291262135,0.5783365570599613,0.0,0.0,0.0,26.0,0.42166344294003866,218.0,0.0,517.0
-0.132086,742.0,1.141206,3529.0,-98.007593,123.53571428571429,17.714285714285715,2.0327868852459017,5.741935483870968,3559.0,0.0,0.007305422871593144,0.007586400674346727,0.00112391121101433,7.383632902365918,0.0,0.0,0.0,0.31451612903225806,5.0,0.010080645161290322,24.0,0.0,0.0,20.0,0.0,0.0,30.0,6.0,113.0,0.03175049171115482,0.0,0.10909090909090909,0.030364372469635626,0.5080645161290323,0.0,0.0,0.0,28.0,0.49193548387096775,244.0,0.0,496.0
-0.230963,523.0,1.259813,2773.0,-120.79369,229.75,31.333333333333332,1.1713395638629283,6.289893617021277,2779.0,0.0,0.0,0.004677941705649514,0.0,8.138252166886879,0.0003598416696653472,0.0,0.0,0.8031914893617021,4.0,0.010638297872340425,0.0,0.0,0.0,9.0,1.0,0.0026595744680851063,6.0,3.0,30.0,0.010795250089960417,0.0,0.013333333333333334,0.0053475935828877,0.14627659574468088,1.0,0.0026595744680851063,0.0003598416696653472,12.0,0.8537234042553191,321.0,0.0,376.0
-0.1561415,0.0,1.1689919999999998,1836.0,-77.5851265,940.5,116.5,2.118181818181818,6.051502145922747,1882.0,0.0,0.007438894792773645,0.003188097768331562,0.0,6.393479429217905,0.0,17.0,0.07296137339055794,0.22317596566523606,0.0,0.0,40.0,6.0,0.0,17.0,2.0,0.008583690987124463,46.0,5.0,86.0,0.04569606801275239,0.0,0.23275862068965517,0.10822510822510822,0.5278969957081545,0.0,0.0,0.0,2.0,0.4721030042918455,110.0,0.0,233.0
-0.106497,883.0,1.112375,2163.0,-94.036898,273.25,33.5,1.8231292517006803,6.58955223880597,2193.0,0.0,0.0027359781121751026,0.006383948928408573,0.001823985408116735,6.826381083064415,0.0,13.0,0.048507462686567165,0.3358208955223881,0.0,0.0,22.0,0.0,0.0,13.0,0.0,0.0,30.0,7.0,52.0,0.023711810305517556,0.0,0.18352059925093633,0.09022556390977443,0.45149253731343286,0.0,0.0,0.0,8.0,0.5485074626865671,147.0,0.0,268.0
-0.353747,3072.0,1.424394,14324.0,-1086.70969,715.2,76.45,1.1128093158660843,8.310006540222368,14336.0,0.0,0.00013950892857142856,0.0033482142857142855,0.00034877232142857144,10.314663807134695,6.975446428571428e-05,11.0,0.007194244604316547,0.841726618705036,1.0,0.0006540222367560497,0.0,0.0,0.0,12.0,1.0,0.0006540222367560497,12.0,6.0,88.0,0.006138392857142857,6.975446428571428e-05,0.046465968586387435,0.03470857891290111,0.10137344669718773,2.0,0.0013080444735120995,6.975446428571428e-05,20.0,0.8986265533028123,1374.0,0.006540222367560497,1529.0
-0.1561415,0.0,1.1689919999999998,3320.0,-77.5851265,86.52631578947368,12.473684210526315,2.6187845303867405,5.662447257383966,3346.0,0.0,0.005678421996413628,0.008069336521219366,0.004482964734010759,6.764503394454963,0.0,0.0,0.0,0.22573839662447256,3.0,0.006329113924050633,15.0,18.0,0.0,25.0,2.0,0.004219409282700422,26.0,8.0,159.0,0.047519426180514045,0.0,0.24312896405919662,0.11228813559322035,0.6181434599156118,0.0,0.0,0.0,38.0,0.3818565400843882,181.0,0.0,474.0
-0.158826,622.0,1.172135,2962.0,-98.790072,104.28571428571429,14.714285714285714,1.7531914893617022,5.817961165048544,2986.0,0.0,0.006363027461486939,0.013730743469524447,0.0020093770931011385,7.4219058301883,0.0,0.0,0.0,0.4029126213592233,5.0,0.012135922330097087,18.0,0.0,0.0,16.0,2.0,0.0048543689320388345,24.0,7.0,104.0,0.034829202947086406,0.0,0.09732360097323602,0.014634146341463415,0.4296116504854369,0.0,0.0,0.0,28.0,0.5703883495145631,235.0,0.0,412.0
-0.349796,1394.0,1.418778,6285.0,-487.616,232.0,17.59259259259259,1.1613691931540342,12.00421052631579,6298.0,0.0,0.00031756113051762465,0.0011114639568116863,0.0015878056525881232,8.55856122966569,0.00015878056525881233,2.0,0.004210526315789474,0.7726315789473684,2.0,0.004210526315789474,11.0,8.0,0.0,7.0,1.0,0.002105263157894737,13.0,2.0,92.0,0.014607812003810734,0.0,0.004219409282700422,0.0,0.1389473684210526,3.0,0.00631578947368421,0.00031756113051762465,27.0,0.8610526315789474,409.0,0.0,475.0
-0.1561415,0.0,1.1689919999999998,1685.0,-77.5851265,152.63636363636363,19.636363636363637,1.7851239669421488,6.296296296296297,1703.0,0.0,0.007633587786259542,0.0064591896652965355,0.0,6.568911459245639,0.0,2.0,0.009259259259259259,0.36574074074074076,0.0,0.0,11.0,12.0,0.0,7.0,2.0,0.009259259259259259,18.0,6.0,94.0,0.0551967116852613,0.0,0.2186046511627907,0.102803738317757,0.43981481481481477,0.0,0.0,0.0,11.0,0.5601851851851852,121.0,0.0,216.0
-0.106443,872.0,1.112314,2122.0,-92.818008,104.9,14.65,2.0206896551724136,6.027303754266212,2134.0,0.0,0.0023430178069353325,0.014526710402999063,0.0023430178069353325,6.742615528112976,0.0,10.0,0.034129692832764506,0.30716723549488056,0.0,0.0,5.0,0.0,0.0,10.0,2.0,0.006825938566552901,12.0,7.0,58.0,0.02717900656044986,0.0,0.1952054794520548,0.10309278350515463,0.5051194539249146,0.0,0.0,0.0,20.0,0.4948805460750853,145.0,0.0,293.0
-0.193872,908.0,1.213941,2335.0,-176.035774,100.30434782608695,13.608695652173912,2.173611111111111,6.198083067092652,2355.0,0.0,0.004670912951167728,0.016985138004246284,0.005095541401273885,6.699580611275905,0.0,5.0,0.01597444089456869,0.2779552715654952,0.0,0.0,10.0,0.0,0.0,16.0,4.0,0.012779552715654952,20.0,10.0,74.0,0.031422505307855626,0.0,0.34615384615384615,0.2733118971061093,0.5399361022364217,0.0,0.0,0.0,23.0,0.46006389776357826,144.0,0.0,313.0
-0.1561415,0.0,1.1689919999999998,2476.0,-77.5851265,93.34615384615384,14.576923076923077,2.1907514450867054,4.994722955145119,2518.0,0.0,0.003971405877680699,0.008737092930897538,0.0007942811755361397,6.723457559527467,0.0,0.0,0.0,0.3034300791556728,2.0,0.005277044854881266,28.0,9.0,0.0,20.0,1.0,0.002638522427440633,42.0,11.0,135.0,0.05361397934868944,0.0,0.20899470899470898,0.09283819628647215,0.5435356200527705,1.0,0.002638522427440633,0.0,26.0,0.45646437994722955,173.0,0.005277044854881266,379.0
-0.154827,497.0,1.167456,2368.0,-76.948879,106.68181818181819,16.5,1.7285714285714286,5.303030303030303,2386.0,0.0,0.0037720033528918693,0.011316010058675607,0.0012573344509639564,7.108145805492367,0.0,0.0,0.0,0.465564738292011,2.0,0.005509641873278237,9.0,0.0,0.0,16.0,1.0,0.0027548209366391185,18.0,10.0,80.0,0.03352891869237217,0.0,0.09668508287292818,0.024930747922437674,0.42148760330578516,0.0,0.0,0.0,22.0,0.5785123966942148,210.0,0.0,363.0
-0.259465,3072.0,1.296236,14095.0,-797.076119,1408.9,161.4,1.1858927259368113,7.717472118959108,14101.0,0.0,0.000212750868732714,0.00028366782497695197,0.00035458478122118997,9.519882115127542,7.091695624423799e-05,1.0,0.0006195786864931846,0.8314745972738538,3.0,0.0018587360594795538,0.0,0.0,0.0,226.0,1.0,0.0006195786864931846,6.0,3.0,26.0,0.001843840862350188,0.0,0.138871667699938,0.13647642679900746,0.15675340768277568,3.0,0.0018587360594795538,7.091695624423799e-05,10.0,0.8432465923172243,1361.0,0.0,1614.0
-0.1561415,0.0,1.1689919999999998,2413.0,-77.5851265,126.3157894736842,17.263157894736842,2.6451612903225805,6.054878048780488,2430.0,0.0,0.00411522633744856,0.006584362139917695,0.0,6.406720282927387,0.0,15.0,0.04573170731707317,0.1951219512195122,0.0,0.0,6.0,9.0,0.0,18.0,0.0,0.0,17.0,8.0,95.0,0.03909465020576132,0.0,0.3853211009174312,0.25153374233128833,0.6219512195121951,0.0,0.0,0.0,19.0,0.3780487804878049,124.0,0.0,328.0
-0.125656,533.0,1.133893,1217.0,-66.974879,109.0909090909091,13.909090909090908,1.3909090909090909,6.450980392156863,1231.0,0.0,0.008123476848090982,0.017059301380991064,0.002437043054427295,6.589812904866394,0.0,2.0,0.013071895424836602,0.5490196078431373,0.0,0.0,9.0,0.0,0.0,5.0,2.0,0.013071895424836602,14.0,5.0,55.0,0.04467912266450041,0.0,0.09210526315789473,0.013245033112582781,0.28104575163398693,0.0,0.0,0.0,11.0,0.7189542483660131,110.0,0.0,153.0
-0.284734,553.0,1.329408,1331.0,-157.457887,36.27777777777778,4.694444444444445,1.4824561403508771,6.34319526627219,1368.0,0.0,0.005847953216374269,0.010964912280701754,0.013157894736842105,6.500570359620868,0.0,9.0,0.05325443786982249,0.5325443786982249,0.0,0.0,18.0,0.0,0.0,9.0,1.0,0.005917159763313609,37.0,13.0,86.0,0.06286549707602339,0.0,0.07142857142857142,0.011976047904191617,0.3254437869822485,0.0,0.0,0.0,36.0,0.6745562130177515,114.0,0.0,169.0
-0.1561415,0.0,1.1689919999999998,2937.0,-77.5851265,65.9090909090909,10.295454545454545,2.359375,5.026490066225166,2972.0,0.0,0.008748317631224764,0.009757738896366084,0.0070659488559892325,6.774502794400973,0.0,0.0,0.0,0.26269315673289184,2.0,0.004415011037527594,21.0,25.0,0.0,34.0,5.0,0.011037527593818985,35.0,10.0,222.0,0.07469717362045761,0.0,0.2610619469026549,0.12416851441241686,0.576158940397351,0.0,0.0,0.0,44.0,0.423841059602649,192.0,0.0,453.0
-0.126962,522.0,1.135374,2381.0,-66.274027,78.1,12.566666666666666,1.7699530516431925,5.111405835543766,2399.0,0.0,0.004168403501458941,0.010421008753647354,0.004585243851604835,7.175635766008488,0.0,0.0,0.0,0.4297082228116711,1.0,0.002652519893899204,10.0,0.0,0.0,15.0,2.0,0.005305039787798408,18.0,10.0,80.0,0.03334722801167153,0.0,0.09308510638297872,0.018666666666666668,0.4350132625994695,3.0,0.007957559681697613,0.0,30.0,0.5649867374005305,213.0,0.0,377.0
-0.335131,3072.0,1.398124,14944.0,-1029.523377,678.4545454545455,67.9090909090909,1.031767955801105,8.94578313253012,14954.0,0.0,0.0006687174000267487,0.0007355891400294235,0.0005349739200213989,10.473415669074658,6.687174000267486e-05,0.0,0.0,0.9491298527443106,2.0,0.0013386880856760374,8.0,9.0,0.0,5.0,5.0,0.0033467202141900937,10.0,2.0,89.0,0.005951584860238063,0.0,0.0,0.0,0.030789825970548912,2.0,0.0013386880856760374,6.687174000267486e-05,22.0,0.9692101740294511,1448.0,0.0006693440428380187,1494.0
-0.1561415,0.0,1.1689919999999998,2242.0,-77.5851265,73.83333333333333,10.8,2.1315789473684212,5.540123456790123,2262.0,0.0,0.007073386383731211,0.007957559681697613,0.006631299734748011,6.659792842473799,0.0,7.0,0.021604938271604937,0.3055555555555556,0.0,0.0,14.0,14.0,0.0,20.0,8.0,0.024691358024691357,20.0,5.0,140.0,0.0618921308576481,0.0,0.2476780185758514,0.13354037267080746,0.5308641975308642,0.0,0.0,0.0,30.0,0.4691358024691358,152.0,0.0,324.0
-0.127098,736.0,1.135529,1754.0,-93.544401,69.16,9.28,1.4871794871794872,6.168103448275862,1765.0,0.0,0.0056657223796034,0.009065155807365438,0.006232294617563739,6.953946327536036,0.0,5.0,0.021551724137931036,0.5301724137931034,0.0,0.0,10.0,10.0,0.0,10.0,5.0,0.021551724137931036,11.0,2.0,101.0,0.057223796033994336,0.0,0.12554112554112554,0.034782608695652174,0.3275862068965517,0.0,0.0,0.0,25.0,0.6724137931034483,156.0,0.0,232.0
-0.237945,1042.0,1.268639,2775.0,-247.938567,91.36666666666666,13.0,1.6883116883116882,5.787179487179487,2797.0,0.0,0.003932785126921702,0.013228459063282088,0.004290311047550947,7.3497011717871965,0.0,6.0,0.015384615384615385,0.45897435897435895,0.0,0.0,9.0,10.0,0.0,12.0,8.0,0.020512820512820513,22.0,11.0,132.0,0.04719342152306042,0.0,0.15424164524421594,0.061855670103092786,0.4076923076923077,0.0,0.0,0.0,30.0,0.5923076923076923,231.0,0.0,390.0
-0.1561415,0.0,1.1689919999999998,3512.0,-77.5851265,72.39583333333333,10.4375,2.6648936170212765,5.542914171656687,3561.0,0.0,0.008424599831508003,0.005616399887672002,0.005897219882055603,6.872472458881738,0.0,0.0,0.0,0.1996007984031936,14.0,0.027944111776447105,21.0,30.0,0.0,23.0,5.0,0.00998003992015968,49.0,18.0,230.0,0.06458859870822803,0.0,0.242,0.09018036072144289,0.6247504990019961,0.0,0.0,0.0,48.0,0.37524950099800397,188.0,0.0,501.0
-0.098166,617.0,1.103146,2793.0,-60.568479,78.88571428571429,11.371428571428572,1.886255924170616,5.8040201005025125,2824.0,0.0,0.008852691218130312,0.007082152974504249,0.0060198300283286115,7.268458217875455,0.0,0.0,0.0,0.34673366834170855,9.0,0.022613065326633167,17.0,0.0,0.0,15.0,0.0,0.0,31.0,7.0,84.0,0.029745042492917848,0.0,0.09571788413098237,0.027777777777777776,0.46984924623115576,0.0,0.0,0.0,35.0,0.5301507537688442,211.0,0.0,398.0
-0.324062,3072.0,1.382733,16290.0,-995.518006,739.8181818181819,79.86363636363636,1.0378027170702895,8.228799089356858,16304.0,0.0,0.00036800785083415113,0.0002453385672227674,0.0006133464180569186,10.699846766850959,0.0005520117762512267,0.0,0.0,0.9339783722253842,4.0,0.0022766078542970974,9.0,0.0,0.0,5.0,1.0,0.0005691519635742744,14.0,2.0,58.0,0.0035574092247301274,6.133464180569185e-05,0.0011389521640091116,0.0,0.03642572566875357,0.0,0.0,0.0001226692836113837,22.0,0.9635742743312464,1693.0,0.01593625498007968,1757.0
-0.1561415,0.0,1.1689919999999998,2793.0,-77.5851265,81.52941176470588,11.205882352941176,2.574324324324324,5.837270341207349,2833.0,0.0,0.008118602188492764,0.007412636780797741,0.0056477232615601836,6.567449555225206,0.0,15.0,0.03937007874015748,0.2073490813648294,0.0,0.0,16.0,24.0,0.0,26.0,6.0,0.015748031496062992,40.0,16.0,174.0,0.06141899046946699,0.0,0.3447368421052632,0.24274406332453827,0.6115485564304461,0.0,0.0,0.0,34.0,0.3884514435695538,148.0,0.0,381.0
-0.098786,945.0,1.10383,2401.0,-93.352805,93.72,11.72,1.9403973509933774,6.658703071672355,2433.0,0.0,0.010686395396629675,0.002877106452938759,0.002466091245376079,6.747251181479158,0.0,7.0,0.023890784982935155,0.32081911262798635,0.0,0.0,24.0,0.0,0.0,16.0,1.0,0.0034129692832764505,32.0,7.0,80.0,0.032881216605014384,0.0,0.22602739726027396,0.12027491408934708,0.48464163822525597,0.0,0.0,0.0,25.0,0.515358361774744,151.0,0.0,293.0
-0.11461,1185.0,1.121436,3151.0,-135.812519,97.65625,12.375,2.911764705882353,6.578282828282828,3172.0,0.0,0.005989911727616645,0.007566204287515763,0.005044136191677175,6.161468085720811,0.0,6.0,0.015151515151515152,0.2222222222222222,0.0,0.0,14.0,18.0,0.0,25.0,0.0,0.0,21.0,4.0,165.0,0.05201765447667087,0.0,0.4708860759493671,0.3934010152284264,0.6565656565656566,0.0,0.0,0.0,32.0,0.3434343434343434,136.0,0.005050505050505051,396.0
-0.1561415,0.0,1.1689919999999998,2885.0,-77.5851265,75.26315789473684,10.868421052631579,2.5337423312883436,5.554479418886198,2920.0,0.0,0.00684931506849315,0.00821917808219178,0.003424657534246575,6.7366288886012065,0.0,0.0,0.0,0.2009685230024213,0.0,0.0,21.0,14.0,0.0,25.0,0.0,0.0,35.0,10.0,169.0,0.05787671232876712,0.0,0.2766990291262136,0.1411192214111922,0.6053268765133172,0.0,0.0,0.0,38.0,0.3946731234866828,163.0,0.0,413.0
-0.126114,535.0,1.134412,2709.0,-67.471233,107.16,16.72,2.111111111111111,5.320574162679426,2721.0,0.0,0.0018375597206909224,0.011760382212421904,0.0018375597206909224,6.8450763926797995,0.0,0.0,0.0,0.3444976076555024,2.0,0.004784688995215311,5.0,0.0,0.0,22.0,0.0,0.0,12.0,7.0,67.0,0.02462330025725836,0.0,0.18944844124700239,0.10096153846153846,0.5263157894736843,0.0,0.0,0.0,25.0,0.47368421052631576,198.0,0.0,418.0
-0.310034,2252.0,1.363471,11738.0,-698.195449,316.35135135135135,36.054054054054056,1.0792880258899675,7.751874062968516,11760.0,0.0,0.00017006802721088434,0.0005952380952380953,0.0019557823129251702,10.19332423693283,0.0,0.0,0.0,0.8800599700149925,4.0,0.0029985007496251873,16.0,2.0,0.0,10.0,2.0,0.0014992503748125937,22.0,5.0,65.0,0.0055272108843537416,0.0,0.008252063015753939,0.0045045045045045045,0.07346326836581707,2.0,0.0014992503748125937,8.503401360544217e-05,37.0,0.9265367316341829,1236.0,0.0,1334.0
-0.1561415,0.0,1.1689919999999998,1286.0,-77.5851265,128.1,17.1,2.1645569620253164,6.239766081871345,1302.0,0.0,0.002304147465437788,0.005376344086021506,0.0,5.945222509966779,0.0,10.0,0.05847953216374269,0.2222222222222222,0.0,0.0,8.0,2.0,0.0,10.0,1.0,0.005847953216374269,16.0,6.0,36.0,0.027649769585253458,0.0,0.25882352941176473,0.14792899408284024,0.5380116959064327,0.0,0.0,0.0,10.0,0.4619883040935672,79.0,0.0,171.0
-0.126677,469.0,1.13505,1174.0,-59.411445,166.42857142857142,23.142857142857142,1.603960396039604,6.12962962962963,1180.0,0.0,0.0,0.00847457627118644,0.0,6.295161981320763,0.0,7.0,0.043209876543209874,0.4506172839506173,0.0,0.0,0.0,0.0,0.0,12.0,0.0,0.0,6.0,4.0,17.0,0.01440677966101695,0.0,0.16770186335403728,0.1125,0.3765432098765432,0.0,0.0,0.0,7.0,0.6234567901234568,101.0,0.0,162.0
-0.189588,1022.0,1.208752,2752.0,-193.759303,109.0,14.96,2.1871345029239766,6.045454545454546,2767.0,0.0,0.003614022406938923,0.013010480664980123,0.003975424647632815,6.636121111270307,0.0,13.0,0.034759358288770054,0.3235294117647059,0.0,0.0,10.0,10.0,0.0,27.0,0.0,0.0,15.0,4.0,115.0,0.04156125767979761,0.0,0.26273458445040215,0.1586021505376344,0.5427807486631016,0.0,0.0,0.0,25.0,0.4572192513368984,171.0,0.06951871657754011,374.0
-0.1561415,0.0,1.1689919999999998,3786.0,-77.5851265,85.61363636363636,11.568181818181818,2.583756345177665,5.719056974459725,3849.0,0.0,0.006755001299038711,0.00805404001039231,0.004416731618602235,6.9051528791891155,0.0,0.0,0.0,0.206286836935167,2.0,0.003929273084479371,17.0,34.0,4.0,28.0,0.0,0.0,63.0,22.0,307.0,0.07976097687711094,0.0,0.23818897637795275,0.08481262327416174,0.612966601178782,0.0,0.0,0.0,44.0,0.38703339882121807,197.0,0.0,509.0
-0.056206,446.0,1.057816,2118.0,-25.068088,94.72727272727273,14.545454545454545,1.7679558011049723,5.359375,2130.0,0.0,0.003755868544600939,0.007981220657276996,0.0009389671361502347,6.990801724298764,0.0,0.0,0.0,0.415625,2.0,0.00625,8.0,0.0,0.0,13.0,0.0,0.0,12.0,4.0,59.0,0.027699530516431925,0.0,0.10031347962382445,0.02830188679245283,0.43437499999999996,0.0,0.0,0.0,22.0,0.565625,181.0,0.0,320.0
-0.332541,2827.0,1.394507,14851.0,-940.093267,380.0,45.23076923076923,1.065217391304348,7.257936507936508,14866.0,1.0,0.001076281447598547,0.0011435490380734563,0.0004708731333243643,10.628466458701778,0.0001345351809498184,5.0,0.002834467120181406,0.905328798185941,3.0,0.0017006802721088435,6.0,3.0,2.0,8.0,2.0,0.0011337868480725624,37.0,9.0,201.0,0.013520785685456747,0.0001345351809498184,0.013613159387407828,0.007945516458569807,0.061224489795918324,2.0,0.0011337868480725624,6.72675904749092e-05,39.0,0.9387755102040817,1656.0,0.0011337868480725624,1764.0
-0.1561415,0.0,1.1689919999999998,1916.0,-77.5851265,388.2,48.6,2.1315789473684212,6.481481481481482,1950.0,0.0,0.003076923076923077,0.0035897435897435897,0.0,6.34747153579272,0.0,15.0,0.06172839506172839,0.27983539094650206,0.0,0.0,23.0,3.0,0.0,15.0,5.0,0.0205761316872428,34.0,8.0,53.0,0.02717948717948718,0.0,0.24380165289256198,0.13278008298755187,0.5308641975308642,0.0,0.0,0.0,5.0,0.4691358024691358,114.0,0.0,243.0
-0.123135,686.0,1.131037,1905.0,-84.470342,118.0,16.8125,1.9635036496350364,5.869888475836431,1918.0,0.0,0.0015641293013555788,0.01251303441084463,0.0010427528675703858,6.581734959519247,0.0,12.0,0.04460966542750929,0.34572490706319703,0.0,0.0,6.0,0.0,0.0,12.0,4.0,0.01486988847583643,13.0,6.0,50.0,0.026068821689259645,0.0,0.2798507462686567,0.20973782771535582,0.49070631970260226,0.0,0.0,0.0,16.0,0.5092936802973977,137.0,0.0,269.0
-0.180634,1061.0,1.197976,3103.0,-191.652404,139.72727272727272,18.318181818181817,2.798611111111111,6.464019851116626,3126.0,0.0,0.0009596928982725527,0.018554062699936022,0.004478566858605247,6.757355471898055,0.0,8.0,0.019851116625310174,0.05707196029776675,0.0,0.0,0.0,0.0,0.0,30.0,0.0,0.0,23.0,12.0,87.0,0.02783109404990403,0.0,0.4925373134328358,0.44139650872817954,0.6426799007444168,0.0,0.0,0.0,22.0,0.3573200992555831,144.0,0.0,403.0
-0.1561415,0.0,1.1689919999999998,2251.0,-77.5851265,82.51851851851852,12.925925925925926,2.475177304964539,5.054441260744985,2278.0,0.0,0.007023705004389816,0.008340649692712906,0.004389815627743635,6.390707858085472,0.0,0.0,0.0,0.2521489971346705,3.0,0.008595988538681949,16.0,13.0,0.0,31.0,3.0,0.008595988538681949,27.0,8.0,127.0,0.05575065847234416,0.0,0.28448275862068967,0.15561959654178675,0.5959885386819483,0.0,0.0,0.0,27.0,0.4040114613180516,141.0,0.0,349.0
-0.135528,363.0,1.145141,1781.0,-49.196485,110.1875,16.6875,1.5705882352941176,5.479400749063671,1787.0,0.0,0.001119194180190263,0.013989927252378288,0.001119194180190263,6.992035820046525,0.0,0.0,0.0,0.5056179775280899,2.0,0.00749063670411985,2.0,0.0,0.0,10.0,1.0,0.003745318352059925,6.0,4.0,55.0,0.03077783995523223,0.0,0.07894736842105263,0.033962264150943396,0.36329588014981273,0.0,0.0,0.0,16.0,0.6367041198501873,170.0,0.0,267.0
-0.22154,190.0,1.247997,998.0,-42.092645,123.625,17.125,1.113821138211382,6.153284671532846,1001.0,0.0,0.000999000999000999,0.007992007992007992,0.0,6.862523597511691,0.0,0.0,0.0,0.8321167883211679,1.0,0.0072992700729927005,0.0,0.0,0.0,4.0,0.0,0.0,3.0,2.0,18.0,0.017982017982017984,0.0,0.007352941176470588,0.0,0.1021897810218978,0.0,0.0,0.0,8.0,0.8978102189781022,123.0,0.0,137.0
-0.1561415,0.0,1.1689919999999998,1597.0,-77.5851265,132.66666666666666,16.833333333333332,1.8198198198198199,6.366336633663367,1618.0,0.0,0.008034610630407911,0.003708281829419036,0.0,6.4025143283021455,0.0,10.0,0.04950495049504951,0.3465346534653465,0.0,0.0,10.0,13.0,0.0,11.0,1.0,0.0049504950495049506,21.0,8.0,93.0,0.057478368355995055,0.0006180469715698393,0.24875621890547264,0.155,0.45049504950495045,0.0,0.0,0.0,12.0,0.5495049504950495,111.0,0.0,202.0
-0.132355,572.0,1.141513,1504.0,-75.706929,92.875,13.75,1.5492957746478873,5.636363636363637,1510.0,0.0,0.0013245033112582781,0.009271523178807948,0.0013245033112582781,6.792565248894923,0.0,11.0,0.05,0.4909090909090909,0.0,0.0,2.0,0.0,0.0,11.0,0.0,0.0,6.0,4.0,42.0,0.02781456953642384,0.0,0.091324200913242,0.03669724770642202,0.3545454545454545,0.0,0.0,0.0,16.0,0.6454545454545455,142.0,0.0,220.0
-0.188038,479.0,1.206879,1331.0,-90.069972,145.88888888888889,20.666666666666668,1.8415841584158417,5.811827956989247,1343.0,0.0,0.0022338049143708115,0.014892032762472078,0.0014892032762472078,6.2830131794561295,0.0,1.0,0.005376344086021506,0.34946236559139787,0.0,0.0,8.0,0.0,0.0,9.0,1.0,0.005376344086021506,12.0,4.0,38.0,0.028294862248696945,0.0,0.23783783783783785,0.14673913043478262,0.456989247311828,0.0,0.0,0.0,9.0,0.543010752688172,101.0,0.0,186.0
-0.1561415,0.0,1.1689919999999998,2933.0,-77.5851265,78.5945945945946,11.162162162162161,2.8095238095238093,5.709443099273607,2970.0,0.0,0.00808080808080808,0.004377104377104377,0.0053872053872053875,6.552473875191225,0.0,0.0,0.0,0.17675544794188863,4.0,0.009685230024213076,16.0,19.0,0.0,26.0,2.0,0.004842615012106538,37.0,14.0,159.0,0.05353535353535353,0.0,0.28640776699029125,0.145985401459854,0.6440677966101696,0.0,0.0,0.0,37.0,0.3559322033898305,147.0,0.0,413.0
-0.117543,592.0,1.124731,3009.0,-69.585749,114.26923076923077,16.153846153846153,1.9811320754716981,5.873809523809523,3031.0,0.0,0.005278785879247773,0.008248102936324645,0.001649620587264929,7.088269424783138,0.0,0.0,0.0,0.3619047619047619,2.0,0.004761904761904762,15.0,0.0,0.0,22.0,1.0,0.002380952380952381,22.0,7.0,87.0,0.028703398218409767,0.0,0.11933174224343675,0.03349282296650718,0.49523809523809526,0.0,0.0,0.0,26.0,0.5047619047619047,212.0,0.0,420.0
-0.172014,426.0,1.187695,2148.0,-73.278161,141.0,17.866666666666667,1.2237442922374429,6.67910447761194,2162.0,0.0,0.006012950971322849,0.0027752081406105457,0.0009250693802035153,7.608144951826426,0.0,0.0,0.0,0.7089552238805971,0.0,0.0,10.0,2.0,0.0,8.0,0.0,0.0,14.0,4.0,59.0,0.0272895467160037,0.0,0.02247191011235955,0.0037593984962406013,0.18283582089552242,0.0,0.0,0.00046253469010175765,15.0,0.8171641791044776,219.0,0.0,268.0
-0.1561415,0.0,1.1689919999999998,2364.0,-77.5851265,138.41176470588235,17.058823529411764,2.4786324786324787,6.713793103448276,2386.0,0.0,0.005029337803855826,0.00586756077116513,0.0,6.211141518737975,0.0,14.0,0.04827586206896552,0.2482758620689655,0.0,0.0,11.0,14.0,0.0,14.0,3.0,0.010344827586206896,22.0,8.0,110.0,0.04610226320201174,0.0,0.356401384083045,0.2361111111111111,0.596551724137931,0.0,0.0,0.0,17.0,0.40344827586206894,117.0,0.0,290.0
-0.078476,666.0,1.081638,1594.0,-52.265278,98.5,12.375,1.8679245283018868,6.762626262626263,1606.0,0.0,0.0037359900373599006,0.0062266500622665,0.00311332503113325,6.300883654692025,0.0,8.0,0.04040404040404041,0.36363636363636365,0.0,0.0,5.0,5.0,0.0,11.0,0.0,0.0,12.0,7.0,52.0,0.0323785803237858,0.0,0.233502538071066,0.12244897959183673,0.46464646464646464,0.0,0.0,0.0,16.0,0.5353535353535354,106.0,0.0,198.0
-0.203109,678.0,1.225206,1893.0,-137.707628,134.42857142857142,16.214285714285715,1.6691176470588236,7.07488986784141,1907.0,0.0,0.005243838489774515,0.01048767697954903,0.001048767697954903,6.763053514230993,0.0,3.0,0.013215859030837005,0.40969162995594716,0.0,0.0,8.0,0.0,0.0,10.0,0.0,0.0,14.0,4.0,52.0,0.027267960146827478,0.0,0.15486725663716813,0.08888888888888889,0.4008810572687225,0.0,0.0,0.0,14.0,0.5991189427312775,136.0,0.0,227.0
-0.1561415,0.0,1.1689919999999998,3027.0,-77.5851265,85.94285714285714,11.914285714285715,2.5120481927710845,5.894484412470024,3064.0,0.0,0.00685378590078329,0.005548302872062663,0.00587467362924282,6.807167385534615,0.0,0.0,0.0,0.2182254196642686,6.0,0.014388489208633094,18.0,17.0,0.0,16.0,1.0,0.002398081534772182,37.0,13.0,162.0,0.05287206266318538,0.0,0.22115384615384615,0.09879518072289156,0.6019184652278178,0.0,0.0,0.0,35.0,0.3980815347721823,166.0,0.0,417.0
-0.156273,304.0,1.169146,1626.0,-47.507093,123.92307692307692,17.76923076923077,1.7238805970149254,5.917748917748917,1632.0,0.0,0.0012254901960784314,0.006740196078431373,0.0012254901960784314,6.647701434337344,0.0,0.0,0.0,0.4069264069264069,1.0,0.004329004329004329,2.0,0.0,0.0,13.0,0.0,0.0,6.0,4.0,35.0,0.02144607843137255,0.0,0.09130434782608696,0.039301310043668124,0.4199134199134199,0.0,0.0,0.0,13.0,0.5800865800865801,134.0,0.0,231.0
-0.232911,3072.0,1.262269,13820.0,-715.502074,1973.857142857143,211.14285714285714,1.0335664335664336,7.853856562922869,13822.0,0.0,7.234843003906815e-05,0.05238026334828534,0.0,10.455422382302272,0.0,1.0,0.0006765899864682003,0.9445196211096076,1.0,0.0006765899864682003,0.0,0.0,0.0,5.0,2.0,0.0013531799729364006,2.0,2.0,746.0,0.053971928809144844,0.0,0.0006770480704129993,0.0,0.03247631935047357,0.0,0.0,7.234843003906815e-05,7.0,0.9675236806495264,1430.0,0.0006765899864682003,1478.0
-0.1561415,0.0,1.1689919999999998,1411.0,-77.5851265,107.92307692307692,13.153846153846153,1.6442307692307692,6.87719298245614,1429.0,0.0,0.0006997900629811056,0.012596221133659902,0.0,6.356653555923744,0.0,7.0,0.04093567251461988,0.42105263157894735,0.0,0.0,10.0,2.0,0.0,9.0,0.0,0.0,18.0,6.0,50.0,0.03498950314905528,0.0,0.17647058823529413,0.09467455621301775,0.39181286549707606,0.0,0.0,0.0,13.0,0.6081871345029239,104.0,0.0,171.0
-0.10609,516.0,1.111922,1260.0,-54.742275,103.83333333333333,13.833333333333334,1.537037037037037,6.427710843373494,1266.0,0.0,0.001579778830963665,0.008688783570300158,0.001579778830963665,6.405702892668704,0.0,10.0,0.060240963855421686,0.4819277108433735,0.0,0.0,2.0,0.0,0.0,10.0,0.0,0.0,6.0,4.0,25.0,0.019747235387045814,0.0,0.15151515151515152,0.07317073170731707,0.3493975903614458,0.0,0.0,0.0,12.0,0.6506024096385542,108.0,0.0,166.0
-0.325465,3072.0,1.384674,15118.0,-999.82732,3023.4,237.8,1.041155866900175,11.582842724978974,15121.0,0.0,0.0001983995767475696,0.00965544606838172,0.0001983995767475696,10.129629748704936,0.0,2.0,0.001682085786375105,0.928511354079058,0.0,0.0,2.0,0.0,0.0,5.0,2.0,0.001682085786375105,3.0,2.0,162.0,0.010713577144368758,0.0,0.005050505050505051,0.0,0.03952901597981495,0.0,0.0,0.0,5.0,0.960470984020185,1142.0,0.002523128679562658,1189.0
-0.1561415,0.0,1.1689919999999998,3140.0,-77.5851265,103.86666666666666,15.033333333333333,2.3247422680412373,5.656319290465632,3163.0,0.0,0.005058488776478028,0.008220044261776794,0.0037938665823585203,6.867207045765201,0.0,0.0,0.0,0.270509977827051,3.0,0.0066518847006651885,12.0,15.0,0.0,23.0,3.0,0.0066518847006651885,23.0,8.0,137.0,0.04331331014859311,0.0,0.19111111111111112,0.08908685968819599,0.5698447893569845,0.0,0.0,0.0,30.0,0.43015521064301554,194.0,0.0022172949002217295,451.0
-0.148577,507.0,1.160182,2414.0,-75.328359,82.44827586206897,12.03448275862069,1.745,5.716332378223496,2435.0,0.0,0.0053388090349075976,0.004517453798767967,0.0053388090349075976,7.176818217047176,0.0,0.0,0.0,0.4040114613180516,6.0,0.017191977077363897,13.0,3.0,0.0,14.0,1.0,0.0028653295128939827,21.0,5.0,72.0,0.029568788501026694,0.0,0.10632183908045977,0.043227665706051875,0.4269340974212035,0.0,0.0,0.0,29.0,0.5730659025787965,200.0,0.0028653295128939827,349.0
-0.180534,3072.0,1.197857,12180.0,-554.600492,608.15,53.15,1.065130260521042,10.372530573847602,12192.0,0.0,0.0009022309711286089,0.0006561679790026247,0.0007381889763779527,9.909726246051196,8.202099737532808e-05,3.0,0.0028222013170272815,0.8955785512699906,4.0,0.0037629350893697085,8.0,10.0,0.0,8.0,3.0,0.0028222013170272815,12.0,3.0,92.0,0.007545931758530184,0.0,0.002824858757062147,0.001885014137606032,0.06114769520225771,0.0,0.0,8.202099737532808e-05,20.0,0.9388523047977423,998.0,0.0037629350893697085,1063.0
-0.1561415,0.0,1.1689919999999998,1767.0,-77.5851265,160.36363636363637,21.272727272727273,1.7593984962406015,6.247863247863248,1790.0,0.0,0.002793296089385475,0.008938547486033519,0.0,6.651771638022736,0.0,11.0,0.04700854700854701,0.39316239316239315,0.0,0.0,10.0,3.0,0.0,11.0,1.0,0.004273504273504274,23.0,9.0,54.0,0.030167597765363128,0.0,0.1630901287553648,0.08620689655172414,0.43162393162393164,0.0,0.0,0.0,11.0,0.5683760683760684,133.0,0.0,234.0
-0.109587,728.0,1.115817,1787.0,-79.779155,76.8695652173913,10.869565217391305,1.6666666666666667,5.976,1804.0,0.0,0.0022172949002217295,0.007760532150776054,0.005543237250554324,6.848530971320811,0.0,7.0,0.028,0.432,0.0,0.0,10.0,0.0,0.0,9.0,2.0,0.008,17.0,4.0,41.0,0.022727272727272728,0.0,0.13654618473895583,0.06048387096774194,0.4,0.0,0.0,0.0,23.0,0.6,150.0,0.004,250.0
-0.176653,733.0,1.193217,1970.0,-129.486805,163.16666666666666,22.75,1.9782608695652173,6.029304029304029,1979.0,0.0,0.00202122283981809,0.01616978271854472,0.0015159171298635675,6.719422379285161,0.0,4.0,0.014652014652014652,0.2967032967032967,0.0,0.0,3.0,0.0,0.0,12.0,3.0,0.01098901098901099,9.0,5.0,48.0,0.02425467407781708,0.0,0.3088235294117647,0.23985239852398524,0.4945054945054945,0.0,0.0,0.0,12.0,0.5054945054945055,138.0,0.0,273.0
-0.1561415,0.0,1.1689919999999998,3097.0,-77.5851265,90.26470588235294,12.882352941176471,2.19,5.728310502283105,3123.0,0.0,0.006083893691962856,0.005763688760806916,0.004803073967339097,6.967947205946333,0.0,1.0,0.00228310502283105,0.2922374429223744,1.0,0.00228310502283105,15.0,18.0,0.0,19.0,1.0,0.00228310502283105,26.0,8.0,148.0,0.04739032981107909,0.0,0.16475972540045766,0.07568807339449542,0.54337899543379,0.0,0.0,0.0,34.0,0.45662100456621,200.0,0.0,438.0
-0.153638,553.0,1.166069,2795.0,-84.961776,115.25,16.875,1.8925233644859814,5.74320987654321,2819.0,0.0,0.0046115643845335225,0.005321035828307911,0.0035473572188719402,7.160137416300964,0.0,1.0,0.0024691358024691358,0.36790123456790125,4.0,0.009876543209876543,10.0,0.0,0.0,18.0,2.0,0.0049382716049382715,24.0,13.0,57.0,0.02021993614757006,0.0,0.11386138613861387,0.05459057071960298,0.471604938271605,0.0,0.0,0.0,24.0,0.528395061728395,214.0,0.0024691358024691358,405.0
-0.355861,2416.0,1.427409,12588.0,-859.759496,501.76,61.6,1.0314802411252513,7.066233766233767,12598.0,0.0,0.0002381330369899984,0.0003968883949833307,0.0007937767899666614,10.519275871316323,7.937767899666614e-05,0.0,0.0,0.9467532467532468,2.0,0.0012987012987012987,4.0,1.0,1.0,7.0,2.0,0.0012987012987012987,19.0,3.0,105.0,0.008334656294649944,7.937767899666614e-05,0.001299545159194282,0.0,0.030519480519480502,2.0,0.0012987012987012987,7.937767899666614e-05,25.0,0.9694805194805195,1493.0,0.0006493506493506494,1540.0
-0.1561415,0.0,1.1689919999999998,2154.0,-77.5851265,101.76190476190476,13.571428571428571,1.9655172413793103,6.2140350877192985,2172.0,0.0,0.0050644567219152855,0.007826887661141806,0.003683241252302026,6.658667920774349,0.0,9.0,0.031578947368421054,0.34035087719298246,0.0,0.0,8.0,11.0,0.0,16.0,3.0,0.010526315789473684,18.0,7.0,93.0,0.04281767955801105,0.0,0.22535211267605634,0.13427561837455831,0.49122807017543857,0.0,0.0,0.0,21.0,0.5087719298245614,145.0,0.0,285.0
-0.106163,836.0,1.112003,2069.0,-88.75229,102.45,13.15,1.696774193548387,6.657794676806084,2083.0,0.0,0.004800768122899664,0.010081613058089293,0.003840614498319731,6.910180577419075,0.0,9.0,0.034220532319391636,0.3840304182509506,0.0,0.0,8.0,0.0,0.0,10.0,4.0,0.015209125475285171,14.0,4.0,51.0,0.024483917426788286,0.0,0.16030534351145037,0.09578544061302682,0.4106463878326996,0.0,0.0,0.0,20.0,0.5893536121673004,155.0,0.0,263.0
-0.230911,664.0,1.259747,1843.0,-153.324933,114.375,14.375,1.4935064935064934,6.6869565217391305,1852.0,0.0,0.0005399568034557236,0.014038876889848811,0.0032397408207343412,6.901586789886681,0.0,1.0,0.004347826086956522,0.5434782608695652,0.0,0.0,4.0,5.0,0.0,9.0,0.0,0.0,9.0,3.0,71.0,0.03833693304535637,0.0,0.1222707423580786,0.06140350877192982,0.33043478260869563,0.0,0.0,0.0,16.0,0.6695652173913044,154.0,0.0,230.0
-0.1561415,0.0,1.1689919999999998,3220.0,-77.5851265,96.81818181818181,14.303030303030303,2.175115207373272,5.47457627118644,3248.0,0.0,0.006157635467980296,0.009852216748768473,0.004618226600985222,7.16664852071951,0.0,1.0,0.00211864406779661,0.2923728813559322,4.0,0.00847457627118644,15.0,18.0,0.0,20.0,2.0,0.00423728813559322,28.0,9.0,162.0,0.049876847290640396,0.0,0.15711252653927812,0.06808510638297872,0.5402542372881356,0.0,0.0,0.0,33.0,0.4597457627118644,217.0,0.0,472.0
-0.119636,561.0,1.127087,2850.0,-67.11607,108.6923076923077,15.384615384615385,1.8181818181818181,5.9675,2869.0,0.0,0.004531195538515162,0.006971070059254096,0.0027884280237016382,7.2658513765715425,0.0,0.0,0.0,0.385,7.0,0.0175,8.0,0.0,0.0,15.0,3.0,0.0075,19.0,6.0,61.0,0.02126176368072499,0.0,0.07518796992481203,0.022613065326633167,0.44999999999999996,0.0,0.0,0.0,26.0,0.55,220.0,0.0,400.0
-0.33379,3072.0,1.39625,14597.0,-1025.403675,857.7647058823529,98.52941176470588,1.0976408912188729,7.682388059701492,14606.0,0.0,6.846501437765302e-05,0.0010269752156647953,0.0006846501437765302,10.511202781432749,6.846501437765302e-05,1.0,0.0005970149253731343,0.8388059701492537,5.0,0.0029850746268656717,7.0,0.0,0.0,8.0,2.0,0.0011940298507462687,9.0,2.0,48.0,0.0032863206901273447,0.0,0.0017921146953405018,0.0,0.08895522388059707,1.0,0.0005970149253731343,6.846501437765302e-05,17.0,0.9110447761194029,1526.0,0.0011940298507462687,1675.0
-0.1561415,0.0,1.1689919999999998,2321.0,-77.5851265,104.86363636363636,13.409090909090908,1.9155844155844155,6.498305084745763,2346.0,0.0,0.005541346973572037,0.00639386189258312,0.0034100596760443308,6.777405391692719,0.0,16.0,0.05423728813559322,0.3254237288135593,0.0,0.0,12.0,11.0,0.0,16.0,3.0,0.010169491525423728,25.0,9.0,98.0,0.041773231031543054,0.0,0.18027210884353742,0.08191126279863481,0.47796610169491527,0.0,0.0,0.0,22.0,0.5220338983050847,154.0,0.0,295.0
-0.133114,484.0,1.14238,1206.0,-64.4271,51.47826086956522,6.739130434782608,1.3135593220338984,6.548387096774194,1222.0,0.0,0.0024549918166939444,0.004909983633387889,0.007364975450081833,6.7284221279221015,0.0,5.0,0.03225806451612903,0.6,0.0,0.0,9.0,0.0,0.0,5.0,0.0,0.0,16.0,4.0,34.0,0.027823240589198037,0.0,0.032467532467532464,0.006535947712418301,0.2387096774193549,0.0,0.0,0.0,23.0,0.7612903225806451,118.0,0.0,155.0
-0.060481,3072.0,1.062347,8563.0,-185.797469,121.37142857142857,16.885714285714286,6.715909090909091,6.034686971235194,8579.0,0.0,0.0003496911061895326,0.014337335353770835,0.0012822007226949528,5.720442325482594,0.0,1.0,0.0008460236886632825,0.09560067681895093,0.0,0.0,8.0,9.0,0.0,57.0,2.0,0.001692047377326565,16.0,4.0,244.0,0.028441543303415317,0.0,0.7781541066892464,0.7559322033898305,0.8510998307952623,0.0,0.0,0.0,70.0,0.14890016920473773,176.0,0.0,1182.0
-0.1561415,0.0,1.1689919999999998,3129.0,-77.5851265,96.96875,14.28125,2.176190476190476,5.533916849015317,3153.0,0.0,0.005391690453536315,0.007611798287345386,0.004123057405645417,7.1034049516929185,0.0,1.0,0.002188183807439825,0.2713347921225383,10.0,0.02188183807439825,13.0,16.0,0.0,24.0,1.0,0.002188183807439825,24.0,8.0,141.0,0.04471931493815414,0.0,0.1600877192982456,0.06373626373626373,0.5404814004376368,0.0,0.0,0.0,32.0,0.45951859956236324,210.0,0.0,457.0
-0.102921,604.0,1.108403,2972.0,-62.163989,117.84,16.72,1.793991416309013,5.930622009569378,3000.0,0.0,0.005,0.006666666666666667,0.004,7.352391876447813,0.0,0.0,0.0,0.4019138755980861,4.0,0.009569377990430622,10.0,0.0,0.0,15.0,2.0,0.004784688995215311,28.0,15.0,64.0,0.021333333333333333,0.0,0.0815347721822542,0.026442307692307692,0.4425837320574163,0.0,0.0,0.0,25.0,0.5574162679425837,233.0,0.0,418.0
-0.177736,3072.0,1.19451,10010.0,-546.003907,369.74074074074076,39.51851851851852,1.1255274261603376,8.302717900656045,10033.0,0.0,0.0001993421708362404,0.0011960530250174424,0.13784511113326023,9.822176091540488,0.0,0.0,0.0,0.7919400187441424,3.0,0.0028116213683223993,10.0,2.0,0.0,6.0,5.0,0.004686035613870665,23.0,12.0,71.0,0.007076647064686534,0.0,0.009380863039399626,0.0028169014084507044,0.1115276476101218,0.0,0.0,0.0001993421708362404,27.0,0.8884723523898782,948.0,0.0,1067.0
-0.1561415,0.0,1.1689919999999998,2418.0,-77.5851265,88.85185185185185,11.925925925925926,1.788888888888889,6.15527950310559,2443.0,0.0,0.005321326238231682,0.006139991813344249,0.003274662300450266,7.051634366589914,0.0,11.0,0.034161490683229816,0.37888198757763975,0.0,0.0,12.0,11.0,0.0,13.0,2.0,0.006211180124223602,25.0,9.0,103.0,0.042161277118297175,0.00040933278755628325,0.12461059190031153,0.046875,0.44099378881987583,0.0,0.0,0.0,27.0,0.5590062111801242,180.0,0.0,322.0
-0.117144,899.0,1.124281,2227.0,-105.312174,91.83333333333333,12.125,1.6077348066298343,6.429553264604811,2244.0,0.0,0.0053475935828877,0.0066844919786096255,0.004456327985739751,7.1131855150721695,0.0,10.0,0.03436426116838488,0.44673539518900346,0.0,0.0,10.0,3.0,0.0,10.0,1.0,0.003436426116838488,17.0,4.0,63.0,0.02807486631016043,0.0,0.11724137931034483,0.04844290657439446,0.37800687285223367,0.0,0.0,0.0,24.0,0.6219931271477663,181.0,0.0,291.0
-0.231658,610.0,1.260689,1683.0,-141.311443,92.61111111111111,12.666666666666666,1.5833333333333333,6.1535087719298245,1697.0,0.0,0.002357100766057749,0.009428403064230996,0.0035356511490866236,6.797603639908813,0.0,6.0,0.02631578947368421,0.4780701754385965,0.0,0.0,6.0,0.0,0.0,10.0,2.0,0.008771929824561403,14.0,4.0,44.0,0.02592810842663524,0.0,0.13215859030837004,0.0752212389380531,0.368421052631579,0.0,0.0,0.0,18.0,0.631578947368421,144.0,0.0,228.0
-0.1561415,0.0,1.1689919999999998,3027.0,-77.5851265,83.33333333333333,12.555555555555555,2.226600985221675,5.389380530973451,3060.0,0.0,0.00522875816993464,0.008169934640522876,0.006535947712418301,6.949753724436699,0.0,0.0,0.0,0.2809734513274336,7.0,0.015486725663716814,17.0,13.0,0.0,31.0,2.0,0.004424778761061947,33.0,11.0,154.0,0.05032679738562092,0.0,0.21729490022172948,0.13333333333333333,0.5508849557522124,0.0,0.0,0.0,36.0,0.4491150442477876,203.0,0.0,452.0
-0.138972,615.0,1.149092,3082.0,-85.467661,117.6923076923077,17.46153846153846,1.923728813559322,5.634361233480176,3099.0,0.0,0.00451758631816715,0.0090351726363343,0.003226847370119393,7.373454768616047,0.0,0.0,0.0,0.3370044052863436,9.0,0.019823788546255508,10.0,0.0,0.0,20.0,3.0,0.006607929515418502,17.0,4.0,83.0,0.026782833171990966,0.0,0.1479028697571744,0.08185840707964602,0.48017621145374445,0.0,0.0,0.0,26.0,0.5198237885462555,236.0,0.0,454.0
-0.344909,2495.0,1.411861,13310.0,-860.546922,492.25925925925924,61.48148148148148,1.0466582597730139,6.963855421686747,13326.0,0.0,0.00022512381809995497,0.000375206363499925,0.00075041272699985,10.591155031962153,7.504127269998499e-05,4.0,0.0024096385542168677,0.9259036144578313,6.0,0.0036144578313253013,8.0,0.0,1.0,8.0,1.0,0.0006024096385542169,19.0,4.0,81.0,0.006078343088698784,7.504127269998499e-05,0.004219409282700422,0.0018094089264173703,0.04457831325301209,3.0,0.0018072289156626507,7.504127269998499e-05,27.0,0.9554216867469879,1586.0,0.0012048192771084338,1660.0
-0.1561415,0.0,1.1689919999999998,2064.0,-77.5851265,121.52941176470588,15.764705882352942,1.8873239436619718,6.2611940298507465,2094.0,0.0,0.0066857688634192934,0.009073543457497613,0.0038204393505253103,6.735635038161522,0.0,9.0,0.033582089552238806,0.3358208955223881,0.0,0.0,16.0,11.0,0.0,13.0,0.0,0.0,30.0,10.0,102.0,0.04871060171919771,0.0,0.18352059925093633,0.08270676691729323,0.4701492537313433,0.0,0.0,0.0,17.0,0.5298507462686567,142.0,0.0,268.0
-0.120216,717.0,1.12774,1749.0,-86.194691,82.33333333333333,11.476190476190476,1.6174496644295302,6.058091286307054,1765.0,0.0,0.006798866855524079,0.0073654390934844195,0.0056657223796034,6.7488356413053365,0.0,9.0,0.03734439834024896,0.4730290456431535,0.0,0.0,9.0,0.0,0.0,18.0,0.0,0.0,16.0,4.0,46.0,0.026062322946175637,0.0,0.1375,0.05439330543933055,0.3817427385892116,0.0,0.0,0.0,21.0,0.6182572614107884,149.0,0.004149377593360996,241.0
-0.264913,768.0,1.303317,2026.0,-203.452996,118.41176470588235,15.941176470588236,1.5847953216374269,6.265682656826568,2040.0,0.0,0.005392156862745098,0.013235294117647059,0.003431372549019608,7.047158910336806,0.0,5.0,0.01845018450184502,0.4797047970479705,0.0,0.0,7.0,0.0,0.0,11.0,0.0,0.0,14.0,4.0,56.0,0.027450980392156862,0.0,0.12962962962962962,0.06319702602230483,0.36900369003690037,0.0,0.0,0.0,17.0,0.6309963099630996,171.0,0.0,271.0
-0.1561415,0.0,1.1689919999999998,3297.0,-77.5851265,83.64102564102564,12.35897435897436,2.5913978494623655,5.526970954356846,3329.0,0.0,0.004806248122559327,0.008410934214478822,0.006908981676179033,6.835250926101924,0.0,1.0,0.002074688796680498,0.2074688796680498,7.0,0.014522821576763486,17.0,15.0,0.0,26.0,3.0,0.006224066390041493,32.0,10.0,162.0,0.048663262240913184,0.0,0.2785862785862786,0.16875,0.6141078838174274,0.0,0.0,0.0,39.0,0.38589211618257263,186.0,0.0,482.0
-0.130292,553.0,1.139161,2796.0,-72.051527,106.65384615384616,16.0,1.8995433789954337,5.576923076923077,2810.0,0.0,0.003914590747330961,0.007473309608540925,0.0028469750889679717,7.22212157667863,0.0,0.0,0.0,0.36538461538461536,9.0,0.021634615384615384,8.0,0.0,0.0,18.0,1.0,0.002403846153846154,14.0,4.0,68.0,0.024199288256227757,0.0,0.14216867469879518,0.06521739130434782,0.4735576923076923,0.0,0.0,0.0,26.0,0.5264423076923077,219.0,0.0,416.0
-0.31493,3072.0,1.370163,16897.0,-967.463587,1407.5,143.25,1.1467645096731154,8.809773123909249,16902.0,0.0,0.00011832919181161993,0.0003549875754348598,0.00029582297952904983,10.010429665534057,5.9164595905809965e-05,0.0,0.0,0.8510762070971495,3.0,0.0017452006980802793,3.0,0.0,0.0,92.0,0.0,0.0,5.0,2.0,34.0,0.0020115962607975386,0.0,0.10128055878928988,0.0978450786255096,0.12798138452588714,0.0,0.0,5.9164595905809965e-05,12.0,0.8720186154741129,1499.0,0.0011634671320535194,1719.0
-0.1561415,0.0,1.1689919999999998,2456.0,-77.5851265,84.0,11.379310344827585,2.142857142857143,6.033333333333333,2485.0,0.0,0.007243460764587525,0.006036217303822937,0.00482897384305835,6.733308353090157,0.0,17.0,0.051515151515151514,0.27575757575757576,0.0,0.0,12.0,16.0,0.0,17.0,2.0,0.006060606060606061,29.0,11.0,126.0,0.05070422535211268,0.0016096579476861167,0.25835866261398177,0.17378048780487804,0.5333333333333333,0.0,0.0,0.0,29.0,0.4666666666666667,154.0,0.0,330.0
-0.124955,894.0,1.133098,2245.0,-111.710184,85.5,12.26923076923077,1.619289340101523,5.8652037617554855,2261.0,0.0,0.005307386112339673,0.007076514816452897,0.004422821760283061,7.194853688458589,0.0,11.0,0.034482758620689655,0.45768025078369906,0.0,0.0,10.0,0.0,0.0,15.0,0.0,0.0,16.0,4.0,54.0,0.023883237505528527,0.0,0.12264150943396226,0.05993690851735016,0.3824451410658307,0.0,0.0,0.0,26.0,0.6175548589341693,197.0,0.0,319.0
-0.146134,2217.0,1.157351,5839.0,-323.97868,81.2394366197183,11.098591549295774,3.054263565891473,6.011421319796955,5881.0,0.0,0.005951368814827411,0.010712463866689339,0.007651759904778099,6.990481433860571,0.0,35.0,0.044416243654822336,0.16116751269035534,0.0,0.0,31.0,34.0,0.0,55.0,4.0,0.005076142131979695,42.0,6.0,309.0,0.05254208467947628,0.0,0.4777636594663278,0.3931297709923664,0.6725888324873097,0.0,0.0,0.0,71.0,0.32741116751269034,258.0,0.005076142131979695,788.0
-0.1561415,0.0,1.1689919999999998,2930.0,-77.5851265,82.91428571428571,11.657142857142857,2.2666666666666666,5.754901960784314,2960.0,0.0,0.007094594594594595,0.010135135135135136,0.005405405405405406,7.037841418809818,0.0,0.0,0.0,0.24754901960784315,5.0,0.012254901960784314,16.0,20.0,0.0,14.0,0.0,0.0,30.0,10.0,175.0,0.05912162162162162,0.0,0.20147420147420148,0.10344827586206896,0.5588235294117647,0.0,0.0,0.0,35.0,0.4411764705882353,180.0,0.0,408.0
-0.093521,625.0,1.098034,3105.0,-58.4507,146.1904761904762,20.476190476190474,1.7916666666666667,5.944186046511628,3128.0,0.0,0.005434782608695652,0.009271099744245524,0.0019181585677749361,7.471242111923716,0.0,0.0,0.0,0.3674418604651163,5.0,0.011627906976744186,15.0,0.0,0.0,17.0,0.0,0.0,23.0,7.0,85.0,0.02717391304347826,0.0,0.1048951048951049,0.04439252336448598,0.4418604651162791,0.0,0.0,0.0,21.0,0.5581395348837209,240.0,0.002325581395348837,430.0
-0.247773,400.0,1.281169,1952.0,-99.10916,129.26666666666668,18.4,1.0866141732283465,5.920289855072464,1958.0,0.0,0.0005107252298263534,0.002553626149131767,0.0020429009193054137,7.930917391529422,0.0015321756894790602,2.0,0.007246376811594203,0.8623188405797102,3.0,0.010869565217391304,3.0,0.0,0.0,4.0,2.0,0.007246376811594203,6.0,4.0,36.0,0.018386108273748723,0.0,0.007272727272727273,0.0036496350364963502,0.07971014492753625,0.0,0.0,0.0005107252298263534,15.0,0.9202898550724637,254.0,0.0036231884057971015,276.0
-0.1561415,0.0,1.1689919999999998,2534.0,-77.5851265,83.66666666666667,10.066666666666666,2.157142857142857,6.930463576158941,2559.0,0.0,0.007033997655334115,0.006643220007815553,0.005470887065259867,6.628923670130459,0.0,10.0,0.033112582781456956,0.2582781456953642,0.0,0.0,14.0,17.0,0.0,14.0,0.0,0.0,25.0,8.0,133.0,0.05197342711996874,0.0,0.2558139534883721,0.14,0.5364238410596027,0.0,0.0,0.0,30.0,0.46357615894039733,140.0,0.0,302.0
-0.100253,687.0,1.105451,1700.0,-68.874044,120.35714285714286,16.0,1.4736842105263157,6.410714285714286,1707.0,0.0,0.0023432923257176333,0.012302284710017574,0.0023432923257176333,6.917827657410068,0.0,11.0,0.049107142857142856,0.5267857142857143,0.0,0.0,4.0,0.0,0.0,11.0,1.0,0.004464285714285714,7.0,3.0,39.0,0.022847100175746926,0.0,0.11210762331838565,0.06756756756756757,0.3214285714285714,0.0,0.0,0.0,14.0,0.6785714285714286,152.0,0.0,224.0
-0.210189,643.0,1.233911,1772.0,-135.151298,125.64285714285714,16.785714285714285,1.5771812080536913,6.336170212765958,1779.0,0.0,0.0022484541877459247,0.01461495222034851,0.0022484541877459247,6.80250073858224,0.0,3.0,0.01276595744680851,0.48936170212765956,0.0,0.0,3.0,0.0,0.0,12.0,0.0,0.0,7.0,4.0,48.0,0.026981450252951095,0.0,0.15384615384615385,0.0815450643776824,0.3659574468085106,0.0,0.0,0.0,14.0,0.6340425531914894,149.0,0.00425531914893617,235.0
-0.1561415,0.0,1.1689919999999998,3558.0,-77.5851265,110.375,15.78125,2.6302083333333335,5.718811881188119,3584.0,0.0,0.005301339285714286,0.010044642857142858,0.004185267857142857,6.889096851796874,0.0,0.0,0.0,0.2,1.0,0.0019801980198019802,15.0,18.0,0.0,26.0,0.0,0.0,26.0,8.0,163.0,0.04547991071428571,0.0,0.24603174603174602,0.12326043737574553,0.6198019801980198,0.0,0.0,0.0,32.0,0.3801980198019802,192.0,0.0,505.0
-0.139686,619.0,1.149913,3290.0,-86.465922,112.48275862068965,15.89655172413793,1.8293650793650793,5.963123644251627,3317.0,0.0,0.004220681338558939,0.007536930961712391,0.002411817907747965,7.436138230499213,0.0,0.0,0.0,0.3882863340563991,6.0,0.013015184381778741,8.0,0.0,0.0,19.0,1.0,0.0021691973969631237,27.0,14.0,69.0,0.0208019294543262,0.0,0.10217391304347827,0.04357298474945534,0.4533622559652929,0.0,0.0,0.0,29.0,0.5466377440347071,252.0,0.0,461.0
-0.31095,3072.0,1.364721,12749.0,-955.237581,276.82608695652175,19.76086956521739,1.2267206477732793,12.364136413641365,12754.0,0.0,0.0018817625842872823,0.002587423553395013,0.005723694527207151,9.340641006378007,7.840677434530344e-05,2.0,0.0022002200220022,0.7205720572057206,2.0,0.0022002200220022,5.0,4.0,1.0,12.0,2.0,0.0022002200220022,62.0,7.0,547.0,0.04288850556688098,7.840677434530344e-05,0.019823788546255508,0.006615214994487321,0.18481848184818483,0.0,0.0,0.0005488474204171241,46.0,0.8151815181518152,741.0,0.009900990099009901,909.0
-0.1561415,0.0,1.1689919999999998,2216.0,-77.5851265,99.95454545454545,13.181818181818182,1.8238993710691824,6.3310344827586205,2232.0,0.0,0.00492831541218638,0.005824372759856631,0.0035842293906810036,6.770346391733952,0.0,15.0,0.05172413793103448,0.3896551724137931,0.0,0.0,8.0,10.0,0.0,15.0,0.0,0.0,16.0,6.0,86.0,0.03853046594982079,0.0,0.19377162629757785,0.09722222222222222,0.4517241379310345,0.0,0.0,0.0,22.0,0.5482758620689655,159.0,0.0,290.0
-0.048975,1535.0,1.050194,3740.0,-75.176059,90.29268292682927,11.78048780487805,3.2416107382550337,6.556935817805383,3766.0,0.0,0.005841741901221455,0.005841741901221455,0.005841741901221455,6.290843190361182,0.0,12.0,0.024844720496894408,0.16149068322981366,0.0,0.0,20.0,0.0,0.0,36.0,0.0,0.0,26.0,5.0,87.0,0.023101433882103027,0.0,0.44813278008298757,0.31185031185031187,0.6915113871635611,0.0,0.0,0.0,41.0,0.3084886128364389,149.0,0.002070393374741201,483.0
-0.185376,825.0,1.203671,2164.0,-152.935574,113.10526315789474,14.526315789473685,1.8904109589041096,6.641304347826087,2178.0,0.0,0.005050505050505051,0.009641873278236915,0.0036730945821854912,6.720046843526622,0.0,5.0,0.018115942028985508,0.34057971014492755,0.0,0.0,8.0,0.0,0.0,15.0,2.0,0.007246376811594203,14.0,4.0,56.0,0.025711662075298437,0.0,0.24727272727272728,0.15693430656934307,0.47101449275362317,0.0,0.0,0.0,19.0,0.5289855072463768,146.0,0.0,276.0
-0.1561415,0.0,1.1689919999999998,3347.0,-77.5851265,85.02564102564102,12.487179487179487,2.45959595959596,5.482546201232033,3391.0,0.0,0.006192863462105573,0.008846947803007963,0.0038336773813034504,6.964737545989911,0.0,0.0,0.0,0.22381930184804927,5.0,0.01026694045174538,19.0,17.0,0.0,25.0,1.0,0.002053388090349076,44.0,16.0,168.0,0.049542907696844586,0.0,0.25102880658436216,0.12577319587628866,0.593429158110883,0.0,0.0,0.0,39.0,0.406570841889117,198.0,0.0,487.0
-0.15803,436.0,1.171201,2285.0,-68.901058,113.15,16.8,1.7591623036649215,5.651785714285714,2297.0,0.0,0.00261210274270788,0.00827165868524162,0.0021767522855899,7.112767553214283,0.0,0.0,0.0,0.39285714285714285,7.0,0.020833333333333332,5.0,0.0,0.0,15.0,0.0,0.0,12.0,7.0,52.0,0.022638223770134958,0.0,0.08059701492537313,0.017964071856287425,0.43154761904761907,0.0,0.0,0.0,20.0,0.5684523809523809,191.0,0.0,336.0
-0.228785,407.0,1.257072,2136.0,-93.115483,193.1818181818182,26.181818181818183,1.1428571428571428,6.291666666666667,2140.0,0.0,0.0009345794392523365,0.008878504672897197,0.0,7.872186786296984,0.0,0.0,0.0,0.7986111111111112,3.0,0.010416666666666666,0.0,0.0,0.0,5.0,0.0,0.0,4.0,3.0,39.0,0.01822429906542056,0.0,0.010452961672473868,0.0,0.125,0.0,0.0,0.00046728971962616824,11.0,0.875,252.0,0.0,288.0
-0.1561415,0.0,1.1689919999999998,1977.0,-77.5851265,671.0,84.66666666666667,1.7162162162162162,6.366141732283465,2015.0,0.0,0.004466501240694789,0.004962779156327543,0.0,6.87223525401239,0.0,15.0,0.05905511811023622,0.35039370078740156,0.0,0.0,24.0,4.0,0.0,15.0,0.0,0.0,38.0,10.0,62.0,0.03076923076923077,0.0,0.2015810276679842,0.11507936507936507,0.4173228346456693,1.0,0.003937007874015748,0.0,3.0,0.5826771653543307,148.0,0.0,254.0
-0.114499,349.0,1.121312,851.0,-39.960182,140.66666666666666,20.5,1.3516483516483517,5.739837398373984,855.0,0.0,0.0,0.012865497076023392,0.0,6.337606960673321,0.0,3.0,0.024390243902439025,0.5772357723577236,0.0,0.0,0.0,0.0,0.0,5.0,2.0,0.016260162601626018,4.0,3.0,22.0,0.025730994152046785,0.0,0.05737704918032787,0.0,0.26016260162601623,0.0,0.0,0.0,6.0,0.7398373983739838,91.0,0.0,123.0
-0.077141,3072.0,1.080195,8149.0,-236.97845,172.36170212765958,23.74468085106383,6.846625766871166,6.077956989247312,8163.0,0.0,0.00012250398137939484,0.019968148964841358,0.0008575278696557638,5.883114305278292,0.0,46.0,0.04121863799283154,0.09050179211469533,0.0,0.0,5.0,6.0,0.0,53.0,0.0,0.0,14.0,8.0,240.0,0.02940095553105476,0.0,0.7865470852017937,0.7594254937163375,0.8539426523297491,0.0,0.0,0.0,47.0,0.1460573476702509,163.0,0.0,1116.0
-0.1561415,0.0,1.1689919999999998,2499.0,-77.5851265,88.32142857142857,13.0,2.128654970760234,5.568681318681318,2516.0,0.0,0.0043720190779014305,0.011526232114467409,0.003577106518282989,6.786968977042278,0.0,0.0,0.0,0.29120879120879123,0.0,0.0,9.0,9.0,0.0,19.0,1.0,0.0027472527472527475,17.0,6.0,119.0,0.0472972972972973,0.0,0.18181818181818182,0.0718232044198895,0.5302197802197802,0.0,0.0,0.0,28.0,0.4697802197802198,171.0,0.0,364.0
-0.118175,359.0,1.125441,1773.0,-42.424942,92.21052631578948,13.894736842105264,1.736842105263158,5.518939393939394,1785.0,0.0,0.0033613445378151263,0.012324929971988795,0.0028011204481792717,6.773497979928568,0.0,0.0,0.0,0.42045454545454547,2.0,0.007575757575757576,5.0,0.0,0.0,11.0,0.0,0.0,12.0,7.0,55.0,0.03081232492997199,0.0,0.11406844106463879,0.03435114503816794,0.4242424242424242,0.0,0.0,0.0,19.0,0.5757575757575758,152.0,0.0,264.0
-0.332265,3072.0,1.394123,16015.0,-1020.719173,485.6363636363636,55.63636363636363,1.0954653937947494,7.523965141612201,16055.0,0.0,0.0004982871379632513,0.0032388663967611335,0.00024914356898162566,10.615844525481238,0.0003737153534724385,5.0,0.0027233115468409588,0.8660130718954249,4.0,0.002178649237472767,2.0,0.0,1.0,13.0,3.0,0.0016339869281045752,40.0,16.0,238.0,0.014824042354406727,6.228589224540641e-05,0.0038147138964577656,0.0,0.08714596949891062,5.0,0.0027233115468409588,6.228589224540641e-05,33.0,0.9128540305010894,1676.0,0.0,1836.0
-0.1561415,0.0,1.1689919999999998,1785.0,-77.5851265,93.10526315789474,13.052631578947368,1.7588652482269505,5.911290322580645,1798.0,0.0,0.0033370411568409346,0.01167964404894327,0.002224694104560623,6.653017929321509,0.0,13.0,0.05241935483870968,0.4274193548387097,0.0,0.0,7.0,4.0,0.0,13.0,1.0,0.004032258064516129,13.0,5.0,65.0,0.036151279199110126,0.0,0.13765182186234817,0.07723577235772358,0.43145161290322576,0.0,0.0,0.0,19.0,0.5685483870967742,141.0,0.0,248.0
-0.147849,225.0,1.159338,558.0,-33.266011,138.75,20.0,1.3333333333333333,5.85,558.0,0.0,0.0,0.012544802867383513,0.0,5.724747626002146,0.0,3.0,0.0375,0.5875,0.0,0.0,0.0,0.0,0.0,6.0,1.0,0.0125,0.0,1.0,11.0,0.01971326164874552,0.0,0.06329113924050633,0.01282051282051282,0.25,0.0,0.0,0.0,4.0,0.75,60.0,0.0,80.0
-0.235957,469.0,1.26612,1274.0,-110.664033,115.0,16.636363636363637,1.6194690265486726,5.73224043715847,1281.0,0.0,0.00078064012490242,0.01483216237314598,0.00312256049960968,6.450278783507012,0.0,2.0,0.01092896174863388,0.46994535519125685,0.0,0.0,4.0,0.0,0.0,9.0,0.0,0.0,7.0,3.0,37.0,0.02888368462138954,0.0,0.16483516483516483,0.11049723756906077,0.3825136612021858,0.0,0.0,0.0,11.0,0.6174863387978142,113.0,0.0,183.0
-0.1561415,0.0,1.1689919999999998,2917.0,-77.5851265,87.60606060606061,13.303030303030303,2.322751322751323,5.2733485193621865,2946.0,0.0,0.006788866259334691,0.008146639511201629,0.0050916496945010185,6.768103942333004,0.0,0.0,0.0,0.26651480637813213,2.0,0.004555808656036446,15.0,19.0,0.0,24.0,0.0,0.0,29.0,10.0,166.0,0.05634758995247793,0.0,0.2009132420091324,0.11670480549199085,0.5694760820045558,1.0,0.002277904328018223,0.0,33.0,0.4305239179954442,189.0,0.002277904328018223,439.0
-0.158915,246.0,1.172238,1317.0,-39.093008,163.375,24.75,1.523076923076923,5.52020202020202,1323.0,0.0,0.0,0.012093726379440665,0.0,6.651265665735725,0.0,0.0,0.0,0.51010101010101,2.0,0.010101010101010102,0.0,0.0,0.0,12.0,0.0,0.0,6.0,4.0,27.0,0.02040816326530612,0.0,0.05583756345177665,0.015306122448979591,0.3434343434343434,0.0,0.0,0.0,8.0,0.6565656565656566,130.0,0.0,198.0
-0.248051,459.0,1.281525,2205.0,-113.855395,156.64285714285714,21.785714285714285,1.1380597014925373,6.0688524590163935,2211.0,0.0,0.0,0.005427408412483039,0.012663952962460425,7.939878250757601,0.0004522840343735866,0.0,0.0,0.819672131147541,3.0,0.009836065573770493,0.0,0.0,0.0,7.0,1.0,0.003278688524590164,6.0,3.0,48.0,0.021709633649932156,0.0,0.013157894736842105,0.0,0.12131147540983611,0.0,0.0,0.0004522840343735866,14.0,0.8786885245901639,268.0,0.0,305.0
-0.1561415,0.0,1.1689919999999998,2190.0,-77.5851265,86.76,12.48,2.311111111111111,5.673076923076923,2210.0,0.0,0.006334841628959276,0.00904977375565611,0.004977375565610859,6.524439623448982,0.0,11.0,0.035256410256410256,0.22756410256410256,0.0,0.0,11.0,11.0,0.0,22.0,4.0,0.01282051282051282,20.0,7.0,103.0,0.04660633484162896,0.0013574660633484162,0.2958199356913183,0.18387096774193548,0.5673076923076923,0.0,0.0,0.0,25.0,0.4326923076923077,135.0,0.0,312.0
-0.150968,246.0,1.162959,620.0,-37.13803,154.25,22.75,1.2638888888888888,5.637362637362638,620.0,0.0,0.0,0.020967741935483872,0.0,6.01197688768481,0.0,1.0,0.01098901098901099,0.6593406593406593,0.0,0.0,0.0,0.0,0.0,5.0,2.0,0.02197802197802198,0.0,1.0,17.0,0.027419354838709678,0.0,0.05555555555555555,0.02247191011235955,0.20879120879120883,0.0,0.0,0.0,4.0,0.7912087912087912,72.0,0.0,91.0
-0.395558,160.0,1.485212,419.0,-63.289257,104.25,14.75,1.2040816326530612,5.915254237288136,419.0,0.0,0.0,0.01909307875894988,0.0,5.437479278065394,0.0,1.0,0.01694915254237288,0.7457627118644068,0.0,0.0,0.0,0.0,0.0,6.0,1.0,0.01694915254237288,0.0,1.0,12.0,0.028639618138424822,0.0,0.017241379310344827,0.0,0.1694915254237288,0.0,0.0,0.0,4.0,0.8305084745762712,49.0,0.0,59.0
-0.1561415,0.0,1.1689919999999998,2999.0,-77.5851265,102.72413793103448,15.517241379310345,2.4456521739130435,5.344444444444444,3028.0,0.0,0.0059445178335535,0.007926023778071334,0.003963011889035667,6.843379253054109,0.0,0.0,0.0,0.23555555555555555,3.0,0.006666666666666667,12.0,16.0,0.0,21.0,1.0,0.0022222222222222222,29.0,11.0,138.0,0.04557463672391017,0.0,0.19376391982182628,0.08035714285714286,0.5911111111111111,0.0,0.0,0.0,29.0,0.4088888888888889,184.0,0.0,450.0
-0.114476,487.0,1.121286,2406.0,-55.749913,103.78260869565217,14.956521739130435,1.82010582010582,5.8313953488372094,2421.0,0.0,0.004956629491945477,0.00784799669558034,0.003304419661296985,7.038320620696865,0.0,0.0,0.0,0.3808139534883721,6.0,0.01744186046511628,8.0,0.0,0.0,19.0,1.0,0.0029069767441860465,15.0,4.0,59.0,0.024370095002065262,0.0,0.10495626822157435,0.05263157894736842,0.45058139534883723,0.0,0.0,0.0,23.0,0.5494186046511628,189.0,0.0,344.0
-0.351921,430.0,1.421796,2375.0,-151.326078,215.27272727272728,28.545454545454547,1.0608108108108107,6.461783439490445,2378.0,0.0,0.00042052144659377626,0.002943650126156434,0.0008410428931875525,8.166071296736849,0.0008410428931875525,1.0,0.0031847133757961785,0.8980891719745223,3.0,0.009554140127388535,1.0,0.0,0.0,5.0,2.0,0.006369426751592357,3.0,2.0,29.0,0.012195121951219513,0.0,0.0,0.0,0.0573248407643312,0.0,0.0,0.00042052144659377626,11.0,0.9426751592356688,296.0,0.0,314.0
-0.1561415,0.0,1.1689919999999998,2627.0,-77.5851265,108.83333333333333,14.416666666666666,2.621212121212121,6.23121387283237,2657.0,0.0,0.005269100489273617,0.008280015054572827,0.0030109145652992097,6.460290122518419,0.0,12.0,0.03468208092485549,0.18497109826589594,0.0,0.0,14.0,11.0,0.0,19.0,8.0,0.023121387283236993,30.0,11.0,110.0,0.041400075272864136,0.0,0.3565217391304348,0.2558139534883721,0.6184971098265897,0.0,0.0,0.0,24.0,0.3815028901734104,132.0,0.0,346.0
-0.106814,896.0,1.112727,2191.0,-95.705218,90.41666666666667,12.0,1.4845360824742269,6.40625,2207.0,0.0,0.0058903488898957865,0.004984141368373357,0.004531037607612143,7.190140051773127,0.0,16.0,0.05555555555555555,0.5381944444444444,0.0,0.0,10.0,2.0,0.0,16.0,1.0,0.003472222222222222,16.0,4.0,56.0,0.025373810602628003,0.0,0.10452961672473868,0.055944055944055944,0.32638888888888884,0.0,0.0,0.0,24.0,0.6736111111111112,194.0,0.0,288.0
-0.228814,702.0,1.257108,1926.0,-160.627505,127.26666666666667,16.2,1.7357142857142858,6.7407407407407405,1939.0,0.0,0.0030943785456420837,0.009798865394533264,0.0025786487880350697,6.694276473168,0.0,9.0,0.037037037037037035,0.41975308641975306,0.0,0.0,5.0,0.0,0.0,10.0,0.0,0.0,13.0,7.0,40.0,0.020629190304280558,0.0,0.1487603305785124,0.07468879668049792,0.4238683127572016,0.0,0.0,0.0,15.0,0.5761316872427984,140.0,0.0,243.0
-0.1561415,0.0,1.1689919999999998,3302.0,-77.5851265,105.70967741935483,14.64516129032258,2.172248803827751,5.91409691629956,3327.0,0.0,0.005410279531109108,0.01142170123234145,0.004207995190862639,7.001183967283636,0.0,0.0,0.0,0.29955947136563876,3.0,0.006607929515418502,14.0,17.0,0.0,35.0,2.0,0.004405286343612335,25.0,8.0,159.0,0.047790802524797116,0.0,0.15894039735099338,0.05752212389380531,0.539647577092511,0.0,0.0,0.0,31.0,0.460352422907489,209.0,0.0022026431718061676,454.0
-0.120426,405.0,1.127977,2066.0,-48.772534,113.66666666666667,16.666666666666668,1.6666666666666667,5.723333333333334,2078.0,0.0,0.0028873917228103944,0.009624639076034648,0.002406159769008662,6.9253058889592864,0.0,0.0,0.0,0.47333333333333333,2.0,0.006666666666666667,5.0,0.0,0.0,17.0,0.0,0.0,12.0,7.0,49.0,0.02358036573628489,0.0,0.0903010033444816,0.02348993288590604,0.4,0.0,0.0,0.0,18.0,0.6,180.0,0.0,300.0
-0.360526,3072.0,1.434084,16072.0,-1107.537125,802.5,84.0,1.0639645345155162,8.492857142857142,16078.0,0.0,0.0003731807438736161,0.000808558278392835,0.0003109839532280134,10.55310063495856,6.219679064560268e-05,3.0,0.0017857142857142857,0.9089285714285714,4.0,0.002380952380952381,3.0,0.0,0.0,12.0,1.0,0.0005952380952380953,19.0,4.0,119.0,0.007401418086826719,0.0,0.008933889219773675,0.004767580452920143,0.06011904761904763,2.0,0.0011904761904761906,6.219679064560268e-05,20.0,0.9398809523809524,1579.0,0.0011904761904761906,1680.0
-0.1561415,0.0,1.1689919999999998,2054.0,-77.5851265,88.56521739130434,11.391304347826088,1.9264705882352942,6.419847328244275,2075.0,0.0,0.006746987951807229,0.007228915662650603,0.004819277108433735,6.61523892444942,0.0,11.0,0.04198473282442748,0.32061068702290074,0.0,0.0,10.0,13.0,0.0,15.0,0.0,0.0,21.0,8.0,104.0,0.05012048192771084,0.0,0.16475095785440613,0.06923076923076923,0.48091603053435117,0.0,0.0,0.0,23.0,0.5190839694656488,136.0,0.0,262.0
-0.107383,868.0,1.11336,2117.0,-93.208086,95.18181818181819,12.636363636363637,1.553072625698324,6.428057553956834,2130.0,0.0,0.004694835680751174,0.007981220657276996,0.005164319248826291,7.11282197568251,0.0,9.0,0.03237410071942446,0.48201438848920863,0.0,0.0,10.0,0.0,0.0,12.0,2.0,0.007194244604316547,13.0,3.0,52.0,0.024413145539906103,0.0,0.11913357400722022,0.05434782608695652,0.35611510791366907,0.0,0.0,0.0,22.0,0.6438848920863309,179.0,0.0,278.0
-0.268599,424.0,1.308131,1191.0,-113.88601,147.75,19.625,1.3418803418803418,6.426751592356688,1196.0,0.0,0.0,0.011705685618729096,0.0,6.6918870515471,0.0,3.0,0.01910828025477707,0.5859872611464968,0.0,0.0,0.0,0.0,0.0,5.0,2.0,0.012738853503184714,5.0,3.0,24.0,0.020066889632107024,0.0,0.038461538461538464,0.012903225806451613,0.2547770700636943,0.0,0.0,0.0,8.0,0.7452229299363057,117.0,0.0,157.0
-0.1561415,0.0,1.1689919999999998,3577.0,-77.5851265,107.54545454545455,14.575757575757576,2.544973544973545,6.0997920997921,3609.0,0.0,0.005264616237184816,0.006095871432529786,0.0038791909116098642,6.8387657670638475,0.0,0.0,0.0,0.22661122661122662,1.0,0.002079002079002079,14.0,19.0,0.0,31.0,1.0,0.002079002079002079,32.0,12.0,160.0,0.04433361041839845,0.0,0.22708333333333333,0.10855949895615867,0.6070686070686071,0.0,0.0,0.0,33.0,0.39293139293139295,189.0,0.002079002079002079,481.0
-0.121365,456.0,1.129037,2345.0,-55.342628,116.35,16.8,1.75,5.8125,2360.0,0.0,0.00211864406779661,0.00847457627118644,0.001694915254237288,7.094356555300276,0.0,0.0,0.0,0.42857142857142855,2.0,0.005952380952380952,4.0,0.0,0.0,13.0,2.0,0.005952380952380952,15.0,7.0,59.0,0.025,0.0,0.06865671641791045,0.02694610778443114,0.4285714285714286,0.0,0.0,0.0,20.0,0.5714285714285714,192.0,0.0,336.0
-0.163514,581.0,1.177641,2788.0,-95.001399,105.92307692307692,14.038461538461538,1.254295532646048,6.364383561643836,2811.0,0.0,0.0035574528637495554,0.0032017075773745998,0.0035574528637495554,7.993466275884982,0.0,0.0,0.0,0.6767123287671233,3.0,0.00821917808219178,9.0,9.0,0.0,10.0,2.0,0.005479452054794521,23.0,12.0,92.0,0.03272856634649591,0.0,0.013736263736263736,0.0027548209366391185,0.20273972602739732,1.0,0.0027397260273972603,0.0003557452863749555,26.0,0.7972602739726027,291.0,0.0027397260273972603,365.0
-0.1561415,0.0,1.1689919999999998,2455.0,-77.5851265,97.44,12.84,2.7435897435897436,6.292834890965732,2476.0,0.0,0.005654281098546042,0.006865912762520194,0.004038772213247173,6.2663281370702,0.0,9.0,0.028037383177570093,0.16822429906542055,0.0,0.0,10.0,13.0,0.0,20.0,1.0,0.003115264797507788,21.0,8.0,108.0,0.04361873990306947,0.0,0.425,0.32601880877742945,0.6355140186915889,0.0,0.0,0.0,25.0,0.3644859813084112,117.0,0.0,321.0
-0.103194,571.0,1.108707,1418.0,-58.923871,108.15384615384616,14.153846153846153,1.4488188976377954,6.5271739130434785,1428.0,0.0,0.0007002801120448179,0.011904761904761904,0.0035014005602240898,6.755398537980305,0.0,6.0,0.03260869565217391,0.5,0.0,0.0,5.0,0.0,0.0,7.0,0.0,0.0,10.0,4.0,31.0,0.021708683473389355,0.0,0.09836065573770492,0.06043956043956044,0.3097826086956522,0.0,0.0,0.0,13.0,0.6902173913043478,127.0,0.0,184.0
-0.23458,930.0,1.264378,2564.0,-218.159837,133.94736842105263,17.157894736842106,1.5825242718446602,6.579754601226994,2580.0,0.0,0.0003875968992248062,0.01434108527131783,0.0034883720930232558,7.329252522776629,0.0,4.0,0.012269938650306749,0.48773006134969327,0.0,0.0,5.0,5.0,0.0,9.0,1.0,0.003067484662576687,16.0,7.0,85.0,0.03294573643410853,0.0,0.07384615384615385,0.012345679012345678,0.36809815950920244,0.0,0.0,0.0,19.0,0.6319018404907976,206.0,0.0,326.0
-0.1561415,0.0,1.1689919999999998,2845.0,-77.5851265,85.39393939393939,12.424242424242424,2.1465968586387434,5.575609756097561,2871.0,0.0,0.0066179031696273075,0.0066179031696273075,0.00522466039707419,6.9908715850425205,0.0,0.0,0.0,0.2682926829268293,3.0,0.007317073170731708,15.0,18.0,0.0,21.0,2.0,0.004878048780487805,26.0,8.0,150.0,0.0522466039707419,0.0,0.1466992665036675,0.061274509803921566,0.5341463414634147,0.0,0.0,0.0,33.0,0.4658536585365854,191.0,0.0,410.0
-0.139309,344.0,1.149479,1784.0,-47.922243,97.88888888888889,14.88888888888889,1.4486486486486487,5.492537313432836,1800.0,0.0,0.0044444444444444444,0.006111111111111111,0.0038888888888888888,7.131254952272944,0.0,0.0,0.0,0.5783582089552238,5.0,0.018656716417910446,7.0,0.0,0.0,12.0,2.0,0.007462686567164179,16.0,9.0,38.0,0.021111111111111112,0.0,0.033707865168539325,0.0,0.3097014925373134,0.0,0.0,0.0,18.0,0.6902985074626866,185.0,0.0,268.0
-0.211053,468.0,1.234978,2349.0,-98.772751,110.66666666666667,14.666666666666666,1.1800766283524904,6.376623376623376,2367.0,0.0,0.0025348542458808617,0.007182087029995775,0.0021123785382340513,7.893702562056641,0.0,0.0,0.0,0.7564935064935064,3.0,0.00974025974025974,5.0,5.0,0.0,7.0,2.0,0.006493506493506494,18.0,7.0,71.0,0.02999577524292353,0.0,0.006514657980456026,0.0,0.15259740259740262,0.0,0.0,0.0004224757076468103,21.0,0.8474025974025974,261.0,0.0,308.0
-0.1561415,0.0,1.1689919999999998,2519.0,-77.5851265,96.11538461538461,12.615384615384615,1.9759036144578312,6.295731707317073,2542.0,0.0,0.006294256490952006,0.007081038552321007,0.004720692368214005,6.913673515431769,0.0,11.0,0.03353658536585366,0.3048780487804878,0.0,0.0,12.0,15.0,0.0,12.0,2.0,0.006097560975609756,23.0,8.0,121.0,0.04760031471282455,0.0,0.19877675840978593,0.08588957055214724,0.49390243902439024,0.0,0.0,0.0,26.0,0.5060975609756098,166.0,0.0,328.0
-0.103204,949.0,1.108717,2224.0,-97.940243,95.69565217391305,12.652173913043478,1.6166666666666667,6.4604810996563575,2240.0,0.0,0.004910714285714286,0.007589285714285714,0.005803571428571429,7.140398765940643,0.0,8.0,0.027491408934707903,0.44673539518900346,0.0,0.0,10.0,0.0,0.0,9.0,6.0,0.020618556701030927,16.0,4.0,52.0,0.023214285714285715,0.0,0.07931034482758621,0.02422145328719723,0.38144329896907214,0.0,0.0,0.0,23.0,0.6185567010309279,180.0,0.0,291.0
-0.27543,585.0,1.317097,1659.0,-161.12662,117.64285714285714,15.142857142857142,1.4133333333333333,6.617924528301887,1667.0,0.0,0.0005998800239952009,0.010797840431913617,0.002999400119976005,6.974587450305112,0.0,3.0,0.014150943396226415,0.5566037735849056,0.0,0.0,5.0,0.0,0.0,7.0,2.0,0.009433962264150943,8.0,3.0,39.0,0.023395320935812838,0.0,0.07109004739336493,0.02857142857142857,0.2924528301886793,0.0,0.0,0.0,14.0,0.7075471698113207,150.0,0.0,212.0
-0.1561415,0.0,1.1689919999999998,3210.0,-77.5851265,93.6470588235294,14.029411764705882,2.158371040723982,5.39832285115304,3238.0,0.0,0.006176652254478073,0.0077208153180975915,0.004632489190858555,7.130990417732134,0.0,0.0,0.0,0.29350104821802936,2.0,0.0041928721174004195,15.0,18.0,0.0,26.0,4.0,0.008385744234800839,28.0,9.0,167.0,0.05157504632489191,0.0,0.14495798319327732,0.07157894736842105,0.5366876310272537,0.0,0.0,0.0,34.0,0.46331236897274636,221.0,0.0,477.0
-0.14375,419.0,1.154595,2042.0,-60.23118,106.26315789473684,15.947368421052632,1.7514450867052023,5.570957095709571,2058.0,0.0,0.003401360544217687,0.007774538386783284,0.0029154518950437317,6.922380412080192,0.0,0.0,0.0,0.42574257425742573,4.0,0.013201320132013201,6.0,0.0,0.0,17.0,2.0,0.006600660066006601,16.0,9.0,51.0,0.02478134110787172,0.0,0.09933774834437085,0.03986710963455149,0.429042904290429,0.0,0.0,0.0,19.0,0.570957095709571,173.0,0.0033003300330033004,303.0
-0.268172,362.0,1.307572,1926.0,-97.078173,159.41666666666666,21.583333333333332,1.15625,6.289575289575289,1932.0,0.0,0.0005175983436853002,0.010351966873706004,0.0,7.676018084958793,0.0,0.0,0.0,0.7799227799227799,3.0,0.011583011583011582,0.0,0.0,0.0,8.0,3.0,0.011583011583011582,6.0,3.0,38.0,0.019668737060041408,0.0,0.0,0.0,0.1351351351351351,0.0,0.0,0.0005175983436853002,12.0,0.8648648648648649,224.0,0.0,259.0
-0.1561415,0.0,1.1689919999999998,2740.0,-77.5851265,100.5925925925926,13.555555555555555,2.0795454545454546,6.131147540983607,2763.0,0.0,0.0054288816503800215,0.007962359753890699,0.004343105320304018,6.846719200903694,0.0,23.0,0.06284153005464481,0.2923497267759563,0.0,0.0,12.0,15.0,0.0,23.0,3.0,0.00819672131147541,23.0,8.0,138.0,0.0499457111834962,0.0,0.2328767123287671,0.1401098901098901,0.5191256830601093,0.0,0.0,0.0,27.0,0.4808743169398907,176.0,0.0,366.0
-0.149521,690.0,1.161278,1586.0,-103.16957,51.9,7.033333333333333,1.4755244755244756,6.2559241706161135,1608.0,0.0,0.0012437810945273632,0.007462686567164179,0.007462686567164179,6.782297590080085,0.0,14.0,0.06635071090047394,0.5355450236966824,0.0,0.0,12.0,0.0,0.0,14.0,1.0,0.004739336492890996,22.0,7.0,55.0,0.034203980099502485,0.0,0.05714285714285714,0.023923444976076555,0.3222748815165877,0.0,0.0,0.0,30.0,0.6777251184834123,143.0,0.0,211.0
-0.208046,1235.0,1.23127,3323.0,-256.937306,126.42307692307692,17.0,2.2666666666666666,6.205882352941177,3348.0,0.0,0.002986857825567503,0.015531660692951015,0.0035842293906810036,6.875340521167299,0.0,7.0,0.01583710407239819,0.29411764705882354,0.0,0.0,9.0,10.0,0.0,23.0,4.0,0.00904977375565611,25.0,13.0,131.0,0.03912783751493429,0.0,0.36961451247165533,0.3068181818181818,0.5588235294117647,0.0,0.0,0.0,26.0,0.4411764705882353,195.0,0.0,442.0
-0.1561415,0.0,1.1689919999999998,3144.0,-77.5851265,91.73529411764706,14.147058823529411,2.796511627906977,5.218295218295219,3172.0,0.0,0.005359394703656999,0.0069356872635561164,0.005359394703656999,6.736925841872143,0.0,0.0,0.0,0.1995841995841996,12.0,0.02494802494802495,14.0,18.0,0.0,20.0,7.0,0.014553014553014554,28.0,10.0,155.0,0.04886506935687263,0.0006305170239596469,0.3145833333333333,0.19624217118997914,0.6424116424116424,8.0,0.016632016632016633,0.0,34.0,0.3575883575883576,172.0,0.0,481.0
-0.095588,339.0,1.100306,1729.0,-32.404379,89.84210526315789,13.0,1.6689189189189189,5.809716599190283,1743.0,0.0,0.004016064257028112,0.008605851979345954,0.0051635111876075735,6.844732794622585,0.0,0.0,0.0,0.4251012145748988,6.0,0.024291497975708502,6.0,0.0,0.0,9.0,1.0,0.004048582995951417,14.0,8.0,48.0,0.027538726333907058,0.0,0.09349593495934959,0.04081632653061224,0.4008097165991903,0.0,0.0,0.0,19.0,0.5991902834008097,148.0,0.0,247.0
-0.217267,3072.0,1.242676,11178.0,-667.44507,531.4761904761905,54.333333333333336,1.071361502347418,7.223488168273445,11188.0,0.0,0.0001787629603146228,0.0010725777618877368,0.016356810868787985,10.001696592574026,0.0,0.0,0.0,0.8860648553900088,3.0,0.0026292725679228747,4.0,4.0,0.0,7.0,1.0,0.0008764241893076249,10.0,6.0,1808.0,0.161601716124419,0.0001787629603146228,0.0043859649122807015,0.0,0.0666082383873795,4.0,0.0035056967572304996,0.0001787629603146228,21.0,0.9333917616126205,1065.0,0.0043821209465381246,1141.0
-0.1561415,0.0,1.1689919999999998,2221.0,-77.5851265,104.95238095238095,13.619047619047619,1.9589041095890412,6.370629370629371,2240.0,0.0,0.005803571428571429,0.009821428571428571,0.0017857142857142857,6.649240706045367,0.0,10.0,0.03496503496503497,0.3531468531468531,0.0,0.0,10.0,10.0,0.0,11.0,7.0,0.024475524475524476,19.0,7.0,102.0,0.045535714285714284,0.0013392857142857143,0.23508771929824562,0.1443661971830986,0.4895104895104895,0.0,0.0,0.0,21.0,0.5104895104895105,146.0,0.0034965034965034965,286.0
-0.119443,511.0,1.126868,1318.0,-61.035123,93.28571428571429,13.071428571428571,1.4523809523809523,6.060109289617486,1327.0,0.0,0.0007535795026375283,0.007535795026375283,0.00452147701582517,6.666747671965512,0.0,10.0,0.0546448087431694,0.5355191256830601,0.0,0.0,6.0,0.0,0.0,10.0,1.0,0.00546448087431694,9.0,3.0,26.0,0.019593067068575734,0.0,0.08791208791208792,0.03867403314917127,0.3114754098360656,0.0,0.0,0.0,14.0,0.6885245901639344,126.0,0.0,183.0
-0.268146,399.0,1.307538,1059.0,-106.990178,80.61538461538461,11.538461538461538,1.4423076923076923,5.88,1067.0,0.0,0.0009372071227741331,0.011246485473289597,0.004686035613870665,6.454558920579763,0.0,3.0,0.02,0.5266666666666666,0.0,0.0,5.0,0.0,0.0,8.0,0.0,0.0,8.0,3.0,26.0,0.02436738519212746,0.0,0.08053691275167785,0.006756756756756757,0.30666666666666664,0.0,0.0,0.0,13.0,0.6933333333333334,104.0,0.0,150.0
-0.1561415,0.0,1.1689919999999998,3664.0,-77.5851265,93.12820512820512,13.512820512820513,2.4626168224299065,5.605313092979127,3696.0,0.0,0.006222943722943723,0.007305194805194805,0.00487012987012987,7.046715909722441,0.0,1.0,0.0018975332068311196,0.2314990512333966,6.0,0.011385199240986717,18.0,21.0,0.0,27.0,2.0,0.003795066413662239,32.0,10.0,183.0,0.049512987012987016,0.0,0.20722433460076045,0.09142857142857143,0.5939278937381405,0.0,0.0,0.0,39.0,0.4060721062618596,214.0,0.003795066413662239,527.0
-0.111882,671.0,1.118381,3423.0,-75.073156,102.57575757575758,14.636363636363637,1.8505747126436782,5.881987577639752,3453.0,0.0,0.004344048653344918,0.010136113524471474,0.0034752389226759338,7.4896739266580825,0.0,0.0,0.0,0.37888198757763975,5.0,0.010351966873706004,10.0,0.0,0.0,16.0,3.0,0.006211180124223602,30.0,16.0,88.0,0.02548508543295685,0.0002896032435563278,0.10580912863070539,0.037422037422037424,0.45962732919254656,0.0,0.0,0.0,33.0,0.5403726708074534,261.0,0.0,483.0
-0.35387,3072.0,1.424571,15173.0,-1087.089873,631.75,70.08333333333333,1.1000654022236755,7.9655172413793105,15196.0,0.0,0.0006580679126085812,0.0005922611213477231,0.0011845222426954461,10.507895096410584,6.580679126085812e-05,4.0,0.0023781212841854932,0.8394768133174791,3.0,0.0017835909631391202,6.0,6.0,0.0,9.0,2.0,0.0011890606420927466,23.0,9.0,82.0,0.005396156883390366,0.0,0.00594883997620464,0.0011904761904761906,0.09096313912009513,3.0,0.0017835909631391202,6.580679126085812e-05,24.0,0.9090368608799049,1529.0,0.0011890606420927466,1682.0
-0.1561415,0.0,1.1689919999999998,2299.0,-77.5851265,192.16666666666666,25.083333333333332,2.0902777777777777,6.3455149501661126,2335.0,0.0,0.002569593147751606,0.006423982869379015,0.0,6.53578074970223,0.0,8.0,0.026578073089700997,0.3023255813953488,0.0,0.0,16.0,3.0,0.0,19.0,3.0,0.009966777408637873,36.0,13.0,61.0,0.026124197002141327,0.0,0.2866666666666667,0.18394648829431437,0.521594684385382,0.0,0.0,0.0,12.0,0.47840531561461797,144.0,0.0,301.0
-0.128928,761.0,1.137608,1967.0,-98.114337,97.35,13.3,1.5465116279069768,6.176691729323308,1980.0,0.0,0.000505050505050505,0.011111111111111112,0.0030303030303030303,7.152916717834466,0.0,10.0,0.03759398496240601,0.44360902255639095,0.0,0.0,6.0,0.0,0.0,10.0,1.0,0.0037593984962406013,13.0,5.0,49.0,0.024747474747474747,0.0,0.1169811320754717,0.06439393939393939,0.3533834586466166,0.0,0.0,0.0,20.0,0.6466165413533834,172.0,0.0,266.0
-0.183654,2204.0,1.2016,6348.0,-404.772679,139.35555555555555,17.533333333333335,2.216292134831461,6.550063371356147,6400.0,0.0,0.00296875,0.01515625,0.00234375,7.57259556785692,0.0,15.0,0.019011406844106463,0.3244613434727503,1.0,0.0012674271229404308,34.0,15.0,0.0,41.0,1.0,0.0012674271229404308,52.0,16.0,271.0,0.04234375,0.0,0.31218274111675126,0.21346886912325286,0.5487959442332067,0.0,0.0,0.0,45.0,0.4512040557667934,356.0,0.0012674271229404308,789.0
-0.1561415,0.0,1.1689919999999998,2892.0,-77.5851265,114.88,18.84,2.532258064516129,4.868365180467091,2916.0,0.0,0.00411522633744856,0.011659807956104253,0.0027434842249657062,6.7331157450403305,0.0,0.0,0.0,0.23354564755838642,5.0,0.010615711252653927,11.0,11.0,0.0,23.0,4.0,0.008492569002123142,24.0,9.0,131.0,0.04492455418381344,0.0,0.2574468085106383,0.1535181236673774,0.6050955414012739,20.0,0.04246284501061571,0.0,25.0,0.39490445859872614,186.0,0.0,471.0
-0.157966,431.0,1.171127,2061.0,-68.083491,92.68181818181819,14.363636363636363,1.7458563535911602,5.344936708860759,2075.0,0.0,0.005301204819277108,0.010120481927710843,0.0038554216867469878,7.075568553346832,0.0,0.0,0.0,0.37658227848101267,7.0,0.022151898734177215,8.0,0.0,0.0,12.0,4.0,0.012658227848101266,14.0,4.0,57.0,0.02746987951807229,0.0,0.10158730158730159,0.03503184713375796,0.42721518987341767,0.0,0.0,0.0,22.0,0.5727848101265823,181.0,0.0,316.0
-0.182806,427.0,1.200582,2017.0,-78.058299,182.54545454545453,24.545454545454547,1.173913043478261,6.0962962962962965,2038.0,0.0,0.004416094210009814,0.007360157016683023,0.0004906771344455348,7.71038708975621,0.0,2.0,0.007407407407407408,0.762962962962963,3.0,0.011111111111111112,6.0,8.0,0.0,7.0,2.0,0.007407407407407408,21.0,10.0,82.0,0.040235525024533855,0.0,0.01486988847583643,0.011194029850746268,0.14814814814814814,1.0,0.003703703703703704,0.0004906771344455348,11.0,0.8518518518518519,230.0,0.0,270.0
-0.1561415,0.0,1.1689919999999998,2168.0,-77.5851265,135.0,19.1875,2.308270676691729,5.749185667752443,2193.0,0.0,0.005471956224350205,0.009575923392612859,0.0009119927040583675,6.588063796887808,0.0,12.0,0.03908794788273615,0.2247557003257329,0.0,0.0,12.0,3.0,0.0,13.0,1.0,0.003257328990228013,25.0,9.0,75.0,0.03419972640218878,0.0,0.3006535947712418,0.19672131147540983,0.5667752442996743,1.0,0.003257328990228013,0.0,16.0,0.43322475570032576,133.0,0.0,307.0
-0.125879,806.0,1.134144,1960.0,-101.458126,77.44,10.88,1.8013245033112584,5.970588235294118,1977.0,0.0,0.007587253414264037,0.01112797167425392,0.005058168942842691,6.967464495994444,0.0,7.0,0.025735294117647058,0.3161764705882353,0.0,0.0,10.0,0.0,0.0,7.0,3.0,0.011029411764705883,17.0,4.0,62.0,0.03136064744562468,0.0,0.16974169741697417,0.0962962962962963,0.44485294117647056,0.0,0.0,0.0,25.0,0.5551470588235294,151.0,0.0,272.0
-0.234955,564.0,1.264852,1452.0,-132.514651,160.77777777777777,22.444444444444443,1.9056603773584906,6.0049504950495045,1461.0,0.0,0.0027378507871321013,0.012320328542094456,0.0,6.403942113693578,0.0,3.0,0.01485148514851485,0.297029702970297,0.0,0.0,2.0,0.0,0.0,9.0,1.0,0.0049504950495049506,9.0,4.0,33.0,0.022587268993839837,0.0,0.20398009950248755,0.145,0.4752475247524752,0.0,0.0,0.0,9.0,0.5247524752475248,106.0,0.0,202.0
-0.1561415,0.0,1.1689919999999998,3289.0,-77.5851265,83.43589743589743,13.948717948717949,2.6930693069306932,4.737132352941177,3313.0,0.0,0.005433142167220043,0.01388469664956233,0.004527618472683369,6.860186600945952,0.0,0.0,0.0,0.20955882352941177,11.0,0.02022058823529412,15.0,15.0,0.0,28.0,10.0,0.01838235294117647,24.0,7.0,176.0,0.053124056746151525,0.0,0.31123388581952116,0.18081180811808117,0.6286764705882353,13.0,0.02389705882352941,0.0,39.0,0.3713235294117647,202.0,0.0,544.0
-0.189199,431.0,1.208281,1990.0,-81.544679,93.9047619047619,14.857142857142858,1.7049180327868851,5.208333333333333,2004.0,0.0,0.0054890219560878245,0.009481037924151697,0.003992015968063872,7.02617935285578,0.0,0.0,0.0,0.42628205128205127,5.0,0.016025641025641024,8.0,0.0,0.0,13.0,3.0,0.009615384615384616,14.0,4.0,56.0,0.027944111776447105,0.0,0.07717041800643087,0.01935483870967742,0.41346153846153844,0.0,0.0,0.0,21.0,0.5865384615384616,183.0,0.0,312.0
-0.23255,3072.0,1.261814,11673.0,-714.394266,832.6428571428571,71.28571428571429,1.0341968911917099,10.636272545090181,11685.0,0.0,8.557980316645271e-05,0.0006846384253316217,0.0004278990158322636,9.884558520901003,8.557980316645271e-05,0.0,0.0,0.9448897795591182,3.0,0.003006012024048096,5.0,5.0,0.0,7.0,2.0,0.002004008016032064,12.0,7.0,52.0,0.004450149764655542,0.0,0.003009027081243731,0.0,0.033066132264529036,1.0,0.001002004008016032,8.557980316645271e-05,14.0,0.966933867735471,965.0,0.0,998.0
-0.1561415,0.0,1.1689919999999998,1815.0,-77.5851265,112.9375,14.875,1.859375,6.302521008403361,1832.0,0.0,0.003820960698689956,0.012008733624454149,0.0027292576419213972,6.536927102478278,0.0,10.0,0.04201680672268908,0.3739495798319328,0.0,0.0,9.0,5.0,0.0,10.0,7.0,0.029411764705882353,17.0,6.0,69.0,0.03766375545851528,0.0,0.2109704641350211,0.15254237288135594,0.46218487394957986,0.0,0.0,0.0,16.0,0.5378151260504201,128.0,0.0,238.0
-0.110032,1059.0,1.116314,2649.0,-116.523622,90.34482758620689,13.241379310344827,2.169491525423729,5.6796875,2668.0,0.0,0.0003748125937031484,0.01199400299850075,0.004122938530734633,6.855241887746233,0.0,26.0,0.06770833333333333,0.3151041666666667,0.0,0.0,10.0,0.0,0.0,15.0,1.0,0.0026041666666666665,19.0,6.0,71.0,0.026611694152923537,0.0,0.3263707571801567,0.24607329842931938,0.5390625,0.0,0.0,0.0,29.0,0.4609375,177.0,0.0,384.0
-0.295014,654.0,1.343146,2211.0,-192.939369,220.0,30.2,1.3245614035087718,6.162251655629139,2216.0,0.0,0.0004512635379061372,0.01444043321299639,0.0018050541516245488,7.584795703394686,0.0004512635379061372,2.0,0.006622516556291391,0.6225165562913907,3.0,0.009933774834437087,0.0,0.0,0.0,13.0,2.0,0.006622516556291391,5.0,3.0,49.0,0.02211191335740072,0.0,0.0664451827242525,0.023333333333333334,0.2450331125827815,3.0,0.009933774834437087,0.0004512635379061372,10.0,0.7549668874172185,228.0,0.0,302.0
-0.1561415,0.0,1.1689919999999998,2635.0,-77.5851265,87.06666666666666,12.666666666666666,2.134831460674157,5.544736842105263,2662.0,0.0,0.0067618332081141996,0.008264462809917356,0.004883546205860256,6.9373911120741285,0.0,0.0,0.0,0.2789473684210526,3.0,0.007894736842105263,13.0,17.0,0.0,17.0,1.0,0.002631578947368421,27.0,10.0,155.0,0.058226897069872274,0.0,0.17678100263852242,0.07407407407407407,0.531578947368421,0.0,0.0,0.0,30.0,0.46842105263157896,178.0,0.0,380.0
-0.153018,205.0,1.165346,1072.0,-31.368702,132.75,20.875,1.4396551724137931,5.3053892215568865,1078.0,0.0,0.0,0.008348794063079777,0.0,6.545050924520092,0.0,0.0,0.0,0.5449101796407185,3.0,0.017964071856287425,0.0,0.0,0.0,9.0,0.0,0.0,6.0,4.0,20.0,0.01855287569573284,0.0,0.024096385542168676,0.0,0.3053892215568862,0.0,0.0,0.0,8.0,0.6946107784431138,116.0,0.0,167.0
-0.20633,406.0,1.229159,1981.0,-83.769897,108.72222222222223,15.5,1.1822033898305084,5.92831541218638,1999.0,0.0,0.003501750875437719,0.005502751375687844,0.0030015007503751876,7.745809931823328,0.0,0.0,0.0,0.7455197132616488,3.0,0.010752688172043012,6.0,0.0,0.0,9.0,0.0,0.0,18.0,9.0,43.0,0.021510755377688845,0.0,0.0035971223021582736,0.0,0.15412186379928317,0.0,0.0,0.0005002501250625312,18.0,0.8458781362007168,236.0,0.0,279.0
-0.1561415,0.0,1.1689919999999998,1799.0,-77.5851265,84.76190476190476,11.523809523809524,1.8195488721804511,6.078512396694215,1815.0,0.0,0.005509641873278237,0.01046831955922865,0.004407713498622589,6.744775855582619,0.0,7.0,0.028925619834710745,0.32644628099173556,0.0,0.0,8.0,8.0,0.0,8.0,2.0,0.008264462809917356,16.0,6.0,82.0,0.045179063360881545,0.0,0.17012448132780084,0.09166666666666666,0.4504132231404959,0.0,0.0,0.0,21.0,0.5495867768595041,133.0,0.0,242.0
-0.13082,262.0,1.139762,653.0,-34.27481,129.8,17.4,1.1917808219178083,6.379310344827586,653.0,0.0,0.0,0.010719754977029096,0.0,6.080762173959913,0.0,4.0,0.04597701149425287,0.7241379310344828,0.0,0.0,0.0,0.0,0.0,4.0,2.0,0.022988505747126436,0.0,1.0,12.0,0.018376722817764167,0.0,0.0,0.0,0.16091954022988508,0.0,0.0,0.0,5.0,0.8390804597701149,73.0,0.0,87.0
-0.322773,474.0,1.380953,1307.0,-152.994631,130.4,17.7,1.3111111111111111,6.186440677966102,1316.0,0.0,0.0007598784194528875,0.0121580547112462,0.004559270516717325,6.8722152789798665,0.0,4.0,0.022598870056497175,0.6271186440677966,0.0,0.0,6.0,0.0,0.0,8.0,2.0,0.011299435028248588,9.0,3.0,35.0,0.026595744680851064,0.0,0.017045454545454544,0.0,0.23728813559322037,0.0,0.0,0.003799392097264438,10.0,0.7627118644067796,135.0,0.0,177.0
-0.1561415,0.0,1.1689919999999998,2890.0,-77.5851265,77.48648648648648,10.945945945945946,2.109375,5.696296296296296,2930.0,0.0,0.008873720136518772,0.006825938566552901,0.005802047781569966,6.909802662403734,0.0,0.0,0.0,0.3135802469135803,2.0,0.0049382716049382715,17.0,20.0,0.0,23.0,1.0,0.0024691358024691358,40.0,15.0,184.0,0.06279863481228669,0.0,0.13613861386138615,0.03970223325062035,0.5259259259259259,1.0,0.0024691358024691358,0.0,37.0,0.4740740740740741,192.0,0.0,405.0
-0.132462,488.0,1.141636,2281.0,-64.641624,123.83333333333333,17.555555555555557,1.6122448979591837,5.7974683544303796,2302.0,0.0,0.007819287576020852,0.003909643788010426,0.0008688097306689834,7.199849141364163,0.0,0.0,0.0,0.47151898734177217,6.0,0.0189873417721519,6.0,0.0,0.0,13.0,1.0,0.0031645569620253164,21.0,4.0,75.0,0.03258036490008688,0.0,0.08253968253968254,0.01592356687898089,0.379746835443038,0.0,0.0,0.0,18.0,0.620253164556962,196.0,0.0,316.0
-0.340981,2469.0,1.406326,12192.0,-841.881618,936.8461538461538,95.38461538461539,1.0281923714759535,8.780645161290323,12201.0,0.0,0.0004917629702483403,0.0001639209900827801,0.0007376444553725104,10.214935451257361,0.0,1.0,0.0008064516129032258,0.9516129032258065,4.0,0.0032258064516129032,4.0,5.0,0.0,5.0,1.0,0.0008064516129032258,9.0,5.0,61.0,0.004999590197524793,0.0,0.0008071025020177562,0.0,0.02741935483870972,2.0,0.0016129032258064516,8.196049504139005e-05,13.0,0.9725806451612903,1206.0,0.0008064516129032258,1240.0
-0.1561415,0.0,1.1689919999999998,2055.0,-77.5851265,120.05882352941177,15.411764705882353,1.8848920863309353,6.423664122137405,2085.0,0.0,0.0038369304556354917,0.010551558752997603,0.0,6.720725782199359,0.0,8.0,0.030534351145038167,0.3320610687022901,0.0,0.0,19.0,2.0,0.0,9.0,1.0,0.003816793893129771,30.0,8.0,74.0,0.035491606714628296,0.0,0.2260536398467433,0.12692307692307692,0.4694656488549618,1.0,0.003816793893129771,0.0,17.0,0.5305343511450382,139.0,0.0,262.0
-0.135932,371.0,1.145604,911.0,-50.430716,129.0,17.428571428571427,1.2079207920792079,6.286885245901639,915.0,0.0,0.0,0.01092896174863388,0.0,6.494989309212639,0.0,7.0,0.05737704918032787,0.7295081967213115,0.0,0.0,0.0,0.0,0.0,7.0,0.0,0.0,4.0,3.0,20.0,0.02185792349726776,0.0,0.0,0.0,0.17213114754098358,0.0,0.0,0.0,7.0,0.8278688524590164,101.0,0.0,122.0
-0.252643,494.0,1.287423,1362.0,-124.805418,225.83333333333334,30.333333333333332,1.5166666666666666,6.302197802197802,1367.0,0.0,0.0,0.014630577907827359,0.0,6.673796255697806,0.0,4.0,0.02197802197802198,0.4725274725274725,0.0,0.0,0.0,0.0,0.0,6.0,0.0,0.0,5.0,3.0,31.0,0.02267739575713241,0.0,0.1270718232044199,0.08333333333333333,0.34065934065934067,0.0,0.0,0.0,6.0,0.6593406593406593,120.0,0.016483516483516484,182.0
-0.1561415,0.0,1.1689919999999998,3001.0,-77.5851265,99.23333333333333,14.7,2.3333333333333335,5.478458049886621,3025.0,0.0,0.005619834710743801,0.008925619834710744,0.004297520661157025,6.992034343222342,0.0,0.0,0.0,0.2471655328798186,3.0,0.006802721088435374,13.0,16.0,0.0,18.0,1.0,0.0022675736961451248,24.0,8.0,155.0,0.0512396694214876,0.0,0.19772727272727272,0.0979498861047836,0.5714285714285714,0.0,0.0,0.0,30.0,0.42857142857142855,189.0,0.0,441.0
-0.136303,124.0,1.146029,649.0,-16.901517,129.0,19.8,1.3026315789473684,5.444444444444445,649.0,0.0,0.0,0.01078582434514638,0.0,6.0802199738513245,0.0,0.0,0.0,0.6161616161616161,0.0,0.0,0.0,0.0,0.0,5.0,1.0,0.010101010101010102,0.0,1.0,16.0,0.02465331278890601,0.0,0.01020408163265306,0.0,0.23232323232323238,0.0,0.0,0.0,5.0,0.7676767676767676,76.0,0.0,99.0
-0.200345,471.0,1.221824,2264.0,-94.362261,187.5,25.416666666666668,1.337719298245614,6.104918032786885,2288.0,0.0,0.003933566433566434,0.004807692307692308,0.0,7.612018394897465,0.0,0.0,0.0,0.6098360655737705,6.0,0.019672131147540985,6.0,8.0,0.0,8.0,1.0,0.003278688524590164,24.0,11.0,77.0,0.03365384615384615,0.0,0.01644736842105263,0.0,0.2524590163934426,1.0,0.003278688524590164,0.0,12.0,0.7475409836065574,228.0,0.0,305.0
-0.1561415,0.0,1.1689919999999998,1786.0,-77.5851265,98.38888888888889,13.11111111111111,1.8153846153846154,6.211864406779661,1800.0,0.0,0.005555555555555556,0.007222222222222222,0.0022222222222222222,6.560509032858208,0.0,9.0,0.038135593220338986,0.3813559322033898,0.0,0.0,8.0,8.0,0.0,15.0,1.0,0.00423728813559322,14.0,5.0,77.0,0.042777777777777776,0.0,0.17446808510638298,0.09401709401709402,0.4491525423728814,0.0,0.0,0.0,18.0,0.5508474576271186,130.0,0.0,236.0
-0.147784,302.0,1.159262,770.0,-44.630692,153.0,19.4,1.2278481012658229,6.855670103092783,772.0,0.0,0.0,0.0038860103626943004,0.0,6.184813228718155,0.0,3.0,0.030927835051546393,0.6804123711340206,0.0,0.0,0.0,0.0,0.0,4.0,1.0,0.010309278350515464,2.0,2.0,8.0,0.010362694300518135,0.0,0.010416666666666666,0.0,0.18556701030927836,0.0,0.0,0.0,5.0,0.8144329896907216,79.0,0.0,97.0
-0.290678,292.0,1.337334,803.0,-84.877989,113.57142857142857,15.571428571428571,1.1978021978021978,6.155963302752293,807.0,0.0,0.0,0.013630731102850062,0.0,6.398783751322886,0.0,1.0,0.009174311926605505,0.7155963302752294,0.0,0.0,0.0,0.0,0.0,4.0,2.0,0.01834862385321101,4.0,3.0,21.0,0.026022304832713755,0.0,0.018518518518518517,0.0,0.1651376146788991,0.0,0.0,0.0,7.0,0.8348623853211009,91.0,0.0,109.0
-0.1561415,0.0,1.1689919999999998,4337.0,-77.5851265,100.11627906976744,15.186046511627907,3.4919786096256686,5.336906584992343,4383.0,0.0,0.00593201003878622,0.006844626967830253,0.0038786219484371436,6.771292855231784,0.0,0.0,0.0,0.12098009188361408,4.0,0.006125574272588055,17.0,21.0,0.0,30.0,4.0,0.006125574272588055,46.0,18.0,214.0,0.048825005703855805,0.0,0.36809815950920244,0.23348694316436253,0.7136294027565084,0.0,0.0,0.0,43.0,0.28637059724349156,187.0,0.0,653.0
-0.113528,599.0,1.120223,3090.0,-68.003315,102.16666666666667,14.866666666666667,2.009009009009009,5.773542600896861,3106.0,0.0,0.004185447520927237,0.007405022537025113,0.003219575016097875,7.080337057743386,0.0,0.0,0.0,0.35201793721973096,2.0,0.004484304932735426,10.0,0.0,0.0,21.0,0.0,0.0,16.0,4.0,87.0,0.028010302640051513,0.0,0.13707865168539327,0.05855855855855856,0.5022421524663677,0.0,0.0,0.0,30.0,0.4977578475336323,222.0,0.0,446.0
-0.320658,3072.0,1.378034,15513.0,-985.061778,737.8095238095239,85.57142857142857,1.1395053899809766,7.57985531441291,15525.0,0.0,0.0006441223832528181,0.0001932367149758454,0.0006441223832528181,10.554272151234848,6.44122383252818e-05,1.0,0.0005564830272676684,0.7679465776293823,3.0,0.001669449081803005,9.0,10.0,0.0,5.0,2.0,0.0011129660545353367,12.0,2.0,101.0,0.006505636070853462,0.0,0.02338530066815145,0.012813370473537604,0.12242626599888706,1.0,0.0005564830272676684,6.44122383252818e-05,21.0,0.8775737340011129,1577.0,0.0005564830272676684,1797.0
-0.1561415,0.0,1.1689919999999998,2153.0,-77.5851265,76.35714285714286,10.714285714285714,2.0689655172413794,5.74,2184.0,0.0,0.0086996336996337,0.007783882783882784,0.005036630036630037,6.672850626422332,0.0,6.0,0.02,0.2966666666666667,0.0,0.0,11.0,13.0,0.0,16.0,3.0,0.01,31.0,13.0,122.0,0.055860805860805864,0.0,0.23076923076923078,0.13758389261744966,0.5166666666666666,0.0,0.0,0.0,28.0,0.48333333333333334,145.0,0.0,300.0
-0.126128,619.0,1.134427,1534.0,-78.073165,68.72727272727273,10.545454545454545,1.7058823529411764,5.387931034482759,1548.0,0.0,0.0012919896640826874,0.011627906976744186,0.00516795865633075,6.640709110022859,0.0,6.0,0.02586206896551724,0.4396551724137931,0.0,0.0,8.0,2.0,0.0,10.0,2.0,0.008620689655172414,14.0,4.0,50.0,0.03229974160206718,0.0,0.19480519480519481,0.12173913043478261,0.4137931034482759,0.0,0.0,0.0,22.0,0.5862068965517241,136.0,0.0,232.0
-0.139143,941.0,1.149288,2416.0,-130.933138,99.625,14.666666666666666,2.4615384615384617,5.653409090909091,2430.0,0.0,0.0032921810699588477,0.016049382716049384,0.0024691358024691358,6.622464271023556,0.0,5.0,0.014204545454545454,0.22727272727272727,0.0,0.0,6.0,0.0,0.0,14.0,0.0,0.0,14.0,5.0,71.0,0.029218106995884775,0.0,0.36182336182336183,0.26285714285714284,0.59375,0.0,0.0,0.0,24.0,0.40625,143.0,0.0,352.0
-0.1561415,0.0,1.1689919999999998,3407.0,-77.5851265,105.71875,15.34375,2.406862745098039,5.610997963340123,3435.0,0.0,0.005822416302765648,0.008733624454148471,0.004366812227074236,7.022166218131659,0.0,0.0,0.0,0.24032586558044808,5.0,0.010183299389002037,15.0,18.0,0.0,23.0,3.0,0.006109979633401222,28.0,9.0,157.0,0.04570596797671034,0.0,0.19591836734693877,0.09611451942740286,0.584521384928717,0.0,0.0,0.0,32.0,0.4154786150712831,204.0,0.0,491.0
-0.122333,353.0,1.13013,1843.0,-43.183548,130.42857142857142,18.785714285714285,1.4692737430167597,5.82509505703422,1857.0,0.0,0.0026925148088314485,0.012385568120624663,0.002154011847065159,7.149145759533699,0.0,0.0,0.0,0.5437262357414449,11.0,0.04182509505703422,4.0,0.0,0.0,9.0,2.0,0.0076045627376425855,14.0,8.0,45.0,0.024232633279483037,0.0,0.03816793893129771,0.011494252873563218,0.31939163498098855,0.0,0.0,0.0,14.0,0.6806083650190115,179.0,0.0,263.0
-0.132345,352.0,1.141502,1666.0,-46.585402,117.71428571428571,15.928571428571429,1.1435897435897435,6.2242152466367715,1680.0,0.0,0.002976190476190476,0.004761904761904762,0.002380952380952381,7.487114391171259,0.0,0.0,0.0,0.8071748878923767,3.0,0.013452914798206279,4.0,5.0,0.0,5.0,0.0,0.0,14.0,7.0,50.0,0.02976190476190476,0.0,0.02252252252252252,0.00904977375565611,0.12556053811659196,0.0,0.0,0.0005952380952380953,14.0,0.874439461883408,195.0,0.0,223.0
-0.1561415,0.0,1.1689919999999998,2314.0,-77.5851265,99.8695652173913,12.73913043478261,1.8544303797468353,6.546075085324232,2334.0,0.0,0.005569837189374464,0.005569837189374464,0.0038560411311053984,6.846574784952799,0.0,4.0,0.013651877133105802,0.35494880546075086,0.0,0.0,9.0,12.0,0.0,12.0,3.0,0.010238907849829351,20.0,8.0,97.0,0.04155955441302485,0.0,0.1815068493150685,0.0859106529209622,0.4607508532423208,0.0,0.0,0.0,23.0,0.5392491467576792,158.0,0.0,293.0
-0.116756,408.0,1.123845,1071.0,-47.636342,151.71428571428572,20.428571428571427,1.4895833333333333,6.34965034965035,1077.0,0.0,0.0,0.01021355617455896,0.0009285051067780873,6.289036896128174,0.0,8.0,0.055944055944055944,0.5244755244755245,0.0,0.0,0.0,0.0,0.0,8.0,1.0,0.006993006993006993,6.0,4.0,18.0,0.016713091922005572,0.0,0.13380281690140844,0.07801418439716312,0.32867132867132864,0.0,0.0,0.0,7.0,0.6713286713286714,96.0,0.006993006993006993,143.0
-0.238508,718.0,1.269354,1991.0,-171.248935,98.65,12.6,1.5365853658536586,6.698412698412699,2001.0,0.0,0.0004997501249375312,0.015492253873063468,0.005497251374312844,7.0179354819328585,0.0,7.0,0.027777777777777776,0.49603174603174605,0.0,0.0,10.0,0.0,0.0,10.0,1.0,0.003968253968253968,10.0,1.0,52.0,0.025987006496751622,0.0,0.15139442231075698,0.104,0.3492063492063492,0.0,0.0,0.0,20.0,0.6507936507936508,164.0,0.0,252.0
-0.1561415,0.0,1.1689919999999998,3545.0,-77.5851265,106.66666666666667,15.484848484848484,2.5297029702970297,5.608610567514677,3572.0,0.0,0.005319148936170213,0.011478163493840985,0.003919372900335946,6.980574790813521,0.0,0.0,0.0,0.22113502935420742,8.0,0.015655577299412915,14.0,17.0,0.0,22.0,4.0,0.007827788649706457,27.0,9.0,165.0,0.04619260918253079,0.0,0.2019607843137255,0.10019646365422397,0.6046966731898239,0.0,0.0,0.0,33.0,0.3953033268101761,202.0,0.0,511.0
-0.146432,656.0,1.157697,3371.0,-96.059586,111.43333333333334,15.066666666666666,1.7587548638132295,6.272123893805309,3395.0,0.0,0.004418262150220913,0.009131075110456554,0.0029455081001472753,7.521378463098342,0.0,0.0,0.0,0.40486725663716816,9.0,0.01991150442477876,10.0,0.0,0.0,16.0,1.0,0.0022123893805309734,24.0,7.0,82.0,0.02415316642120766,0.0,0.082039911308204,0.02666666666666667,0.43141592920353977,0.0,0.0,0.0002945508100147275,30.0,0.5685840707964602,257.0,0.017699115044247787,452.0
-0.39016,3072.0,1.477217,16409.0,-1198.570224,409.4,49.375,1.1196145124716552,7.184810126582279,16429.0,0.0,0.00042607584149978694,0.001582567411284923,0.0010956235924280235,10.67176789210023,6.086797735711242e-05,8.0,0.004050632911392405,0.829873417721519,5.0,0.002531645569620253,3.0,3.0,2.0,15.0,5.0,0.002531645569620253,21.0,6.0,232.0,0.014121370746850083,0.00018260393207133728,0.010638297872340425,0.002534211860111505,0.10683544303797465,7.0,0.0035443037974683543,0.00012173595471422484,40.0,0.8931645569620253,1764.0,0.009620253164556962,1975.0
-0.1561415,0.0,1.1689919999999998,2521.0,-77.5851265,89.32142857142857,11.035714285714286,1.9556962025316456,6.731391585760518,2546.0,0.0,0.006677140612725845,0.007855459544383346,0.004713275726630008,6.870424371234858,0.0,8.0,0.025889967637540454,0.3042071197411003,0.0,0.0,12.0,15.0,0.0,14.0,5.0,0.016181229773462782,25.0,9.0,125.0,0.049096622152395915,0.0,0.24675324675324675,0.16612377850162866,0.488673139158576,0.0,0.0,0.0,28.0,0.511326860841424,158.0,0.0,309.0
-0.094725,910.0,1.099356,2276.0,-86.199682,112.85,14.2,1.8562091503267975,6.820422535211268,2291.0,0.0,0.004801396769969445,0.00960279353993889,0.004364906154517678,6.8537146913835585,0.0,11.0,0.03873239436619718,0.30633802816901406,0.0,0.0,8.0,0.0,0.0,14.0,5.0,0.017605633802816902,15.0,4.0,54.0,0.02357049323439546,0.0,0.254416961130742,0.16666666666666666,0.46126760563380287,0.0,0.0,0.0,20.0,0.5387323943661971,153.0,0.007042253521126761,284.0
-0.217116,788.0,1.242488,2037.0,-171.087035,106.26315789473684,13.210526315789474,1.5493827160493827,6.888446215139442,2051.0,0.0,0.0048756704046806435,0.012676743052169674,0.0034129692832764505,7.016990551127323,0.0,11.0,0.043824701195219126,0.47808764940239046,0.0,0.0,7.0,0.0,0.0,11.0,0.0,0.0,14.0,4.0,55.0,0.02681618722574354,0.0,0.092,0.024096385542168676,0.3545816733067729,0.0,0.0,0.0,19.0,0.6454183266932271,162.0,0.0,251.0
-0.1561415,0.0,1.1689919999999998,2637.0,-77.5851265,100.65384615384616,14.884615384615385,2.496774193548387,5.498708010335918,2659.0,0.0,0.005641218503196691,0.007145543437382475,0.004136893569010906,6.613661534724136,0.0,0.0,0.0,0.2222222222222222,0.0,0.0,11.0,14.0,0.0,15.0,2.0,0.00516795865633075,22.0,8.0,124.0,0.046634072959759305,0.0,0.2616580310880829,0.14805194805194805,0.599483204134367,0.0,0.0,0.0,26.0,0.4005167958656331,155.0,0.03875968992248062,387.0
-0.202758,351.0,1.224776,1700.0,-71.167927,112.2,17.466666666666665,1.5975609756097562,5.3320610687022905,1712.0,0.0,0.0035046728971962616,0.008761682242990653,0.0029205607476635513,6.979026305557683,0.0,0.0,0.0,0.46946564885496184,5.0,0.019083969465648856,5.0,0.0,0.0,12.0,2.0,0.007633587786259542,12.0,7.0,41.0,0.02394859813084112,0.0,0.0842911877394636,0.03076923076923077,0.3740458015267175,3.0,0.011450381679389313,0.0,15.0,0.6259541984732825,164.0,0.022900763358778626,262.0
-0.214253,208.0,1.238937,1116.0,-44.564715,138.375,18.375,1.105263157894737,6.462585034013605,1119.0,0.0,0.0,0.008936550491510277,0.0,6.988654997838719,0.0,0.0,0.0,0.8367346938775511,3.0,0.02040816326530612,0.0,0.0,0.0,3.0,1.0,0.006802721088435374,3.0,2.0,20.0,0.017873100983020553,0.0,0.0136986301369863,0.006896551724137931,0.09523809523809523,0.0,0.0,0.0,8.0,0.9047619047619048,133.0,0.02040816326530612,147.0
-0.1561415,0.0,1.1689919999999998,2221.0,-77.5851265,87.96,12.04,2.572649572649573,6.046511627906977,2236.0,0.0,0.004919499105545617,0.011180679785330949,0.004025044722719142,6.323256309470254,0.0,6.0,0.019933554817275746,0.21262458471760798,0.0,0.0,9.0,9.0,0.0,14.0,8.0,0.026578073089700997,15.0,5.0,97.0,0.04338103756708408,0.0,0.32,0.17725752508361203,0.6112956810631229,0.0,0.0,0.0,25.0,0.38870431893687707,117.0,0.023255813953488372,301.0
-0.158011,352.0,1.171179,915.0,-55.619864,151.33333333333334,19.666666666666668,1.388235294117647,6.627118644067797,919.0,0.0,0.0,0.006528835690968444,0.0,6.157652583076802,0.0,6.0,0.05084745762711865,0.576271186440678,0.0,0.0,0.0,0.0,0.0,6.0,6.0,0.05084745762711865,4.0,3.0,14.0,0.015233949945593036,0.0,0.03418803418803419,0.0,0.2796610169491526,0.0,0.0,0.0,6.0,0.7203389830508474,85.0,0.05084745762711865,118.0
-0.306573,284.0,1.35876,783.0,-87.066698,155.4,22.2,1.1935483870967742,5.891891891891892,787.0,0.0,0.0,0.015247776365946633,0.0,6.405952663838721,0.0,3.0,0.02702702702702703,0.7387387387387387,0.0,0.0,0.0,0.0,0.0,5.0,1.0,0.009009009009009009,4.0,3.0,17.0,0.021601016518424398,0.0,0.0,0.0,0.16216216216216217,0.0,0.0,0.0,5.0,0.8378378378378378,93.0,0.018018018018018018,111.0
-0.1561415,0.0,1.1689919999999998,3030.0,-77.5851265,88.3529411764706,13.941176470588236,2.4559585492227978,5.082278481012659,3055.0,0.0,0.005564648117839607,0.0088379705400982,0.003927986906710311,6.886859257604642,0.0,0.0,0.0,0.23417721518987342,2.0,0.004219409282700422,12.0,15.0,0.0,18.0,0.0,0.0,25.0,9.0,157.0,0.051391162029459904,0.0,0.21141649048625794,0.09533898305084745,0.5928270042194093,9.0,0.0189873417721519,0.0,34.0,0.40717299578059074,193.0,0.03375527426160337,474.0
-0.158177,510.0,1.171374,2562.0,-80.670347,127.2,19.15,1.8592233009708738,5.553524804177545,2584.0,0.0,0.0042569659442724455,0.0042569659442724455,0.0027089783281733747,7.111082077586959,0.0,0.0,0.0,0.3785900783289817,3.0,0.007832898172323759,7.0,0.0,0.0,15.0,2.0,0.005221932114882507,22.0,12.0,51.0,0.019736842105263157,0.0,0.11780104712041885,0.047244094488188976,0.4621409921671018,0.0,0.0,0.0,20.0,0.5378590078328982,206.0,0.031331592689295036,383.0
-0.404593,3072.0,1.498692,15826.0,-1242.90818,509.3225806451613,57.32258064516129,1.073716012084592,7.715813168261114,15842.0,0.0,0.0011362201742204268,0.0003787400580734756,0.0011993435172326726,10.621460848188773,6.312334301224592e-05,0.0,0.0,0.891389983117614,3.0,0.0016882386043894203,10.0,12.0,0.0,8.0,4.0,0.0022509848058525606,32.0,5.0,229.0,0.014455245549804317,6.312334301224592e-05,0.009572072072072071,0.004507042253521127,0.06865503657850314,2.0,0.0011254924029262803,6.312334301224592e-05,31.0,0.9313449634214969,1655.0,0.0005627462014631402,1777.0
-0.1561415,0.0,1.1689919999999998,2338.0,-77.5851265,96.70833333333333,13.416666666666666,2.236111111111111,5.89751552795031,2362.0,0.0,0.0059271803556308214,0.0071972904318374255,0.003810330228619814,6.639424801972198,0.0,12.0,0.037267080745341616,0.2577639751552795,0.0,0.0,9.0,13.0,0.0,14.0,2.0,0.006211180124223602,24.0,10.0,108.0,0.04572396274343776,0.0,0.2554517133956386,0.15,0.5527950310559007,0.0,0.0,0.0,24.0,0.4472049689440994,144.0,0.043478260869565216,322.0
-0.129066,611.0,1.137766,1511.0,-78.859488,149.8,20.6,1.5725190839694656,6.169902912621359,1519.0,0.0,0.0,0.013824884792626729,0.0,6.751939818954959,0.0,2.0,0.009708737864077669,0.44660194174757284,0.0,0.0,0.0,0.0,0.0,8.0,5.0,0.024271844660194174,8.0,5.0,37.0,0.024358130348913758,0.0,0.0975609756097561,0.049019607843137254,0.36407766990291257,0.0,0.0,0.0,10.0,0.6359223300970874,131.0,0.038834951456310676,206.0
-0.231839,786.0,1.260917,2134.0,-182.225738,132.375,18.25,2.1007194244604315,6.113013698630137,2145.0,0.0,0.002797202797202797,0.01351981351981352,0.0018648018648018648,6.616876167325652,0.0,5.0,0.017123287671232876,0.2842465753424658,0.0,0.0,4.0,0.0,0.0,16.0,2.0,0.00684931506849315,11.0,4.0,65.0,0.030303030303030304,0.0,0.3402061855670103,0.28620689655172415,0.523972602739726,0.0,0.0,0.0,16.0,0.476027397260274,139.0,0.003424657534246575,292.0
-0.1561415,0.0,1.1689919999999998,2399.0,-77.5851265,91.57692307692308,13.26923076923077,2.017543859649123,5.626086956521739,2422.0,0.0,0.006193228736581338,0.0053674649050371595,0.004128819157720892,6.8633744645652826,0.0,0.0,0.0,0.32463768115942027,2.0,0.005797101449275362,10.0,13.0,0.0,15.0,1.0,0.002898550724637681,23.0,9.0,113.0,0.04665565648224608,0.0,0.14534883720930233,0.05539358600583091,0.5043478260869565,0.0,0.0,0.0,26.0,0.4956521739130435,171.0,0.002898550724637681,345.0
-0.134532,178.0,1.144001,972.0,-23.946637,160.83333333333334,23.0,1.393939393939394,5.927536231884058,976.0,0.0,0.0,0.009221311475409836,0.0,6.367192844286878,0.0,0.0,0.0,0.5869565217391305,1.0,0.007246376811594203,0.0,0.0,0.0,6.0,0.0,0.0,4.0,3.0,22.0,0.022540983606557378,0.0,0.06569343065693431,0.014705882352941176,0.28260869565217395,0.0,0.0,0.0,6.0,0.717391304347826,99.0,0.0,138.0
-0.122245,136.0,1.13003,699.0,-16.625264,139.0,20.0,1.0869565217391304,5.93,699.0,0.0,0.0,0.002861230329041488,0.0,6.468758439731455,0.0,0.0,0.0,0.86,1.0,0.01,0.0,0.0,0.0,3.0,1.0,0.01,0.0,1.0,8.0,0.011444921316165951,0.0,0.0,0.0,0.07999999999999996,0.0,0.0,0.0,5.0,0.92,92.0,0.0,100.0
-0.1561415,0.0,1.1689919999999998,2020.0,-77.5851265,100.15,13.5,2.231404958677686,6.188888888888889,2033.0,0.0,0.004426955238563699,0.009345794392523364,0.003443187407771766,6.397931582797805,0.0,4.0,0.014814814814814815,0.26296296296296295,0.0,0.0,7.0,7.0,0.0,14.0,5.0,0.018518518518518517,13.0,5.0,76.0,0.037383177570093455,0.0,0.26765799256505574,0.16417910447761194,0.5518518518518518,0.0,0.0,0.0,20.0,0.44814814814814813,121.0,0.0,270.0
-0.131493,195.0,1.14053,505.0,-25.641111,125.5,15.5,1.087719298245614,7.032258064516129,505.0,0.0,0.0,0.007920792079207921,0.0,5.780730382932625,0.0,3.0,0.04838709677419355,0.8548387096774194,0.0,0.0,0.0,0.0,0.0,3.0,0.0,0.0,0.0,1.0,8.0,0.015841584158415842,0.0,0.0,0.0,0.08064516129032262,0.0,0.0,0.0,4.0,0.9193548387096774,57.0,0.0,62.0
-0.238771,697.0,1.269688,1820.0,-166.423414,77.78260869565217,10.347826086956522,1.4424242424242424,6.222689075630252,1844.0,0.0,0.005422993492407809,0.009761388286334056,0.004880694143167028,7.062477610247953,0.0,4.0,0.01680672268907563,0.5588235294117647,0.0,0.0,9.0,9.0,0.0,8.0,4.0,0.01680672268907563,24.0,12.0,89.0,0.048264642082429504,0.0,0.05485232067510549,0.01694915254237288,0.3067226890756303,0.0,0.0,0.0,23.0,0.6932773109243697,165.0,0.0,238.0
-0.1561415,0.0,1.1689919999999998,3591.0,-77.5851265,96.29729729729729,13.64864864864865,2.563451776649746,5.782178217821782,3621.0,0.0,0.005523336095001381,0.006628003314001657,0.0038663352665009665,7.0122836701643125,0.0,0.0,0.0,0.20594059405940593,8.0,0.015841584158415842,14.0,19.0,0.0,19.0,5.0,0.009900990099009901,30.0,11.0,165.0,0.045567522783761395,0.0,0.21825396825396826,0.11530815109343936,0.6099009900990099,0.0,0.0,0.0,37.0,0.3900990099009901,197.0,0.0,505.0
-0.143134,351.0,1.153884,1917.0,-50.239943,136.0,19.428571428571427,1.536723163841808,5.897058823529412,1923.0,0.0,0.0015600624024961,0.007280291211648466,0.0010400416016640667,7.079288727886085,0.0,0.0,0.0,0.5073529411764706,4.0,0.014705882352941176,2.0,2.0,0.0,15.0,0.0,0.0,6.0,4.0,49.0,0.02548101924076963,0.0,0.025830258302583026,0.0,0.3492647058823529,0.0,0.0,0.0,14.0,0.6507352941176471,177.0,0.0,272.0
-0.137886,192.0,1.147844,1007.0,-26.474078,166.16666666666666,23.333333333333332,1.0769230769230769,6.078571428571428,1013.0,0.0,0.0,0.004935834155972359,0.0,6.981033820500942,0.0,0.0,0.0,0.8642857142857143,3.0,0.02142857142857143,0.0,0.0,0.0,3.0,1.0,0.007142857142857143,6.0,3.0,13.0,0.012833168805528134,0.0,0.0,0.0,0.0714285714285714,0.0,0.0,0.0,6.0,0.9285714285714286,130.0,0.0,140.0
-0.1561415,0.0,1.1689919999999998,2027.0,-77.5851265,87.43478260869566,11.043478260869565,1.8955223880597014,6.547244094488189,2051.0,0.0,0.006825938566552901,0.008288639687957094,0.004388103364212579,6.667065435357056,0.0,10.0,0.03937007874015748,0.3346456692913386,0.0,0.0,9.0,12.0,0.0,10.0,2.0,0.007874015748031496,24.0,10.0,102.0,0.04973183812774257,0.0,0.18181818181818182,0.07936507936507936,0.4724409448818898,0.0,0.0,0.0,23.0,0.5275590551181102,134.0,0.0,254.0
-0.093625,511.0,1.098148,1296.0,-47.842592,183.85714285714286,24.142857142857142,1.5648148148148149,6.502958579881657,1302.0,0.0,0.0,0.014592933947772658,0.0,6.502711093431174,0.0,5.0,0.029585798816568046,0.4319526627218935,0.0,0.0,0.0,0.0,0.0,7.0,1.0,0.005917159763313609,6.0,4.0,26.0,0.019969278033794162,0.0,0.10714285714285714,0.05389221556886228,0.36094674556213013,0.0,0.0,0.0,7.0,0.6390532544378699,108.0,0.0,169.0
-0.0929,3072.0,1.097352,8197.0,-285.389161,102.84810126582279,14.063291139240507,4.87280701754386,6.01980198019802,8240.0,0.0,0.005097087378640777,0.01407766990291262,0.00825242718446602,5.912869894866775,0.0,2.0,0.0018001800180018,0.1413141314131413,0.0,0.0,36.0,41.0,0.0,69.0,34.0,0.0306030603060306,43.0,3.0,401.0,0.04866504854368932,0.0,0.6288288288288288,0.5401262398557258,0.7947794779477948,0.0,0.0,0.0,79.0,0.20522052205220523,228.0,0.0,1111.0
-0.1561415,0.0,1.1689919999999998,3693.0,-77.5851265,81.37777777777778,11.71111111111111,2.1867219917012446,5.584440227703984,3741.0,0.0,0.00801924619085806,0.009623095429029671,0.005346164127238706,7.256043428351469,0.0,0.0,0.0,0.2998102466793169,8.0,0.015180265654648957,20.0,24.0,0.0,23.0,2.0,0.003795066413662239,48.0,18.0,220.0,0.05880780539962577,0.0,0.14638783269961977,0.047619047619047616,0.5426944971537002,25.0,0.04743833017077799,0.0,45.0,0.4573055028462998,241.0,0.0,527.0
-0.177766,464.0,1.194546,2319.0,-82.483376,95.58333333333333,14.166666666666666,1.7085427135678393,5.641176470588236,2333.0,0.0,0.0030004286326618087,0.009858551221603087,0.002571795970852979,7.172078516845605,0.0,0.0,0.0,0.4323529411764706,8.0,0.023529411764705882,6.0,0.0,0.0,14.0,0.0,0.0,14.0,8.0,64.0,0.02743249035576511,0.0,0.07964601769911504,0.026627218934911243,0.41470588235294115,4.0,0.011764705882352941,0.0,24.0,0.5852941176470589,199.0,0.0,340.0
-0.258581,483.0,1.295092,2483.0,-124.894856,274.6666666666667,36.0,1.132867132867133,6.4907407407407405,2495.0,0.0,0.0004008016032064128,0.010420841683366733,0.0008016032064128256,8.03229216186072,0.0,0.0,0.0,0.8302469135802469,3.0,0.009259259259259259,2.0,2.0,0.0,8.0,0.0,0.0,12.0,5.0,53.0,0.02124248496993988,0.0,0.0,0.0,0.11728395061728392,0.0,0.0,0.0004008016032064128,9.0,0.8827160493827161,286.0,0.0,324.0
-0.1561415,0.0,1.1689919999999998,1804.0,-77.5851265,613.3333333333334,78.0,1.7333333333333334,6.277777777777778,1842.0,0.0,0.004885993485342019,0.0027144408251900108,0.0,6.612246515559161,0.0,13.0,0.05555555555555555,0.3888888888888889,0.0,0.0,24.0,4.0,0.0,15.0,1.0,0.004273504273504274,38.0,10.0,57.0,0.030944625407166124,0.0,0.19313304721030042,0.11206896551724138,0.42307692307692313,0.0,0.0,0.0,3.0,0.5769230769230769,135.0,0.0,234.0
-0.101011,880.0,1.106289,2127.0,-88.889467,100.23809523809524,13.619047619047619,1.7439024390243902,6.244755244755245,2140.0,0.0,0.00046728971962616824,0.009813084112149532,0.001869158878504673,7.03382427578601,0.0,6.0,0.02097902097902098,0.3776223776223776,0.0,0.0,4.0,0.0,0.0,9.0,1.0,0.0034965034965034965,13.0,6.0,47.0,0.021962616822429906,0.0,0.19649122807017544,0.11619718309859155,0.42657342657342656,0.0,0.0,0.0,21.0,0.5734265734265734,164.0,0.0,286.0
-0.256471,764.0,1.292361,2122.0,-195.943551,149.78571428571428,19.071428571428573,1.5084745762711864,6.599250936329588,2138.0,0.0,0.0018709073900841909,0.014499532273152479,0.0018709073900841909,7.138960670187572,0.0,10.0,0.03745318352059925,0.5056179775280899,0.0,0.0,10.0,0.0,0.0,10.0,2.0,0.00749063670411985,16.0,5.0,61.0,0.02853133769878391,0.0,0.06766917293233082,0.026415094339622643,0.3370786516853933,0.0,0.0,0.0,14.0,0.6629213483146067,177.0,0.0,267.0
-0.1561415,0.0,1.1689919999999998,2305.0,-77.5851265,114.65,17.65,2.1137724550898205,5.294617563739377,2325.0,0.0,0.003010752688172043,0.00903225806451613,0.002150537634408602,6.704038772624588,0.0,1.0,0.0028328611898017,0.3087818696883853,1.0,0.0028328611898017,10.0,5.0,0.0,25.0,1.0,0.0028328611898017,20.0,7.0,84.0,0.03612903225806452,0.0,0.17897727272727273,0.08262108262108261,0.5269121813031161,0.0,0.0,0.0,20.0,0.4730878186968839,167.0,0.0,353.0
-0.085076,280.0,1.0888,1328.0,-23.821323,81.9375,12.8125,1.553030303030303,5.287804878048781,1338.0,0.0,0.004484304932735426,0.009715994020926755,0.0037369207772795215,6.670289690375585,0.0,0.0,0.0,0.5073170731707317,1.0,0.004878048780487805,5.0,0.0,0.0,9.0,0.0,0.0,10.0,6.0,42.0,0.03139013452914798,0.0,0.058823529411764705,0.009852216748768473,0.35609756097560974,0.0,0.0,0.0,16.0,0.6439024390243903,132.0,0.0,205.0
-0.358519,3072.0,1.431208,14042.0,-1101.370885,539.0384615384615,66.23076923076923,1.0975143403441683,6.993031358885017,14056.0,0.0,0.00049800796812749,0.013730791121229368,0.0007825839499146272,10.536549693946904,0.0,4.0,0.0023228803716608595,0.8507549361207898,5.0,0.0029036004645760743,6.0,6.0,0.0,9.0,0.0,0.0,14.0,8.0,285.0,0.020276038702333524,0.0,0.009877977919814061,0.0005813953488372093,0.08885017421602792,4.0,0.0023228803716608595,7.11439954467843e-05,26.0,0.9111498257839721,1569.0,0.02032520325203252,1722.0
-0.1561415,0.0,1.1689919999999998,1576.0,-77.5851265,97.625,12.5625,1.675,6.5721393034825875,1583.0,0.0,0.003158559696778269,0.01010739102969046,0.002526847757422615,6.466503370454457,0.0,8.0,0.03980099502487562,0.4577114427860697,0.0,0.0,4.0,4.0,0.0,12.0,6.0,0.029850746268656716,7.0,3.0,53.0,0.033480732785849655,0.0,0.17,0.09547738693467336,0.4029850746268657,0.0,0.0,0.0,16.0,0.5970149253731343,120.0,0.0,201.0
-0.107933,436.0,1.113973,1054.0,-47.058687,87.0,11.666666666666666,1.3725490196078431,6.364285714285714,1062.0,0.0,0.0009416195856873823,0.00847457627118644,0.004708097928436911,6.447669288621962,0.0,3.0,0.02142857142857143,0.5857142857142857,0.0,0.0,5.0,0.0,0.0,7.0,2.0,0.014285714285714285,8.0,3.0,22.0,0.02071563088512241,0.0,0.050359712230215826,0.007246376811594203,0.27142857142857146,0.0,0.0,0.0,12.0,0.7285714285714285,102.0,0.0,140.0
-0.242496,328.0,1.274426,920.0,-79.538643,82.81818181818181,10.909090909090908,1.2371134020618557,6.4,928.0,0.0,0.0010775862068965517,0.009698275862068966,0.005387931034482759,6.409794891821825,0.0,4.0,0.03333333333333333,0.7083333333333334,0.0,0.0,5.0,0.0,0.0,7.0,0.0,0.0,8.0,3.0,26.0,0.028017241379310345,0.0,0.008403361344537815,0.0,0.19166666666666665,0.0,0.0,0.0,11.0,0.8083333333333333,97.0,0.0,120.0
-0.1561415,0.0,1.1689919999999998,2899.0,-77.5851265,99.20689655172414,14.137931034482758,2.2162162162162162,5.704878048780488,2926.0,0.0,0.006151742993848257,0.007177033492822967,0.004442925495557075,6.839424645962469,0.0,0.0,0.0,0.2707317073170732,3.0,0.007317073170731708,13.0,17.0,0.0,25.0,4.0,0.00975609756097561,27.0,10.0,145.0,0.04955570745044429,0.0,0.1882640586797066,0.0784313725490196,0.5487804878048781,0.0,0.0,0.0,29.0,0.45121951219512196,185.0,0.012195121951219513,410.0
-0.088069,369.0,1.092063,1898.0,-32.497428,110.52941176470588,16.11764705882353,1.6809815950920246,5.762773722627737,1910.0,0.0,0.0031413612565445027,0.008900523560209424,0.002617801047120419,6.919796546875985,0.0,0.0,0.0,0.4416058394160584,2.0,0.0072992700729927005,5.0,0.0,0.0,12.0,0.0,0.0,12.0,7.0,44.0,0.023036649214659685,0.0,0.09157509157509157,0.03676470588235294,0.4051094890510949,0.0,0.0,0.0,17.0,0.5948905109489051,163.0,0.0,274.0
-0.386671,3072.0,1.472072,15585.0,-1187.852524,973.25,101.375,1.0304955527318933,8.578914919852034,15593.0,0.0,6.413134098634002e-05,0.0008337074328224203,0.00044891938690438016,10.59628349541409,0.0,1.0,0.0006165228113440197,0.9475955610357584,3.0,0.0018495684340320592,6.0,0.0,0.0,6.0,2.0,0.0012330456226880395,8.0,2.0,43.0,0.002757647662412621,0.0,0.0006169031462060457,0.0,0.0295930949445129,1.0,0.0006165228113440197,6.413134098634002e-05,16.0,0.9704069050554871,1574.0,0.0018495684340320592,1622.0
-0.1561415,0.0,1.1689919999999998,1501.0,-77.5851265,106.78571428571429,14.714285714285714,1.8392857142857142,5.980582524271845,1515.0,0.0,0.0046204620462046205,0.008580858085808581,0.0033003300330033004,6.321182702307737,0.0,8.0,0.038834951456310676,0.38349514563106796,0.0,0.0,8.0,5.0,0.0,12.0,4.0,0.019417475728155338,14.0,5.0,57.0,0.03762376237623762,0.0,0.15121951219512195,0.058823529411764705,0.4563106796116505,0.0,0.0,0.0,14.0,0.5436893203883495,112.0,0.0,206.0
-0.101545,626.0,1.10688,1515.0,-63.567305,88.23529411764706,11.764705882352942,1.550387596899225,6.4,1525.0,0.0,0.005245901639344262,0.005901639344262295,0.0045901639344262295,6.635162255555249,0.0,10.0,0.05,0.5,0.0,0.0,7.0,0.0,0.0,10.0,1.0,0.005,10.0,3.0,34.0,0.022295081967213116,0.0,0.08040201005025126,0.030303030303030304,0.355,0.0,0.0,0.0,17.0,0.645,129.0,0.0,200.0
-0.219239,680.0,1.245129,1893.0,-149.082845,134.21428571428572,16.785714285714285,1.6319444444444444,6.85531914893617,1902.0,0.0,0.0031545741324921135,0.012618296529968454,0.0026288117770767614,6.8364333702887805,0.0,4.0,0.01702127659574468,0.425531914893617,0.0,0.0,5.0,0.0,0.0,10.0,1.0,0.00425531914893617,9.0,3.0,46.0,0.024185068349106203,0.0,0.16666666666666666,0.0815450643776824,0.3872340425531915,0.0,0.0,0.0,14.0,0.6127659574468085,144.0,0.00425531914893617,235.0
-0.1561415,0.0,1.1689919999999998,3636.0,-77.5851265,109.45454545454545,15.93939393939394,3.1124260355029585,5.600760456273764,3666.0,0.0,0.005455537370430988,0.0070921985815602835,0.0038188761593016913,6.6583076501227785,0.0,0.0,0.0,0.15399239543726237,2.0,0.0038022813688212928,14.0,19.0,0.0,32.0,3.0,0.005703422053231939,30.0,11.0,166.0,0.045280960174577195,0.0,0.3523809523809524,0.24236641221374045,0.6787072243346007,0.0,0.0,0.0,33.0,0.32129277566539927,169.0,0.0,526.0
-0.158256,510.0,1.171466,2672.0,-80.710468,115.17391304347827,16.782608695652176,1.7079646017699115,5.766839378238342,2687.0,0.0,0.0003721622627465575,0.011164867882396725,0.00148864905098623,7.275485278569155,0.0,0.0,0.0,0.4533678756476684,2.0,0.0051813471502590676,4.0,0.0,0.0,17.0,2.0,0.0051813471502590676,15.0,7.0,62.0,0.023074060290286566,0.0,0.08571428571428572,0.036458333333333336,0.4145077720207254,0.0,0.0,0.0,23.0,0.5854922279792746,226.0,0.0051813471502590676,386.0
-0.22278,432.0,1.249545,2314.0,-96.240767,176.69230769230768,23.076923076923077,1.171875,6.586666666666667,2323.0,0.0,0.0,0.0064571674558760225,0.0008609556607834697,7.853560265878666,0.0,0.0,0.0,0.7833333333333333,3.0,0.01,0.0,0.0,0.0,5.0,1.0,0.0033333333333333335,9.0,4.0,40.0,0.017219113215669393,0.0,0.006688963210702341,0.003355704697986577,0.1466666666666666,0.0,0.0,0.00043047783039173483,13.0,0.8533333333333334,256.0,0.0033333333333333335,300.0
-0.1561415,0.0,1.1689919999999998,2127.0,-77.5851265,91.6086956521739,11.826086956521738,1.8133333333333332,6.415441176470588,2148.0,0.0,0.006052141527001862,0.0074487895716946,0.004655493482309125,6.8455043368629225,0.0,7.0,0.025735294117647058,0.3639705882352941,0.0,0.0,10.0,13.0,0.0,11.0,2.0,0.007352941176470588,21.0,8.0,104.0,0.048417132216014895,0.0,0.15129151291512916,0.07037037037037037,0.44852941176470584,0.0,0.0,0.0,23.0,0.5514705882352942,150.0,0.0,272.0
-0.136732,517.0,1.146521,1324.0,-70.690603,164.25,21.125,1.4444444444444444,6.686390532544379,1330.0,0.0,0.0,0.009774436090225564,0.0,6.642660705587406,0.0,3.0,0.01775147928994083,0.5088757396449705,0.0,0.0,0.0,0.0,0.0,8.0,1.0,0.005917159763313609,6.0,4.0,23.0,0.017293233082706767,0.0,0.07738095238095238,0.011976047904191617,0.3076923076923077,0.0,0.0,0.0,8.0,0.6923076923076923,117.0,0.011834319526627219,169.0
-0.249781,645.0,1.283744,1798.0,-161.108816,137.46153846153845,18.0,1.5096774193548388,6.5,1805.0,0.0,0.002770083102493075,0.01218836565096953,0.00221606648199446,7.006386128346548,0.0,5.0,0.021367521367521368,0.4829059829059829,0.0,0.0,4.0,0.0,0.0,7.0,2.0,0.008547008547008548,7.0,3.0,42.0,0.02326869806094183,0.0,0.09871244635193133,0.034482758620689655,0.33760683760683763,0.0,0.0,0.0,13.0,0.6623931623931624,155.0,0.0,234.0
-0.1561415,0.0,1.1689919999999998,3204.0,-77.5851265,96.33333333333333,13.696969696969697,2.306122448979592,5.725663716814159,3232.0,0.0,0.006188118811881188,0.009900990099009901,0.004641089108910891,6.981769752562963,0.0,0.0,0.0,0.24778761061946902,2.0,0.004424778761061947,15.0,18.0,0.0,22.0,4.0,0.008849557522123894,28.0,9.0,165.0,0.0510519801980198,0.0,0.19068736141906872,0.08888888888888889,0.5663716814159292,0.0,0.0,0.0,33.0,0.4336283185840708,196.0,0.0,452.0
-0.108782,381.0,1.11492,1907.0,-41.44609,94.2,14.75,1.6298342541436464,5.305084745762712,1921.0,0.0,0.003643935450286309,0.007287870900572618,0.0031233732431025507,7.014224887542433,0.0,0.0,0.0,0.4847457627118644,4.0,0.013559322033898305,6.0,0.0,0.0,15.0,4.0,0.013559322033898305,14.0,8.0,46.0,0.02394586153045289,0.0,0.06462585034013606,0.013651877133105802,0.3864406779661017,0.0,0.0,0.0,20.0,0.6135593220338983,181.0,0.0,295.0
-0.222642,579.0,1.249373,2889.0,-128.909605,136.38095238095238,18.80952380952381,1.196969696969697,6.134177215189873,2907.0,0.0,0.0020639834881320948,0.003783969728242174,0.0020639834881320948,8.177517545748877,0.0,0.0,0.0,0.759493670886076,4.0,0.010126582278481013,4.0,4.0,0.0,8.0,2.0,0.005063291139240506,18.0,7.0,65.0,0.022359821121431027,0.0,0.012690355329949238,0.005089058524173028,0.16455696202531644,0.0,0.0,0.0003439972480220158,21.0,0.8354430379746836,330.0,0.0,395.0
-0.1561415,0.0,1.1689919999999998,2766.0,-77.5851265,101.66666666666667,13.703703703703704,1.9170984455958548,6.145945945945946,2788.0,0.0,0.005380200860832138,0.007890961262553802,0.003945480631276901,7.149528831090688,0.0,11.0,0.02972972972972973,0.327027027027027,0.0,0.0,11.0,13.0,0.0,16.0,3.0,0.008108108108108109,22.0,8.0,118.0,0.04232424677187949,0.0003586800573888092,0.17886178861788618,0.09510869565217392,0.4783783783783784,0.0,0.0,0.0,27.0,0.5216216216216216,193.0,0.0,370.0
-0.10269,777.0,1.108147,1825.0,-79.789766,78.43478260869566,10.304347826086957,1.4720496894409938,6.451476793248945,1843.0,0.0,0.0065111231687466084,0.010851871947911014,0.007596310363537711,7.083461206997663,0.0,7.0,0.029535864978902954,0.4936708860759494,0.0,0.0,10.0,0.0,0.0,7.0,3.0,0.012658227848101266,18.0,6.0,56.0,0.030385241454150842,0.0,0.07627118644067797,0.01702127659574468,0.32067510548523204,0.0,0.0,0.0,23.0,0.679324894514768,161.0,0.004219409282700422,237.0
-0.227167,905.0,1.25504,2628.0,-205.586338,137.42105263157896,17.736842105263158,1.685,6.5816023738872405,2645.0,0.0,0.0026465028355387526,0.013232514177693762,0.001890359168241966,7.226754524964487,0.0,5.0,0.01483679525222552,0.4332344213649852,0.0,0.0,9.0,0.0,0.0,12.0,0.0,0.0,17.0,6.0,65.0,0.024574669187145556,0.0,0.15178571428571427,0.05970149253731343,0.4065281899109793,0.0,0.0,0.0,19.0,0.5934718100890207,200.0,0.0,337.0
-0.1561415,0.0,1.1689919999999998,3220.0,-77.5851265,96.81818181818181,13.93939393939394,2.3115577889447234,5.643478260869565,3248.0,0.0,0.006157635467980296,0.009852216748768473,0.004618226600985222,6.95981343024858,0.0,0.0,0.0,0.26521739130434785,5.0,0.010869565217391304,15.0,18.0,0.0,27.0,3.0,0.006521739130434782,28.0,9.0,170.0,0.05233990147783251,0.0,0.18518518518518517,0.09170305676855896,0.567391304347826,0.0,0.0,0.0,33.0,0.4326086956521739,199.0,0.0,460.0
-0.144594,464.0,1.15557,2261.0,-67.091428,79.89285714285714,11.785714285714286,1.683673469387755,5.66060606060606,2277.0,0.0,0.005270092226613966,0.00834431269213878,0.004391743522178305,7.134475178797669,0.0,0.0,0.0,0.43636363636363634,6.0,0.01818181818181818,10.0,0.0,0.0,16.0,2.0,0.006060606060606061,16.0,4.0,69.0,0.030303030303030304,0.0,0.0851063829787234,0.027439024390243903,0.406060606060606,0.0,0.0,0.0,28.0,0.593939393939394,196.0,0.0,330.0
-0.215561,571.0,1.240558,3017.0,-123.085273,166.11111111111111,21.666666666666668,1.2,6.535897435897436,3035.0,0.0,0.0016474464579901153,0.006589785831960461,0.0,8.19044010497025,0.0,0.0,0.0,0.7410256410256411,5.0,0.01282051282051282,0.0,5.0,0.0,7.0,2.0,0.005128205128205128,18.0,7.0,73.0,0.024052718286655683,0.0,0.015424164524421594,0.002577319587628866,0.16666666666666663,0.0,0.0,0.00032948929159802305,18.0,0.8333333333333334,325.0,0.002564102564102564,390.0
-0.1561415,0.0,1.1689919999999998,2829.0,-77.5851265,96.75862068965517,13.655172413793103,2.2758620689655173,5.815656565656566,2853.0,0.0,0.005958640028040659,0.006309148264984227,0.004556607080266386,6.7653831378351565,0.0,27.0,0.06818181818181818,0.26515151515151514,0.0,0.0,13.0,15.0,0.0,27.0,6.0,0.015151515151515152,24.0,8.0,140.0,0.04907115317209954,0.0,0.27341772151898736,0.17766497461928935,0.5606060606060606,0.0,0.0,0.0,29.0,0.4393939393939394,174.0,0.0,396.0
-0.088923,646.0,1.092996,1540.0,-57.443971,69.0909090909091,10.090909090909092,1.5310344827586206,5.72972972972973,1558.0,0.0,0.0012836970474967907,0.011553273427471117,0.006418485237483954,6.9243324632146495,0.0,8.0,0.036036036036036036,0.46396396396396394,0.0,0.0,10.0,0.0,0.0,8.0,3.0,0.013513513513513514,18.0,6.0,47.0,0.030166880616174584,0.0,0.07239819004524888,0.022727272727272728,0.34684684684684686,0.0,0.0,0.0,22.0,0.6531531531531531,145.0,0.0,222.0
-0.059406,2621.0,1.061206,7743.0,-155.703425,257.06666666666666,39.13333333333333,6.558659217877095,5.489778534923339,7750.0,0.0,0.0,0.01135483870967742,0.0005161290322580645,6.112108916055578,0.0,5.0,0.004258943781942078,0.06388415672913117,0.0,0.0,0.0,0.0,0.0,119.0,3.0,0.002555366269165247,7.0,4.0,127.0,0.01638709677419355,0.0,0.7783461210571185,0.7551194539249146,0.8475298126064736,0.0,0.0,0.0,30.0,0.1524701873935264,179.0,0.0,1174.0
-0.1561415,0.0,1.1689919999999998,2824.0,-77.5851265,96.48275862068965,16.96551724137931,2.8439306358381504,4.4939024390243905,2844.0,0.0,0.003867791842475387,0.01090014064697609,0.0028129395218002813,6.547748331716533,0.0,0.0,0.0,0.20934959349593496,7.0,0.014227642276422764,8.0,11.0,0.0,28.0,8.0,0.016260162601626018,20.0,8.0,126.0,0.04430379746835443,0.0,0.32790224032586557,0.2,0.6483739837398375,17.0,0.034552845528455285,0.0,29.0,0.3516260162601626,173.0,0.0,492.0
-0.151567,500.0,1.163656,2392.0,-75.783438,103.1304347826087,15.91304347826087,1.7023255813953488,5.379781420765028,2404.0,0.0,0.004159733777038269,0.009151414309484194,0.0024958402662229617,7.223794427555431,0.0,0.0,0.0,0.4453551912568306,9.0,0.02459016393442623,6.0,0.0,0.0,17.0,2.0,0.00546448087431694,12.0,4.0,60.0,0.024958402662229616,0.0,0.07671232876712329,0.03021978021978022,0.412568306010929,0.0,0.0,0.0,23.0,0.587431693989071,215.0,0.0,366.0
-0.32393,3072.0,1.38255,13397.0,-995.112042,495.55555555555554,16.59259259259259,1.1516709511568124,28.662946428571427,13409.0,0.0,0.0009694980982921918,0.0005220374375419494,0.0008949213215004848,8.508751266899528,7.457677679170706e-05,0.0,0.0,0.765625,4.0,0.008928571428571428,10.0,11.0,0.0,8.0,2.0,0.004464285714285714,12.0,2.0,112.0,0.008352599000671191,0.0,0.008948545861297539,0.0,0.1316964285714286,2.0,0.004464285714285714,7.457677679170706e-05,27.0,0.8683035714285714,389.0,0.0,448.0
-0.1561415,0.0,1.1689919999999998,1903.0,-77.5851265,75.44,10.6,1.7905405405405406,5.735849056603773,1926.0,0.0,0.00778816199376947,0.009865005192107996,0.005192107995846314,6.7882150462657584,0.0,9.0,0.033962264150943396,0.3849056603773585,0.0,0.0,10.0,13.0,0.0,9.0,3.0,0.011320754716981131,23.0,9.0,111.0,0.05763239875389408,0.0,0.1856060606060606,0.11406844106463879,0.44150943396226416,0.0,0.0,0.0,25.0,0.5584905660377358,148.0,0.0,265.0
-0.111059,978.0,1.117461,2447.0,-108.615698,115.57142857142857,15.428571428571429,1.9058823529411764,6.342592592592593,2462.0,0.0,0.0012185215272136475,0.010560519902518278,0.003249390739236393,6.9481820731221795,0.0,6.0,0.018518518518518517,0.3395061728395062,0.0,0.0,8.0,0.0,0.0,13.0,4.0,0.012345679012345678,15.0,4.0,59.0,0.0239642567018684,0.0,0.21981424148606812,0.12732919254658384,0.47530864197530864,0.0,0.0,0.0,21.0,0.5246913580246914,170.0,0.0,324.0
-0.057303,3072.0,1.058976,4372.0,-176.034343,290.26666666666665,62.06666666666667,5.444444444444445,3.3490870032223414,4393.0,0.0,0.0534941953107216,0.007284315957204644,0.36603687684953334,4.339589735688672,0.0,1.0,0.0010741138560687433,0.14500537056928034,0.0,0.0,12.0,0.0,0.0,228.0,0.0,0.0,21.0,8.0,631.0,0.14363760528112907,0.0,0.7741935483870968,0.7588805166846071,0.8163265306122449,0.0,0.0,0.0,15.0,0.1836734693877551,171.0,0.0,931.0
-0.1561415,0.0,1.1689919999999998,2918.0,-77.5851265,84.94117647058823,13.764705882352942,2.2829268292682925,4.9081196581196584,2941.0,0.0,0.005780346820809248,0.01394083645018701,0.0047602856171370285,7.022373958129798,0.0,0.0,0.0,0.2692307692307692,11.0,0.023504273504273504,14.0,14.0,0.0,21.0,6.0,0.01282051282051282,23.0,7.0,161.0,0.05474328459707582,0.0,0.20556745182012848,0.10944206008583691,0.561965811965812,16.0,0.03418803418803419,0.0,34.0,0.43803418803418803,205.0,0.0,468.0
-0.146899,390.0,1.158237,1857.0,-57.290779,91.7,14.55,1.6077348066298343,5.195876288659794,1871.0,0.0,0.0037413148049171567,0.01122394441475147,0.003206841261357563,7.06923929792084,0.0,0.0,0.0,0.46735395189003437,3.0,0.010309278350515464,6.0,0.0,0.0,12.0,1.0,0.003436426116838488,14.0,8.0,54.0,0.028861571352218066,0.0,0.07241379310344828,0.02422145328719723,0.37800687285223367,0.0,0.0,0.0,20.0,0.6219931271477663,181.0,0.0,291.0
-0.341381,3072.0,1.406889,13962.0,-1048.722706,1072.6923076923076,76.6923076923077,1.0363825363825363,12.955867602808425,13976.0,0.0,0.0003577561534058386,0.001001717229536348,0.00028620492272467084,9.88294953140272,7.155123068116771e-05,0.0,0.0,0.9388164493480441,3.0,0.003009027081243731,4.0,0.0,0.0,4.0,2.0,0.0020060180541624875,14.0,8.0,49.0,0.0035060103033772183,0.0,0.0,0.0,0.035105315947843496,0.0,0.0,7.155123068116771e-05,13.0,0.9648946840521565,962.0,0.0,997.0
-0.1561415,0.0,1.1689919999999998,1744.0,-77.5851265,115.8,15.2,1.7142857142857142,6.337719298245614,1758.0,0.0,0.003981797497155859,0.011376564277588168,0.002844141069397042,6.665047418301251,0.0,10.0,0.043859649122807015,0.41228070175438597,0.0,0.0,8.0,5.0,0.0,10.0,1.0,0.0043859649122807015,14.0,5.0,65.0,0.036973833902161544,0.0,0.16299559471365638,0.08849557522123894,0.41666666666666663,0.0,0.0,0.0,15.0,0.5833333333333334,133.0,0.0,228.0
-0.141985,637.0,1.152559,1550.0,-90.444384,69.54545454545455,10.045454545454545,1.4076433121019107,5.8054298642533935,1567.0,0.0,0.0012763241863433313,0.01148691767708998,0.00574345883854499,7.016602216409901,0.0,11.0,0.049773755656108594,0.5610859728506787,0.0,0.0,9.0,0.0,0.0,11.0,2.0,0.00904977375565611,17.0,6.0,42.0,0.026802807913209957,0.0,0.05,0.0182648401826484,0.28959276018099545,0.0,0.0,0.0,22.0,0.7104072398190046,157.0,0.0,221.0
-0.416779,288.0,1.517067,760.0,-120.032344,125.66666666666667,17.666666666666668,1.2325581395348837,5.943396226415095,763.0,0.0,0.0,0.023591087811271297,0.0,6.2537255252566855,0.0,2.0,0.018867924528301886,0.7075471698113207,0.0,0.0,0.0,0.0,0.0,6.0,4.0,0.03773584905660377,3.0,2.0,24.0,0.03145478374836173,0.0,0.009523809523809525,0.0,0.18867924528301883,0.0,0.0,0.0,6.0,0.8113207547169812,86.0,0.0,106.0
-0.1561415,0.0,1.1689919999999998,2597.0,-77.5851265,88.75862068965517,12.793103448275861,2.016304347826087,5.619946091644205,2621.0,0.0,0.0064860740175505536,0.009538344143456695,0.0049599389545974815,7.027033640372074,0.0,0.0,0.0,0.31266846361185985,6.0,0.016172506738544475,13.0,16.0,0.0,19.0,0.0,0.0,24.0,8.0,151.0,0.057611598626478445,0.0,0.17297297297297298,0.0948509485094851,0.5040431266846361,0.0,0.0,0.0,29.0,0.49595687331536387,184.0,0.0,371.0
-0.145598,291.0,1.156731,1481.0,-42.369038,163.33333333333334,25.11111111111111,1.5374149659863945,5.424778761061947,1487.0,0.0,0.0,0.0121049092131809,0.0,6.725601795377454,0.0,0.0,0.0,0.5309734513274337,2.0,0.008849557522123894,0.0,0.0,0.0,17.0,1.0,0.004424778761061947,6.0,4.0,34.0,0.022864828513786146,0.0,0.03111111111111111,0.0,0.3495575221238938,0.0,0.0,0.0,9.0,0.6504424778761062,147.0,0.0,226.0
-0.26206,302.0,1.299604,1528.0,-79.142069,138.27272727272728,19.272727272727273,1.1397849462365592,6.047169811320755,1534.0,0.0,0.000651890482398957,0.007170795306388526,0.0,7.43962132494639,0.0,0.0,0.0,0.7971698113207547,3.0,0.014150943396226415,1.0,1.0,0.0,5.0,1.0,0.0047169811320754715,6.0,3.0,34.0,0.02216427640156454,0.0,0.009478672985781991,0.004761904761904762,0.12264150943396224,1.0,0.0047169811320754715,0.000651890482398957,11.0,0.8773584905660378,186.0,0.0,212.0
-0.1561415,0.0,1.1689919999999998,2291.0,-77.5851265,78.17241379310344,10.620689655172415,2.1690140845070425,6.045454545454546,2314.0,0.0,0.006050129645635264,0.008210890233362144,0.00432152117545376,6.641139498701192,0.0,13.0,0.04220779220779221,0.262987012987013,0.0,0.0,10.0,13.0,0.0,14.0,2.0,0.006493506493506494,23.0,9.0,114.0,0.049265341400172864,0.0,0.2182410423452769,0.11437908496732026,0.538961038961039,0.0,0.0,0.0,29.0,0.461038961038961,142.0,0.0,308.0
-0.14937,492.0,1.161102,1239.0,-73.490017,153.625,20.75,1.537037037037037,6.295180722891566,1245.0,0.0,0.0,0.014457831325301205,0.0,6.44759818449029,0.0,9.0,0.05421686746987952,0.463855421686747,0.0,0.0,0.0,0.0,0.0,9.0,3.0,0.018072289156626505,6.0,4.0,27.0,0.021686746987951807,0.0,0.12121212121212122,0.08536585365853659,0.3493975903614458,0.0,0.0,0.0,8.0,0.6506024096385542,108.0,0.0,166.0
-0.151204,3072.0,1.163234,8122.0,-464.49975,128.38095238095238,15.031746031746032,2.667605633802817,6.420274551214361,8127.0,1.0,0.0015996062507690415,0.0567244985849637,0.011566383659406916,5.500581296938347,0.0002460932693490833,9.0,0.009503695881731784,0.27771911298838436,0.0,0.0,1.0,1.0,1.0,429.0,2.0,0.0021119324181626186,59.0,3.0,960.0,0.11812476928755998,0.0,0.5285412262156448,0.5174603174603175,0.6251319957761352,4.0,0.004223864836325237,0.00012304663467454166,63.0,0.37486800422386485,355.0,0.007391763463569166,947.0
-0.1561415,0.0,1.1689919999999998,3113.0,-77.5851265,96.84375,13.96875,2.2806122448979593,5.563758389261745,3154.0,0.0,0.007926442612555484,0.008560558021559923,0.004755865567533291,7.001410815150184,0.0,0.0,0.0,0.2595078299776286,6.0,0.013422818791946308,18.0,18.0,0.0,20.0,3.0,0.006711409395973154,41.0,15.0,182.0,0.05770450221940393,0.0,0.1681614349775785,0.05393258426966292,0.5615212527964206,3.0,0.006711409395973154,0.0,32.0,0.43847874720357943,196.0,0.0,447.0
-0.134717,424.0,1.144213,1959.0,-57.119976,105.66666666666667,14.666666666666666,1.5529411764705883,5.916666666666667,1981.0,0.0,0.0035335689045936395,0.006057546693589096,0.0010095911155981827,7.037681056734331,0.0,0.0,0.0,0.48484848484848486,4.0,0.015151515151515152,6.0,0.0,0.0,11.0,1.0,0.003787878787878788,22.0,4.0,63.0,0.03180212014134275,0.0,0.049429657794676805,0.003816793893129771,0.3560606060606061,0.0,0.0,0.0,18.0,0.6439393939393939,170.0,0.0,264.0
-0.272226,3072.0,1.312884,13498.0,-836.27845,612.1818181818181,69.5,1.0415531335149864,7.737083060824068,13519.0,0.0,0.0014054293956653598,0.0007396996819291368,0.03557955470079148,10.490898128926629,0.0,1.0,0.0006540222367560497,0.9280575539568345,6.0,0.003924133420536298,15.0,6.0,0.0,5.0,1.0,0.0006540222367560497,21.0,3.0,104.0,0.007692876692063023,0.0,0.001963350785340314,0.0,0.039895356442119057,0.0,0.0,7.396996819291368e-05,22.0,0.9601046435578809,1468.0,0.0,1529.0
-0.1561415,0.0,1.1689919999999998,2304.0,-77.5851265,73.54838709677419,8.935483870967742,2.252032520325203,6.808664259927798,2332.0,0.0,0.008147512864493996,0.0047169811320754715,0.006003430531732418,6.524278699171135,0.0,12.0,0.04332129963898917,0.22021660649819494,0.0,0.0,14.0,18.0,0.0,12.0,1.0,0.0036101083032490976,28.0,10.0,133.0,0.05703259005145798,0.0,0.2644927536231884,0.16363636363636364,0.555956678700361,0.0,0.0,0.0,31.0,0.44404332129963897,123.0,0.0,277.0
-0.098675,772.0,1.103707,1864.0,-76.176952,102.61111111111111,14.055555555555555,1.6754966887417218,6.1857707509881426,1880.0,0.0,0.0010638297872340426,0.011170212765957447,0.0031914893617021275,6.882200750891204,0.0,12.0,0.04743083003952569,0.38735177865612647,0.0,0.0,6.0,0.0,0.0,12.0,3.0,0.011857707509881422,16.0,7.0,41.0,0.021808510638297873,0.0,0.1865079365079365,0.12749003984063745,0.4031620553359684,0.0,0.0,0.0,18.0,0.5968379446640316,151.0,0.0,253.0
-0.243675,850.0,1.27593,2393.0,-207.123998,139.1764705882353,18.11764705882353,1.811764705882353,6.457792207792208,2409.0,0.0,0.0012453300124533001,0.012868410128684102,0.0012453300124533001,6.939095567722563,0.0,8.0,0.025974025974025976,0.39285714285714285,0.0,0.0,7.0,2.0,0.0,13.0,4.0,0.012987012987012988,16.0,6.0,71.0,0.0294728102947281,0.0,0.1465798045602606,0.0784313725490196,0.44805194805194803,0.0,0.0,0.0,17.0,0.551948051948052,170.0,0.01948051948051948,308.0
-0.1561415,0.0,1.1689919999999998,3365.0,-77.5851265,53.45161290322581,7.612903225806452,2.497354497354497,5.358050847457627,3446.0,0.0,0.008705745792222866,0.011317469529889728,0.013639001741149159,6.7147433277644675,0.0,0.0,0.0,0.2478813559322034,0.0,0.0,57.0,21.0,0.0,41.0,0.0,0.0,81.0,17.0,288.0,0.08357515960533952,0.0,0.22717622080679406,0.1148936170212766,0.5995762711864407,0.0,0.0,0.0,62.0,0.4004237288135593,189.0,0.00847457627118644,472.0
-0.082406,961.0,1.085896,3725.0,-79.192048,67.41818181818182,9.945454545454545,1.9747292418772564,5.506398537477148,3770.0,0.0,0.009018567639257295,0.016710875331564987,0.023607427055702918,7.444705137666823,0.0,0.0,0.0,0.360146252285192,0.0,0.0,0.0,6.0,0.0,30.0,0.0,0.0,45.0,13.0,199.0,0.05278514588859416,0.0,0.09340659340659341,0.031192660550458717,0.493601462522852,1.0,0.0018281535648994515,0.0,55.0,0.506398537477148,277.0,0.016453382084095063,547.0
-0.341922,3072.0,1.407651,16609.0,-1050.385112,352.6595744680851,43.340425531914896,1.098705501618123,7.077565046637211,16629.0,0.0,0.000841902700102231,0.0019243490288050995,0.000841902700102231,10.735138573222216,6.013590715015936e-05,7.0,0.003436426116838488,0.8664702994599902,3.0,0.0014727540500736377,3.0,3.0,0.0,16.0,4.0,0.0019636720667648502,20.0,11.0,153.0,0.009200793793974382,0.00012027181430031872,0.00343811394891945,0.0004914004914004914,0.08983799705449191,7.0,0.003436426116838488,6.013590715015936e-05,47.0,0.9101620029455081,1854.0,0.003436426116838488,2037.0
-0.1561415,0.0,1.1689919999999998,3627.0,-77.5851265,57.064516129032256,7.919354838709677,2.654054054054054,5.588594704684318,3719.0,0.0,0.021242269427265394,0.0024200053777897286,0.037913417585372415,6.37162017788724,0.0,39.0,0.07942973523421588,0.2545824847250509,0.0,0.0,72.0,6.0,0.0,60.0,0.0,0.0,92.0,14.0,256.0,0.06883570852379672,0.0,0.26326530612244897,0.14519427402862986,0.6232179226069247,0.0,0.0,0.0,62.0,0.37678207739307534,185.0,0.002036659877800407,491.0
-0.071824,1343.0,1.074466,3256.0,-96.459943,41.4025974025974,5.636363636363637,2.6144578313253013,6.1336405529953915,3304.0,0.0,0.001513317191283293,0.012711864406779662,0.014830508474576272,6.888631378936111,0.0,7.0,0.016129032258064516,0.21428571428571427,0.0,0.0,36.0,4.0,0.0,13.0,0.0,0.0,48.0,9.0,162.0,0.04903147699757869,0.0,0.45727482678983833,0.37962962962962965,0.6175115207373272,0.0,0.0,0.0,77.0,0.3824884792626728,166.0,0.01152073732718894,434.0
-0.123512,2259.0,1.131464,6915.0,-279.014079,103.47058823529412,12.102941176470589,1.9050925925925926,6.4434993924665855,7091.0,8.0,0.005499929488083486,0.011704978141305881,0.006910167818361303,8.271601612919504,0.0,10.0,0.012150668286755772,0.3450789793438639,0.0,0.0,32.0,0.0,10.0,24.0,2.0,0.002430133657351154,176.0,33.0,640.0,0.09025525313778028,0.0004230714990833451,0.19099756690997566,0.1218026796589525,0.47509113001215064,1.0,0.001215066828675577,0.0002820476660555634,68.0,0.5249088699878494,432.0,0.015795868772782502,823.0
-0.1561415,0.0,1.1689919999999998,5058.0,-77.5851265,164.93548387096774,22.032258064516128,2.9695652173913043,5.620790629575403,5167.0,0.0,0.010063866847300174,0.005419005225469325,0.02186955680278692,6.904484328499353,0.0,0.0,0.0,0.19912152269399708,0.0,0.0,64.0,41.0,12.0,48.0,0.0,0.0,109.0,30.0,441.0,0.08534933230114186,0.0,0.31085043988269795,0.1512481644640235,0.6632503660322109,5.0,0.007320644216691069,0.0,31.0,0.3367496339677892,230.0,0.0029282576866764276,683.0
-0.119688,925.0,1.127146,3467.0,-110.711743,84.19047619047619,11.976190476190476,1.8838951310861423,5.6222664015904575,3536.0,0.0,0.003959276018099547,0.013857466063348416,0.029694570135746605,7.34504728492942,0.0,0.0,0.0,0.40556660039761433,0.0,0.0,0.0,3.0,0.0,25.0,0.0,0.0,69.0,16.0,167.0,0.047228506787330315,0.0,0.045816733067729085,0.007984031936127744,0.4691848906560636,0.0,0.0,0.0,42.0,0.5308151093439364,267.0,0.013916500994035786,503.0
-0.415603,3072.0,1.515284,14696.0,-1276.731171,668.6363636363636,42.86363636363637,1.0826636050516647,14.310710498409332,14731.0,0.0,0.0014255651347498473,0.0004073043242142421,0.0016292172968569683,9.69639210140423,0.0006788405403570702,4.0,0.0042417815482502655,0.870625662778367,0.0,0.0,0.0,2.0,0.0,11.0,2.0,0.0021208907741251328,35.0,17.0,237.0,0.016088520806462562,6.788405403570701e-05,0.0031847133757961785,0.0,0.07635206786850479,3.0,0.003181336161187699,0.00020365216210712104,22.0,0.9236479321314952,871.0,0.007423117709437964,943.0
-0.1561415,0.0,1.1689919999999998,3104.0,-77.5851265,449.42857142857144,58.857142857142854,2.354285714285714,5.985436893203883,3164.0,0.0,0.00663716814159292,0.012958280657395701,0.011061946902654867,6.701598888657687,0.0,18.0,0.043689320388349516,0.28640776699029125,0.0,0.0,43.0,5.0,0.0,19.0,2.0,0.0048543689320388345,60.0,12.0,157.0,0.049620733249051835,0.0,0.3722627737226277,0.2926829268292683,0.575242718446602,0.0,0.0,0.0,7.0,0.42475728155339804,175.0,0.03398058252427184,412.0
-0.091461,1097.0,1.095774,3943.0,-100.332385,80.22916666666667,11.291666666666666,2.3261802575107295,5.586715867158672,4012.0,0.0,0.004735792622133599,0.009471585244267198,0.009970089730807577,7.196949312467575,0.0,5.0,0.00922509225092251,0.2564575645756458,0.0,0.0,48.0,18.0,0.0,34.0,1.0,0.0018450184501845018,69.0,19.0,240.0,0.05982053838484546,0.0,0.2255083179297597,0.11296296296296296,0.570110701107011,4.0,0.007380073800738007,0.0,48.0,0.42988929889298894,233.0,0.0036900369003690036,542.0
-0.100745,2682.0,1.105995,5291.0,-270.198149,129.53658536585365,17.121951219512194,2.463157894736842,4.115384615384615,5343.0,4.0,0.008422234699606962,0.07486430844095078,0.002620250795433277,5.275876550636105,0.0,2.0,0.002849002849002849,0.32051282051282054,0.0,0.0,16.0,7.0,2.0,325.0,1.0,0.0014245014245014246,61.0,3.0,1521.0,0.2846715328467153,0.0,0.47360912981455067,0.46,0.594017094017094,2.0,0.002849002849002849,0.0,41.0,0.405982905982906,285.0,0.5811965811965812,702.0
-0.1561415,0.0,1.1689919999999998,3302.0,-77.5851265,69.46808510638297,10.170212765957446,3.208053691275168,5.336820083682008,3367.0,0.0,0.005643005643005643,0.004752004752004752,0.005643005643005643,6.336608494451652,0.0,0.0,0.0,0.13807531380753138,0.0,0.0,47.0,21.0,0.0,42.0,0.0,0.0,65.0,13.0,218.0,0.06474606474606474,0.0,0.31446540880503143,0.19117647058823528,0.6882845188284519,0.0,0.0,0.0,47.0,0.3117154811715481,149.0,0.0,478.0
-0.11396,1320.0,1.120708,6070.0,-150.42752,85.84285714285714,12.914285714285715,2.5609065155807365,5.504424778761062,6118.0,0.0,0.006374632232755802,0.011441647597254004,0.006211180124223602,7.482254835429666,0.0,0.0,0.0,0.23672566371681417,2.0,0.0022123893805309734,33.0,0.0,0.0,63.0,0.0,0.0,48.0,11.0,217.0,0.03546910755148741,0.0,0.24473975636766335,0.13636363636363635,0.6095132743362832,1.0,0.0011061946902654867,0.0,70.0,0.39048672566371684,353.0,0.0,904.0
-0.347433,3072.0,1.415429,14344.0,-1067.312674,955.6,70.6,1.0485148514851486,12.492917847025495,14355.0,0.0,0.0002786485545106235,0.0009056078021595263,0.0011842563566701499,9.939994094965348,0.0,2.0,0.0018885741265344666,0.9244570349386213,2.0,0.0018885741265344666,5.0,0.0,0.0,5.0,2.0,0.0018885741265344666,11.0,4.0,51.0,0.003552769070010449,0.0,0.002835538752362949,0.0,0.04627006610009443,2.0,0.0018885741265344666,6.966213862765588e-05,15.0,0.9537299338999056,1010.0,0.004721435316336166,1059.0
-0.1561415,0.0,1.1689919999999998,2409.0,-77.5851265,79.6,11.266666666666667,2.2837837837837838,5.653846153846154,2439.0,0.0,0.008610086100861008,0.008200082000820008,0.008200082000820008,6.560206532824256,0.0,20.0,0.05917159763313609,0.27514792899408286,0.0,0.0,15.0,20.0,0.0,20.0,0.0,0.0,30.0,11.0,151.0,0.06191061910619106,0.0,0.22255192878338279,0.10119047619047619,0.5621301775147929,0.0,0.0,0.0,30.0,0.4378698224852071,148.0,0.0,338.0
-0.111267,1056.0,1.117693,2612.0,-117.498031,87.65517241379311,11.655172413793103,1.797872340425532,6.204142011834319,2648.0,0.0,0.0030211480362537764,0.00906344410876133,0.005287009063444109,6.997341887496865,0.0,26.0,0.07692307692307693,0.3994082840236686,0.0,0.0,29.0,0.0,0.0,26.0,0.0,0.0,36.0,8.0,84.0,0.03172205438066465,0.0,0.12759643916913946,0.06547619047619048,0.44378698224852076,0.0,0.0,0.0,29.0,0.5562130177514792,188.0,0.0,338.0
-0.181771,1008.0,1.19934,2743.0,-183.225349,70.26315789473684,9.157894736842104,2.2451612903225806,6.32183908045977,2787.0,0.0,0.003588087549336204,0.007534983853606028,0.0046645138141370645,6.798800636494978,0.0,8.0,0.022988505747126436,0.22988505747126436,0.0,0.0,32.0,0.0,0.0,17.0,0.0,0.0,44.0,12.0,98.0,0.035163257983494796,0.0,0.3746397694524496,0.3352601156069364,0.5545977011494253,0.0,0.0,0.0,38.0,0.4454022988505747,155.0,0.0,348.0
-0.1561415,0.0,1.1689919999999998,3850.0,-77.5851265,66.66666666666667,10.228070175438596,3.238888888888889,5.018867924528302,3916.0,0.0,0.0056179775280898875,0.006639427987742594,0.013789581205311542,6.678886381100258,0.0,0.0,0.0,0.13550600343053174,0.0,0.0,49.0,21.0,0.0,40.0,0.0,0.0,66.0,12.0,280.0,0.07150153217568948,0.0,0.30584192439862545,0.16006884681583478,0.6912521440823327,3.0,0.005145797598627788,0.0,57.0,0.30874785591766724,180.0,0.0017152658662092624,583.0
-0.112798,658.0,1.119406,2721.0,-74.221039,63.92857142857143,10.285714285714286,2.028169014084507,5.046296296296297,2754.0,0.0,0.010167029774872912,0.010893246187363835,0.00980392156862745,7.0061321454444165,0.0,0.0,0.0,0.3402777777777778,0.0,0.0,21.0,0.0,0.0,30.0,0.0,0.0,33.0,7.0,108.0,0.0392156862745098,0.0,0.1368909512761021,0.07209302325581396,0.5069444444444444,0.0,0.0,0.0,42.0,0.4930555555555556,213.0,0.004629629629629629,432.0
-0.180863,3072.0,1.198251,13045.0,-555.612047,868.9333333333333,87.53333333333333,1.6985769728331177,8.86900228484387,13067.0,0.0,0.00045917195989898216,0.0003826432999158185,0.0006122292798653096,7.538821633472137,7.65286599831637e-05,0.0,0.0,0.5536938309215537,3.0,0.002284843869002285,5.0,4.0,0.0,251.0,1.0,0.0007616146230007616,22.0,12.0,66.0,0.005050891558888804,0.0,0.3635670731707317,0.35697940503432496,0.4112718964204113,2.0,0.0015232292460015233,7.65286599831637e-05,15.0,0.5887281035795887,773.0,0.003808073115003808,1313.0
-0.1561415,0.0,1.1689919999999998,1572.0,-77.5851265,86.77777777777777,11.5,1.7107438016528926,6.154589371980676,1604.0,0.0,0.003740648379052369,0.004364089775561097,0.003117206982543641,6.409054168841648,0.0,21.0,0.10144927536231885,0.4396135265700483,0.0,0.0,15.0,5.0,0.0,21.0,0.0,0.0,32.0,12.0,66.0,0.04114713216957606,0.0,0.0970873786407767,0.024390243902439025,0.4154589371980676,0.0,0.0,0.0,18.0,0.5845410628019324,121.0,0.0,207.0
-0.100783,720.0,1.106037,1775.0,-72.564095,87.9,11.95,1.4397590361445782,6.058577405857741,1786.0,0.0,0.006159014557670772,0.009518477043673012,0.006159014557670772,7.025253212020387,0.0,12.0,0.0502092050209205,0.5648535564853556,0.0,0.0,10.0,10.0,0.0,12.0,0.0,0.0,11.0,2.0,88.0,0.04927211646136618,0.0,0.06302521008403361,0.02109704641350211,0.305439330543933,0.0,0.0,0.0,20.0,0.694560669456067,166.0,0.0041841004184100415,239.0
-0.234663,774.0,1.264483,2046.0,-181.62951,60.27272727272727,7.666666666666667,1.4970414201183433,6.217391304347826,2082.0,0.0,0.0004803073967339097,0.010086455331412104,0.005763688760806916,7.068717038362222,0.0,6.0,0.023715415019762844,0.5138339920948617,0.0,0.0,20.0,10.0,0.0,11.0,0.0,0.0,36.0,12.0,112.0,0.053794428434197884,0.0,0.0992063492063492,0.0398406374501992,0.3320158102766798,0.0,0.0,0.0,33.0,0.6679841897233202,169.0,0.0,253.0
-0.1561415,0.0,1.1689919999999998,3704.0,-77.5851265,59.354838709677416,8.46774193548387,2.9005524861878453,5.641904761904762,3769.0,0.0,0.005306447333510215,0.01061289466702043,0.012470151233749005,6.610558240571994,0.0,0.0,0.0,0.19238095238095237,0.0,0.0,11.0,17.0,0.0,41.0,0.0,0.0,65.0,24.0,208.0,0.05518705226850624,0.0,0.24236641221374045,0.1089866156787763,0.6552380952380952,0.0,0.0,0.0,62.0,0.34476190476190477,181.0,0.013333333333333334,525.0
-0.122726,513.0,1.130574,2582.0,-62.958286,91.10714285714286,13.607142857142858,1.914572864321608,5.517060367454068,2600.0,0.0,0.0034615384615384616,0.008076923076923077,0.004230769230769231,6.845096801947281,0.0,0.0,0.0,0.3884514435695538,1.0,0.0026246719160104987,8.0,8.0,0.0,40.0,1.0,0.0026246719160104987,18.0,10.0,96.0,0.036923076923076927,0.0,0.14210526315789473,0.044854881266490766,0.4776902887139107,0.0,0.0,0.0,28.0,0.5223097112860893,199.0,0.02099737532808399,381.0
-0.338699,1074.0,1.403121,5121.0,-363.762531,232.0909090909091,30.454545454545453,1.2050359712230216,6.568656716417911,5128.0,0.0,0.000390015600624025,0.001170046801872075,0.0015600624024961,9.025340093614252,0.001170046801872075,2.0,0.0029850746268656717,0.682089552238806,5.0,0.007462686567164179,7.0,0.0,0.0,5.0,2.0,0.0029850746268656717,7.0,1.0,49.0,0.009555382215288611,0.0001950078003120125,0.007473841554559043,0.0,0.17014925373134326,2.0,0.0029850746268656717,0.0001950078003120125,22.0,0.8298507462686567,556.0,0.004477611940298508,670.0
-0.1561415,0.0,1.1689919999999998,2298.0,-77.5851265,59.68421052631579,7.868421052631579,2.2313432835820897,6.120401337792642,2331.0,0.0,0.007293007293007293,0.00858000858000858,0.006864006864006864,6.591207540817092,0.0,17.0,0.056856187290969896,0.22742474916387959,0.0,0.0,16.0,21.0,0.0,17.0,0.0,0.0,33.0,12.0,160.0,0.06864006864006864,0.0,0.28859060402684567,0.1717171717171717,0.5518394648829432,0.0,0.0,0.0,38.0,0.44816053511705684,134.0,0.010033444816053512,299.0
-0.100865,951.0,1.106128,2455.0,-95.922784,93.53846153846153,11.846153846153847,1.6382978723404256,6.616883116883117,2466.0,0.0,0.004460665044606651,0.012165450121654502,0.004460665044606651,7.076885301915167,0.0,9.0,0.02922077922077922,0.461038961038961,0.0,0.0,10.0,10.0,0.0,17.0,1.0,0.003246753246753247,11.0,2.0,109.0,0.044201135442011354,0.0,0.13029315960912052,0.05555555555555555,0.38961038961038963,0.0,0.0,0.0,26.0,0.6103896103896104,188.0,0.003246753246753247,308.0
-0.20865,663.0,1.232014,1827.0,-138.334873,78.47826086956522,10.304347826086957,1.48125,6.455696202531645,1842.0,0.0,0.005971769815418024,0.013029315960912053,0.005971769815418024,6.887291123863665,0.0,12.0,0.05063291139240506,0.5654008438818565,0.0,0.0,10.0,0.0,0.0,12.0,0.0,0.0,15.0,4.0,58.0,0.031487513572204126,0.0,0.06779661016949153,0.01276595744680851,0.3248945147679325,0.0,0.0,0.0,23.0,0.6751054852320675,160.0,0.0,237.0
-0.1561415,0.0,1.1689919999999998,3016.0,-77.5851265,74.975,12.425,2.657754010695187,4.768611670020121,3070.0,0.0,0.0035830618892508143,0.003908794788273616,0.01498371335504886,6.720418523854677,0.0,0.0,0.0,0.20925553319919518,3.0,0.006036217303822937,31.0,7.0,0.0,49.0,0.0,0.0,54.0,16.0,131.0,0.04267100977198697,0.0,0.27419354838709675,0.14343434343434344,0.6237424547283702,1.0,0.002012072434607646,0.0,40.0,0.3762575452716298,187.0,0.014084507042253521,497.0
-0.107132,476.0,1.113081,2216.0,-50.994897,72.6,11.1,1.809782608695652,5.285285285285285,2240.0,0.0,0.005803571428571429,0.009375,0.006696428571428571,6.839324436026295,0.0,0.0,0.0,0.40540540540540543,1.0,0.003003003003003003,12.0,12.0,0.0,36.0,3.0,0.009009009009009009,24.0,13.0,113.0,0.05044642857142857,0.0,0.13855421686746988,0.02416918429003021,0.44744744744744747,0.0,0.0,0.0,30.0,0.5525525525525525,184.0,0.0,333.0
-0.391302,3072.0,1.478905,16190.0,-1202.079715,735.0909090909091,82.45454545454545,1.038351459645106,7.868798235942668,16201.0,0.0,0.00012344916980433306,0.0011110425282389975,0.0003703475094129992,10.742878336454885,6.172458490216653e-05,3.0,0.0016538037486218302,0.9338478500551268,2.0,0.0011025358324145535,5.0,0.0,0.0,6.0,1.0,0.0005512679162072767,11.0,6.0,104.0,0.00641935682982532,0.0,0.005515719801434087,0.003863134657836645,0.036934950385887566,2.0,0.0011025358324145535,6.172458490216653e-05,22.0,0.9630650496141124,1747.0,0.0005512679162072767,1814.0
-0.1561415,0.0,1.1689919999999998,1794.0,-77.5851265,74.20833333333333,9.25,1.85,6.441441441441442,1837.0,0.0,0.004899292324442025,0.009254218835057159,0.003810560696788242,6.394884147083114,0.0,11.0,0.04954954954954955,0.38288288288288286,0.0,0.0,22.0,7.0,0.0,14.0,1.0,0.0045045045045045045,43.0,15.0,104.0,0.056614044637996734,0.0,0.1493212669683258,0.05909090909090909,0.45945945945945943,0.0,0.0,0.0,24.0,0.5405405405405406,120.0,0.0,222.0
-0.117414,465.0,1.124585,1225.0,-54.597582,59.85,7.25,1.2719298245614035,7.144827586206897,1243.0,0.0,0.008045052292839904,0.004827031375703942,0.008849557522123894,6.654124048928538,0.0,5.0,0.034482758620689655,0.6689655172413793,0.0,0.0,10.0,0.0,0.0,5.0,1.0,0.006896551724137931,18.0,10.0,36.0,0.028962188254223652,0.0,0.027777777777777776,0.02097902097902098,0.21379310344827585,0.0,0.0,0.0,20.0,0.7862068965517242,114.0,0.0,145.0
-0.196544,853.0,1.217189,2288.0,-167.652344,61.4054054054054,7.378378378378378,1.3928571428571428,6.549450549450549,2352.0,0.0,0.006377551020408163,0.00977891156462585,0.008928571428571428,7.365129086152689,0.0,6.0,0.02197802197802198,0.575091575091575,0.0,0.0,30.0,0.0,0.0,8.0,1.0,0.003663003663003663,64.0,33.0,126.0,0.05357142857142857,0.0,0.08455882352941177,0.03690036900369004,0.28205128205128205,0.0,0.0,0.00042517006802721087,37.0,0.717948717948718,196.0,0.03663003663003663,273.0
-0.1561415,0.0,1.1689919999999998,2524.0,-77.5851265,44.232142857142854,6.375,2.0755813953488373,5.347338935574229,2568.0,0.0,0.012071651090342679,0.009735202492211837,0.014797507788161994,6.64114630888925,0.0,1.0,0.0028011204481792717,0.3389355742296919,1.0,0.0028011204481792717,24.0,30.0,0.0,32.0,0.0,0.0,44.0,14.0,259.0,0.10085669781931464,0.0,0.11797752808988764,0.036619718309859155,0.5182072829131652,0.0,0.0,0.0,56.0,0.48179271708683474,172.0,0.011204481792717087,357.0
-0.115758,627.0,1.122724,2818.0,-72.580079,61.46666666666667,9.044444444444444,1.6887966804979253,5.506142506142506,2846.0,0.0,0.005621925509486999,0.012297962052002811,0.0066760365425158116,7.327937284791994,0.0,0.0,0.0,0.4520884520884521,1.0,0.002457002457002457,14.0,14.0,0.0,21.0,0.0,0.0,28.0,15.0,160.0,0.05621925509486999,0.0,0.046798029556650245,0.0024691358024691358,0.4078624078624079,7.0,0.0171990171990172,0.0,45.0,0.5921375921375921,241.0,0.004914004914004914,407.0
-0.159868,3072.0,1.173356,9404.0,-491.113765,312.5,27.966666666666665,1.0825806451612903,10.064362336114423,9420.0,0.0,0.0009554140127388535,0.0024416135881104033,0.1118895966029724,9.522954205599943,0.00010615711252653928,0.0,0.0,0.8784266984505363,0.0,0.0,8.0,8.0,0.0,7.0,2.0,0.0023837902264600714,16.0,9.0,116.0,0.012314225053078557,0.0,0.007159904534606206,0.0,0.07628128724672234,9.0,0.010727056019070322,0.00010615711252653928,30.0,0.9237187127532777,775.0,0.0023837902264600714,839.0
-0.1561415,0.0,1.1689919999999998,2112.0,-77.5851265,57.94444444444444,7.638888888888889,2.0676691729323307,6.014545454545455,2148.0,0.0,0.011638733705772812,0.006983240223463687,0.0111731843575419,6.475883638005319,0.0,18.0,0.06545454545454546,0.33090909090909093,0.0,0.0,18.0,24.0,0.0,18.0,0.0,0.0,36.0,13.0,172.0,0.08007448789571694,0.0,0.18613138686131386,0.08058608058608059,0.5163636363636364,0.0,0.0,0.0,36.0,0.48363636363636364,133.0,0.0,275.0
-0.099676,720.0,1.104813,1830.0,-71.766893,78.3913043478261,10.695652173913043,1.490909090909091,6.195121951219512,1846.0,0.0,0.004875406283856988,0.011375947995666305,0.004333694474539545,6.9764149962432445,0.0,11.0,0.044715447154471545,0.5487804878048781,0.0,0.0,8.0,0.0,0.0,11.0,0.0,0.0,16.0,9.0,53.0,0.028710725893824486,0.0,0.053061224489795916,0.01639344262295082,0.3292682926829268,0.0,0.0,0.0,23.0,0.6707317073170732,165.0,0.0,246.0
-0.248442,1173.0,1.282026,3254.0,-291.422264,67.20833333333333,9.229166666666666,1.7038461538461538,6.115124153498871,3304.0,0.0,0.0003026634382566586,0.012409200968523002,0.009382566585956417,7.580673043394766,0.0,22.0,0.04966139954853273,0.41309255079006774,0.0,0.0,24.0,0.0,0.0,22.0,0.0,0.0,50.0,14.0,90.0,0.027239709443099273,0.0,0.14479638009049775,0.06802721088435375,0.4130925507900677,1.0,0.002257336343115124,0.0,48.0,0.5869074492099323,260.0,0.0,443.0
-0.1561415,0.0,1.1689919999999998,3018.0,-77.5851265,83.16666666666667,12.444444444444445,2.3092783505154637,5.245535714285714,3081.0,0.0,0.006166828951639078,0.008114248620577734,0.008438818565400843,6.72506580214053,0.0,0.0,0.0,0.27232142857142855,1.0,0.002232142857142857,34.0,9.0,0.0,41.0,0.0,0.0,63.0,20.0,180.0,0.05842259006815969,0.0,0.19239373601789708,0.09192825112107623,0.5669642857142857,0.0,0.0,0.0,36.0,0.4330357142857143,194.0,0.0,448.0
-0.095453,367.0,1.100158,1656.0,-35.031426,60.111111111111114,8.666666666666666,1.7205882352941178,5.594017094017094,1676.0,0.0,0.0065632458233890216,0.014319809069212411,0.0065632458233890216,6.61713312989053,0.0,0.0,0.0,0.43162393162393164,2.0,0.008547008547008548,10.0,10.0,0.0,11.0,0.0,0.0,20.0,11.0,108.0,0.06443914081145585,0.0,0.0944206008583691,0.017241379310344827,0.41880341880341876,11.0,0.04700854700854701,0.0,27.0,0.5811965811965812,136.0,0.0,234.0
-0.331089,3072.0,1.392483,15708.0,-1017.104555,653.4166666666666,61.291666666666664,1.0721574344023324,9.578518014955812,15725.0,0.0,6.359300476947535e-05,0.0034976152623211448,0.0005723370429252783,10.336745746245086,6.359300476947535e-05,2.0,0.0013596193065941536,0.8993881713120326,3.0,0.0020394289598912306,8.0,8.0,0.0,14.0,4.0,0.002719238613188307,17.0,9.0,129.0,0.00820349761526232,0.0,0.004081632653061225,0.0,0.0673011556764106,7.0,0.004758667573079538,6.359300476947535e-05,24.0,0.9326988443235894,1372.0,0.0020394289598912306,1471.0
-0.1561415,0.0,1.1689919999999998,1879.0,-77.5851265,93.65,13.25,2.0229007633587788,5.490566037735849,1929.0,0.0,0.005702436495593572,0.01503369621565578,0.005702436495593572,6.486522585959163,0.0,16.0,0.06037735849056604,0.32452830188679244,0.0,0.0,20.0,10.0,0.0,16.0,0.0,0.0,50.0,21.0,120.0,0.06220839813374806,0.0,0.13636363636363635,0.06844106463878327,0.5056603773584906,0.0,0.0,0.0,20.0,0.49433962264150944,131.0,0.0,265.0
-0.127707,637.0,1.13622,1549.0,-81.349279,66.52173913043478,9.0,1.3184713375796178,6.178743961352657,1560.0,0.0,0.007051282051282051,0.015384615384615385,0.008333333333333333,7.015333351485097,0.0,10.0,0.04830917874396135,0.642512077294686,0.0,0.0,10.0,0.0,0.0,10.0,1.0,0.004830917874396135,11.0,2.0,64.0,0.041025641025641026,0.0,0.019417475728155338,0.0,0.24154589371980673,0.0,0.0,0.0,23.0,0.7584541062801933,157.0,0.0,207.0
-0.249251,902.0,1.283064,2425.0,-224.824551,82.6896551724138,10.241379310344827,1.5076142131979695,6.700336700336701,2441.0,0.0,0.00040966816878328555,0.01188037689471528,0.006964358869315854,7.297591471451016,0.0,8.0,0.026936026936026935,0.5117845117845118,0.0,0.0,13.0,13.0,0.0,9.0,1.0,0.003367003367003367,16.0,3.0,125.0,0.05120852109791069,0.0,0.0472972972972973,0.010169491525423728,0.3367003367003367,0.0,0.0,0.0,29.0,0.6632996632996633,197.0,0.0,297.0
-0.1561415,0.0,1.1689919999999998,3559.0,-77.5851265,55.682539682539684,7.9523809523809526,2.609375,5.786427145708583,3619.0,0.0,0.0024868748273003593,0.00801326333241227,0.01160541586073501,6.7033984690755615,0.0,0.0,0.0,0.2275449101796407,0.0,0.0,31.0,10.0,0.0,41.0,0.0,0.0,60.0,20.0,161.0,0.04448742746615087,0.0,0.226,0.08216432865731463,0.6167664670658682,0.0,0.0,0.0,63.0,0.38323353293413176,192.0,0.0,501.0
-0.103515,543.0,1.109063,2643.0,-56.20872,79.0,11.484848484848484,1.8398058252427185,5.722955145118734,2665.0,0.0,0.004127579737335835,0.01350844277673546,0.004127579737335835,7.127341417234717,0.0,0.0,0.0,0.3720316622691293,1.0,0.002638522427440633,10.0,0.0,0.0,23.0,0.0,0.0,22.0,12.0,91.0,0.03414634146341464,0.0,0.1111111111111111,0.03713527851458886,0.45646437994722955,5.0,0.013192612137203167,0.0,33.0,0.5435356200527705,206.0,0.005277044854881266,379.0
-0.40233,2283.0,1.495305,11641.0,-918.519379,894.8461538461538,59.92307692307692,1.025,13.878048780487806,11646.0,0.0,0.0003434655675768504,0.0012021294865189765,0.000429331959471063,9.55572998339907,0.0,0.0,0.0,0.9525032092426188,0.0,0.0,4.0,0.0,1.0,3.0,0.0,0.0,5.0,1.0,55.0,0.004722651554181693,0.0,0.0012853470437017994,0.0,0.024390243902439046,4.0,0.005134788189987163,0.0001717327837884252,13.0,0.975609756097561,760.0,0.0038510911424903724,779.0
-0.1561415,0.0,1.1689919999999998,1954.0,-77.5851265,284.42857142857144,31.285714285714285,1.7380952380952381,7.251141552511416,2004.0,0.0,0.0054890219560878245,0.0029940119760479044,0.0029940119760479044,6.523754862959501,0.0,13.0,0.0593607305936073,0.410958904109589,0.0,0.0,32.0,6.0,0.0,13.0,0.0,0.0,50.0,13.0,87.0,0.04341317365269461,0.001996007984031936,0.11009174311926606,0.03225806451612903,0.4246575342465754,0.0,0.0,0.0,7.0,0.5753424657534246,126.0,0.0,219.0
-0.102931,821.0,1.108415,2000.0,-84.506396,78.76,10.36,1.4715909090909092,6.45945945945946,2020.0,0.0,0.005445544554455445,0.011386138613861386,0.005445544554455445,7.1832655407781685,0.0,9.0,0.03474903474903475,0.5135135135135135,0.0,0.0,10.0,0.0,0.0,9.0,1.0,0.003861003861003861,20.0,11.0,60.0,0.0297029702970297,0.0,0.04263565891472868,0.0038910505836575876,0.3204633204633205,0.0,0.0,0.0,25.0,0.6795366795366795,176.0,0.003861003861003861,259.0
-0.089368,3072.0,1.093483,9592.0,-274.539612,93.54901960784314,11.137254901960784,4.834042553191489,6.587147887323944,9693.0,0.0,0.005261528938409161,0.01196739915402868,0.009594552770040236,6.061000738611508,0.0,23.0,0.020246478873239437,0.12323943661971831,0.0,0.0,102.0,0.0,0.0,126.0,14.0,0.01232394366197183,101.0,1.0,319.0,0.03291034767357887,0.0,0.6713656387665198,0.5961199294532628,0.7931338028169014,0.0,0.0,0.0,102.0,0.2068661971830986,235.0,0.0,1136.0
-0.1561415,0.0,1.1689919999999998,3125.0,-77.5851265,81.92105263157895,11.421052631578947,2.2487046632124352,5.65668202764977,3175.0,0.0,0.008503937007874015,0.008503937007874015,0.007874015748031496,6.921883774837614,0.0,0.0,0.0,0.2695852534562212,0.0,0.0,30.0,24.0,0.0,24.0,0.0,0.0,50.0,14.0,215.0,0.06771653543307087,0.00031496062992125983,0.15935334872979215,0.05787037037037037,0.5552995391705069,18.0,0.041474654377880185,0.0,38.0,0.4447004608294931,193.0,0.0,434.0
-0.165,469.0,1.179393,2340.0,-77.384827,82.35714285714286,11.75,1.5893719806763285,5.878419452887538,2360.0,0.0,0.004661016949152543,0.01228813559322034,0.004661016949152543,7.300054622648606,0.0,0.0,0.0,0.46200607902735563,0.0,0.0,10.0,0.0,0.0,15.0,0.0,0.0,20.0,11.0,77.0,0.032627118644067796,0.0,0.042682926829268296,0.009174311926605505,0.3708206686930091,8.0,0.0243161094224924,0.0,28.0,0.6291793313069909,207.0,0.0,329.0
-0.429832,3072.0,1.537,16004.0,-1320.444641,761.3333333333334,87.76190476190476,1.0336511497476164,7.646228974498101,16010.0,0.0,0.00024984384759525296,0.0019987507807620237,0.0003123048094940662,10.769276065061279,0.0,1.0,0.0005425935973955507,0.9462832338578405,2.0,0.0010851871947911015,3.0,0.0,0.0,6.0,1.0,0.0005425935973955507,6.0,4.0,70.0,0.004372267332916927,0.0,0.0010857763300760044,0.0,0.03255561584373301,9.0,0.0048833423765599565,6.246096189881324e-05,21.0,0.967444384156267,1783.0,0.0010851871947911015,1843.0
-0.1561415,0.0,1.1689919999999998,2306.0,-77.5851265,64.97142857142858,8.457142857142857,1.7011494252873562,6.364864864864865,2326.0,0.0,0.005159071367153913,0.012037833190025795,0.004729148753224419,7.089871677549452,0.0,13.0,0.04391891891891892,0.3783783783783784,0.0,0.0,14.0,10.0,0.0,13.0,1.0,0.0033783783783783786,20.0,5.0,119.0,0.05116079105760963,0.0008598452278589854,0.10847457627118644,0.05782312925170068,0.41216216216216217,0.0,0.0,0.0,35.0,0.5878378378378378,174.0,0.0,296.0
-0.116721,756.0,1.123806,1877.0,-88.241379,71.3076923076923,9.538461538461538,1.4761904761904763,6.338709677419355,1888.0,0.0,0.005826271186440678,0.01059322033898305,0.005826271186440678,7.132069006155938,0.0,6.0,0.024193548387096774,0.5120967741935484,0.0,0.0,10.0,0.0,0.0,8.0,3.0,0.012096774193548387,11.0,2.0,57.0,0.030190677966101694,0.0,0.06477732793522267,0.02032520325203252,0.32258064516129037,0.0,0.0,0.0,26.0,0.6774193548387096,168.0,0.0,248.0
-0.06783,3072.0,1.070184,7003.0,-208.374398,332.57142857142856,27.80952380952381,3.627329192546584,10.672945205479452,7016.0,0.0,0.00014253135689851768,0.020381984036488027,0.15094070695553022,4.774557466373126,0.0,2.0,0.003424657534246575,0.2054794520547945,0.0,0.0,10.0,0.0,0.0,116.0,5.0,0.008561643835616438,13.0,3.0,176.0,0.02508551881413911,0.0,0.6260720411663808,0.5927835051546392,0.7243150684931507,0.0,0.0,0.0,21.0,0.2756849315068493,161.0,0.003424657534246575,584.0
-0.1561415,0.0,1.1689919999999998,3349.0,-77.5851265,162.14285714285714,24.904761904761905,2.5388349514563107,4.760994263862333,3425.0,0.0,0.00583941605839416,0.01167883211678832,0.0070072992700729924,6.941511784280133,0.0,0.0,0.0,0.22179732313575526,0.0,0.0,59.0,26.0,0.0,37.0,0.0,0.0,76.0,12.0,257.0,0.07503649635036497,0.0,0.2567049808429119,0.15163147792706333,0.6061185468451242,7.0,0.01338432122370937,0.0,21.0,0.3938814531548757,206.0,0.0,523.0
-0.130492,554.0,1.139389,2275.0,-72.292714,68.53125,10.4375,1.67,5.149700598802395,2313.0,0.0,0.0034587116299178555,0.010808473843493299,0.0034587116299178555,7.187689899522171,0.00043233895373973193,0.0,0.0,0.4281437125748503,0.0,0.0,30.0,6.0,0.0,17.0,0.0,0.0,38.0,8.0,126.0,0.054474708171206226,0.0,0.07207207207207207,0.012048192771084338,0.4011976047904192,0.0,0.0,0.0,32.0,0.5988023952095808,200.0,0.0,334.0
-0.384482,2099.0,1.468853,11369.0,-807.027635,874.0769230769231,104.38461538461539,1.0172413793103448,7.34340456890199,11371.0,0.0,0.0001758860258552458,0.0007035441034209832,0.0004397150646381145,10.37063782597413,8.79430129276229e-05,1.0,0.0007369196757553427,0.9683124539425203,5.0,0.0036845983787767134,0.0,0.0,0.0,3.0,2.0,0.0014738393515106854,3.0,2.0,48.0,0.0042212646205258995,8.79430129276229e-05,0.0,0.0,0.016949152542372836,4.0,0.0029476787030213707,8.79430129276229e-05,13.0,0.9830508474576272,1334.0,0.0,1357.0
-0.1561415,0.0,1.1689919999999998,2117.0,-77.5851265,67.51612903225806,9.483870967741936,2.0,5.653061224489796,2145.0,0.0,0.008857808857808859,0.010722610722610723,0.008391608391608392,6.729109096100282,0.0004662004662004662,15.0,0.05102040816326531,0.3197278911564626,0.0,0.0,14.0,18.0,0.0,15.0,0.0,0.0,28.0,10.0,153.0,0.07132867132867132,0.0,0.14334470989761092,0.06506849315068493,0.5,0.0,0.0,0.0,31.0,0.5,147.0,0.0,294.0
-0.133773,763.0,1.143133,1765.0,-102.068447,68.6,8.76,1.4038461538461537,6.287671232876712,1790.0,0.0,0.0067039106145251395,0.013966480446927373,0.002793296089385475,7.0957769025041975,0.0,5.0,0.0228310502283105,0.5205479452054794,0.0,0.0,20.0,5.0,0.0,5.0,2.0,0.0091324200913242,25.0,6.0,107.0,0.05977653631284916,0.0,0.0963302752293578,0.06451612903225806,0.28767123287671237,0.0,0.0,0.0,25.0,0.7123287671232876,156.0,0.0,219.0
-0.055079,3072.0,1.056624,8500.0,-169.203833,113.89189189189189,16.635135135135137,9.186567164179104,5.7067424857839155,8524.0,0.0,0.00011731581417175035,0.01959174096668231,0.0038714218676677617,5.512541885623631,0.0,50.0,0.04061738424045491,0.07148659626320066,0.0,0.0,21.0,0.0,0.0,70.0,47.0,0.038180341186027617,24.0,3.0,243.0,0.028507742843735334,0.0,0.8398373983739837,0.8112286411716843,0.8911454102355808,0.0,0.0,0.0,74.0,0.10885458976441917,134.0,0.0,1231.0
-0.1561415,0.0,1.1689919999999998,3226.0,-77.5851265,60.0377358490566,9.81132075471698,2.3318385650224216,4.665384615384616,3271.0,0.0,0.009782940996637114,0.013757260776520942,0.009171507184347295,7.056499572179741,0.0,0.0,0.0,0.25576923076923075,0.0,0.0,25.0,31.0,0.0,28.0,0.0,0.0,45.0,14.0,283.0,0.08651788443900947,0.0,0.21579961464354527,0.10810810810810811,0.5711538461538461,17.0,0.032692307692307694,0.0,53.0,0.4288461538461538,223.0,0.0,520.0
-0.070815,674.0,1.073382,2773.0,-47.728978,68.1,11.325,1.9113924050632911,4.7593818984547465,2801.0,0.0,0.005355230274901821,0.013566583363084613,0.006783291681542306,7.3313446288128326,0.0,0.0,0.0,0.35320088300220753,1.0,0.002207505518763797,14.0,14.0,0.0,22.0,1.0,0.002207505518763797,28.0,15.0,160.0,0.057122456265619424,0.0,0.07964601769911504,0.022172949002217297,0.4768211920529801,21.0,0.046357615894039736,0.0,40.0,0.5231788079470199,237.0,0.0,453.0
-0.372195,1768.0,1.450916,7980.0,-658.041497,332.1666666666667,23.333333333333332,1.1336032388663968,13.014285714285714,8005.0,0.0,0.00037476577139287947,0.0023735165521549034,0.002623360399750156,8.849559440312655,0.00024984384759525296,1.0,0.0017857142857142857,0.8035714285714286,3.0,0.005357142857142857,5.0,4.0,0.0,7.0,0.0,0.0,25.0,8.0,120.0,0.014990630855715179,0.0,0.012522361359570662,0.0035842293906810036,0.11785714285714288,3.0,0.005357142857142857,0.00012492192379762648,24.0,0.8821428571428571,494.0,0.0035714285714285713,560.0
-0.1561415,0.0,1.1689919999999998,2048.0,-77.5851265,72.53571428571429,10.642857142857142,2.547008547008547,5.271812080536913,2099.0,0.0,0.004287756074321105,0.011434016198189614,0.00857551214864221,6.298171014247741,0.0,4.0,0.013422818791946308,0.21476510067114093,0.0,0.0,25.0,8.0,0.0,14.0,0.0,0.0,51.0,18.0,143.0,0.06812767984754645,0.0,0.3602693602693603,0.27364864864864863,0.6073825503355705,0.0,0.0,0.0,28.0,0.3926174496644295,117.0,0.0,298.0
-0.144923,1076.0,1.155951,2575.0,-155.937514,68.37837837837837,9.675675675675675,1.5701754385964912,5.949720670391062,2599.0,0.0,0.005001923816852636,0.010003847633705272,0.005771450557906887,7.3778946119164575,0.0,17.0,0.04748603351955307,0.49162011173184356,0.0,0.0,12.0,0.0,0.0,17.0,2.0,0.00558659217877095,24.0,13.0,76.0,0.029242016160061564,0.0,0.08403361344537816,0.025280898876404494,0.36312849162011174,1.0,0.002793296089385475,0.0,37.0,0.6368715083798883,228.0,0.0,358.0
-0.059547,3072.0,1.061355,7348.0,-182.927433,243.43333333333334,33.266666666666666,6.160493827160494,6.183366733466934,7380.0,0.0,0.0014905149051490515,0.0023035230352303525,0.0014905149051490515,2.18063715273689,0.0,8.0,0.008016032064128256,0.13927855711422846,0.0,0.0,23.0,8.0,0.0,795.0,0.0,0.0,32.0,9.0,112.0,0.015176151761517615,0.0,0.8054162487462387,0.7971887550200804,0.8376753507014028,0.0,0.0,0.0,30.0,0.1623246492985972,162.0,0.0,998.0
-0.1561415,0.0,1.1689919999999998,2728.0,-77.5851265,73.13513513513513,11.027027027027026,2.1473684210526316,5.198529411764706,2766.0,0.0,0.006869125090383225,0.007953723788864787,0.01012292118582791,6.696388145277597,0.0,0.0,0.0,0.3137254901960784,1.0,0.0024509803921568627,21.0,22.0,0.0,35.0,0.0,0.0,38.0,12.0,201.0,0.07266811279826464,0.0,0.1547911547911548,0.04187192118226601,0.5343137254901961,2.0,0.004901960784313725,0.0,37.0,0.46568627450980393,190.0,0.0,408.0
-0.120429,602.0,1.12798,2990.0,-72.497985,84.2,12.257142857142858,1.7091633466135459,5.75058275058275,3014.0,0.0,0.0043132050431320505,0.009953550099535502,0.00564034505640345,7.262056834027322,0.0,0.0,0.0,0.46153846153846156,0.0,0.0,12.0,0.0,0.0,30.0,0.0,0.0,24.0,13.0,87.0,0.02886529528865295,0.0,0.08644859813084112,0.0117096018735363,0.41491841491841497,1.0,0.002331002331002331,0.0,35.0,0.585081585081585,251.0,0.004662004662004662,429.0
-0.317971,3072.0,1.374336,13718.0,-976.806691,721.2631578947369,83.84210526315789,1.0698455339153794,7.58254865034526,13723.0,0.0,7.287036362311447e-05,0.0005100925453618014,0.023027034904904174,10.49291172136527,7.287036362311447e-05,5.0,0.003138731952291274,0.8826114249843063,4.0,0.0025109855618330196,4.0,0.0,0.0,6.0,3.0,0.0018832391713747645,5.0,2.0,50.0,0.0036435181811557238,0.0,0.0,0.0,0.06528562460765852,2.0,0.0012554927809165098,7.287036362311447e-05,19.0,0.9347143753923415,1489.0,0.004394224733207784,1593.0
-0.1561415,0.0,1.1689919999999998,1682.0,-77.5851265,99.88235294117646,11.882352941176471,1.5905511811023623,6.628712871287129,1727.0,0.0,0.006369426751592357,0.006948465547191662,0.004053271569195136,6.533011453899377,0.0,4.0,0.019801980198019802,0.5,0.0,0.0,24.0,7.0,0.0,15.0,0.0,0.0,45.0,15.0,95.0,0.05500868558193399,0.0,0.0845771144278607,0.025,0.3712871287128713,0.0,0.0,0.0,17.0,0.6287128712871287,127.0,0.0,202.0
-0.114174,791.0,1.120947,1983.0,-90.311851,81.45833333333333,11.083333333333334,1.5113636363636365,6.090225563909774,1999.0,0.0,0.004502251125562781,0.01150575287643822,0.00400200100050025,7.106129229210878,0.0,5.0,0.018796992481203006,0.5075187969924813,0.0,0.0,8.0,8.0,0.0,12.0,2.0,0.007518796992481203,16.0,9.0,90.0,0.04502251125562781,0.0,0.07924528301886792,0.015151515151515152,0.33834586466165417,0.0,0.0,0.0,24.0,0.6616541353383458,176.0,0.0,266.0
-0.167169,3072.0,1.181954,13577.0,-513.542784,797.9411764705883,61.64705882352941,1.028459273797841,11.928435114503817,13582.0,0.0,7.362685907819172e-05,0.00044176115446915035,0.0007362685907819172,9.972569530630182,0.0,2.0,0.0019083969465648854,0.9513358778625954,1.0,0.0009541984732824427,4.0,0.0,0.0,4.0,0.0,0.0,5.0,2.0,32.0,0.002356059490502135,0.0,0.0,0.0,0.027671755725190872,3.0,0.0028625954198473282,7.362685907819172e-05,17.0,0.9723282442748091,1019.0,0.0,1048.0
-0.1561415,0.0,1.1689919999999998,3470.0,-77.5851265,51.878787878787875,7.363636363636363,2.0948275862068964,5.555555555555555,3520.0,0.0,0.008806818181818181,0.011931818181818182,0.009375,7.099353233680751,0.0,0.0,0.0,0.32098765432098764,0.0,0.0,27.0,31.0,0.0,27.0,0.0,0.0,50.0,16.0,286.0,0.08125,0.0,0.10927835051546392,0.02066115702479339,0.522633744855967,2.0,0.00411522633744856,0.0,66.0,0.4773662551440329,232.0,0.00205761316872428,486.0
-0.106686,506.0,1.112585,2306.0,-53.983081,64.65714285714286,9.685714285714285,1.7564766839378239,5.398230088495575,2330.0,0.0,0.005579399141630901,0.01201716738197425,0.006437768240343348,7.022137166631697,0.0,0.0,0.0,0.4336283185840708,4.0,0.011799410029498525,12.0,12.0,0.0,21.0,0.0,0.0,24.0,13.0,131.0,0.056223175965665236,0.0,0.07988165680473373,0.01483679525222552,0.43067846607669613,5.0,0.014749262536873156,0.0,35.0,0.5693215339233039,193.0,0.0,339.0
-0.188722,320.0,1.207706,1602.0,-60.39118,88.0,11.944444444444445,1.1813186813186813,6.195348837209302,1614.0,0.0,0.0030978934324659233,0.004337050805452293,0.0024783147459727386,7.373293505709796,0.0,0.0,0.0,0.7581395348837209,1.0,0.004651162790697674,4.0,4.0,0.0,5.0,0.0,0.0,12.0,5.0,50.0,0.030978934324659233,0.0,0.004672897196261682,0.0,0.15348837209302324,1.0,0.004651162790697674,0.0,18.0,0.8465116279069768,182.0,0.0,215.0
-0.1561415,0.0,1.1689919999999998,2028.0,-77.5851265,52.578947368421055,6.7631578947368425,1.822695035460993,6.182879377431907,2062.0,0.0,0.011154219204655674,0.00921435499515034,0.011639185257032008,6.75516304778219,0.0,6.0,0.023346303501945526,0.3657587548638132,0.0,0.0,17.0,22.0,0.0,10.0,1.0,0.0038910505836575876,34.0,12.0,172.0,0.08341416100872939,0.0,0.08984375,0.011764705882352941,0.4513618677042801,0.0,0.0,0.0,38.0,0.5486381322957199,141.0,0.0,257.0
-0.115696,635.0,1.122654,1578.0,-73.466665,51.7,7.166666666666667,1.3109756097560976,6.088372093023255,1591.0,0.0,0.0006285355122564425,0.010685103708359522,0.009428032683846637,7.088916885511687,0.0,11.0,0.05116279069767442,0.6558139534883721,0.0,0.0,12.0,0.0,0.0,11.0,1.0,0.004651162790697674,13.0,2.0,53.0,0.03331238214959145,0.0,0.028037383177570093,0.004694835680751174,0.23720930232558135,0.0,0.0,0.0,30.0,0.7627906976744186,164.0,0.0,215.0
-0.207138,1098.0,1.230153,3003.0,-227.437857,118.92,15.92,2.041025641025641,6.1708542713567835,3025.0,0.0,0.00033057851239669424,0.016859504132231404,0.0036363636363636364,6.934166934841948,0.0,3.0,0.007537688442211055,0.34673366834170855,0.0,0.0,10.0,10.0,0.0,29.0,0.0,0.0,22.0,12.0,129.0,0.042644628099173555,0.0,0.2972292191435768,0.21212121212121213,0.5100502512562815,0.0,0.0,0.0,25.0,0.4899497487437186,195.0,0.0,398.0
-0.1561415,0.0,1.1689919999999998,3180.0,-77.5851265,65.47916666666667,9.645833333333334,2.6763005780346822,5.291576673866091,3232.0,0.0,0.009282178217821782,0.005878712871287129,0.012685643564356437,6.553201057210714,0.0,0.0,0.0,0.2159827213822894,0.0,0.0,28.0,31.0,0.0,35.0,0.0,0.0,52.0,17.0,255.0,0.07889851485148515,0.0,0.22943722943722944,0.09978308026030369,0.6263498920086393,0.0,0.0,0.0,48.0,0.37365010799136067,173.0,0.0,463.0
-0.115496,590.0,1.12243,2583.0,-68.142399,74.0,11.0,1.755868544600939,5.387700534759358,2625.0,0.0,0.004571428571428572,0.009142857142857144,0.004952380952380952,7.117337811967985,0.0,0.0,0.0,0.42513368983957217,0.0,0.0,32.0,0.0,0.0,25.0,1.0,0.00267379679144385,42.0,11.0,100.0,0.0380952380952381,0.0,0.10455764075067024,0.024193548387096774,0.43048128342245995,1.0,0.00267379679144385,0.0,34.0,0.56951871657754,213.0,0.0,374.0
-0.335505,3072.0,1.398647,14102.0,-1030.67212,306.2173913043478,25.456521739130434,1.1368932038834951,10.782237403928267,14139.0,1.0,0.0004950845179998585,0.002192517151142231,0.0009194426762854516,9.872235493728903,7.072635971426551e-05,9.0,0.007685738684884714,0.82066609735269,1.0,0.0008539709649871904,13.0,5.0,2.0,9.0,3.0,0.0025619128949615714,37.0,7.0,302.0,0.021359360633708184,0.00014145271942853102,0.005982905982905983,0.001710863986313088,0.1204099060631939,7.0,0.005977796754910333,0.0002121790791427965,46.0,0.8795900939368061,1030.0,0.0017079419299743809,1171.0
-0.1561415,0.0,1.1689919999999998,1948.0,-77.5851265,84.0,10.08695652173913,1.856,6.741379310344827,1995.0,0.0,0.005513784461152882,0.009523809523809525,0.0035087719298245615,6.529931508343245,0.0,12.0,0.05172413793103448,0.3577586206896552,0.0,0.0,24.0,7.0,0.0,12.0,0.0,0.0,47.0,16.0,105.0,0.05263157894736842,0.0,0.11255411255411256,0.034782608695652174,0.4612068965517241,0.0,0.0,0.0,23.0,0.5387931034482759,125.0,0.0,232.0
-0.086834,956.0,1.090715,2419.0,-83.012907,306.375,38.25,3.0,6.281045751633987,2458.0,0.0,0.013425549227013833,0.0008136696501220504,0.00854353132628153,5.961700239514956,0.0,22.0,0.0718954248366013,0.16339869281045752,0.0,0.0,32.0,0.0,0.0,22.0,0.0,0.0,39.0,8.0,83.0,0.03376729048006509,0.0,0.3901639344262295,0.24671052631578946,0.6666666666666667,0.0,0.0,0.0,8.0,0.3333333333333333,102.0,0.0,306.0
-0.141283,1098.0,1.151751,2814.0,-155.12885,66.3170731707317,7.634146341463414,2.484126984126984,7.220447284345048,2865.0,0.0,0.004188481675392671,0.010820244328097731,0.004188481675392671,5.9640746650298,0.0,3.0,0.009584664536741214,0.3003194888178914,0.0,0.0,38.0,0.0,0.0,18.0,0.0,0.0,51.0,12.0,115.0,0.04013961605584642,0.0,0.42628205128205127,0.37942122186495175,0.597444089456869,0.0,0.0,0.0,41.0,0.402555910543131,126.0,0.0,313.0
-0.1561415,0.0,1.1689919999999998,2753.0,-77.5851265,85.4375,13.5,2.261780104712042,5.05787037037037,2772.0,0.0,0.005772005772005772,0.007575757575757576,0.0025252525252525255,6.791016279615353,0.0,0.0,0.0,0.2847222222222222,0.0,0.0,13.0,10.0,0.0,31.0,0.0,0.0,19.0,5.0,131.0,0.047258297258297256,0.0,0.22273781902552203,0.12093023255813953,0.5578703703703703,0.0,0.0,0.0,32.0,0.44212962962962965,191.0,0.0,432.0
-0.136517,503.0,1.146275,2449.0,-68.668157,80.43333333333334,11.933333333333334,1.584070796460177,5.650837988826815,2469.0,0.0,0.0044552450384771165,0.007290400972053463,0.0044552450384771165,7.242349431180223,0.0,0.0,0.0,0.5139664804469274,2.0,0.00558659217877095,10.0,0.0,0.0,17.0,0.0,0.0,20.0,11.0,64.0,0.025921425678412314,0.0,0.0784313725490196,0.016853932584269662,0.36871508379888274,1.0,0.002793296089385475,0.0,30.0,0.6312849162011173,226.0,0.0,358.0
-0.272489,834.0,1.313229,4180.0,-227.255637,115.05555555555556,15.277777777777779,1.1802575107296138,6.376363636363636,4200.0,0.0,0.002380952380952381,0.0054761904761904765,0.002380952380952381,8.71581581502874,0.0002380952380952381,0.0,0.0,0.7581818181818182,3.0,0.005454545454545455,8.0,9.0,0.0,10.0,2.0,0.0036363636363636364,20.0,11.0,121.0,0.02880952380952381,0.0,0.007285974499089253,0.0018248175182481751,0.1527272727272727,2.0,0.0036363636363636364,0.0002380952380952381,36.0,0.8472727272727273,466.0,0.0,550.0
-0.1561415,0.0,1.1689919999999998,1741.0,-77.5851265,63.25925925925926,8.518518518518519,1.6083916083916083,6.1521739130434785,1762.0,0.0,0.0056753688989784334,0.0056753688989784334,0.004540295119182747,6.784958136709863,0.0,14.0,0.06086956521739131,0.4391304347826087,0.0,0.0,11.0,8.0,0.0,14.0,0.0,0.0,21.0,10.0,82.0,0.046538024971623154,0.00170261066969353,0.10480349344978165,0.03508771929824561,0.37826086956521743,0.0,0.0,0.0,27.0,0.6217391304347826,143.0,0.0,230.0
-0.109591,564.0,1.115821,1433.0,-61.809268,74.3157894736842,10.052631578947368,1.3450704225352113,6.2565445026178015,1447.0,0.0,0.0055286800276434,0.010366275051831375,0.0048375950241879755,6.9235343097656905,0.0,8.0,0.041884816753926704,0.612565445026178,0.0,0.0,7.0,0.0,0.0,8.0,0.0,0.0,14.0,8.0,42.0,0.02902557014512785,0.0,0.042105263157894736,0.010582010582010581,0.25654450261780104,0.0,0.0,0.0,19.0,0.743455497382199,142.0,0.0,191.0
-0.245026,726.0,1.277654,1989.0,-177.888698,102.73684210526316,12.631578947368421,1.4723926380368098,6.820833333333334,2013.0,0.0,0.0004967709885742673,0.013412816691505217,0.0024838549428713363,7.08533006257904,0.0,8.0,0.03333333333333333,0.5166666666666667,0.0,0.0,17.0,0.0,0.0,8.0,1.0,0.004166666666666667,24.0,7.0,59.0,0.029309488325881768,0.0,0.07112970711297072,0.01680672268907563,0.3208333333333333,0.0,0.0,0.0,19.0,0.6791666666666667,163.0,0.0,240.0
-0.1561415,0.0,1.1689919999999998,2941.0,-77.5851265,78.75675675675676,11.837837837837839,2.2233502538071064,5.242009132420091,2977.0,0.0,0.006718172657037286,0.009741350352704065,0.0050386294927779645,6.8251476185348245,0.0,0.0,0.0,0.2968036529680365,0.0,0.0,19.0,25.0,0.0,32.0,2.0,0.0045662100456621,36.0,12.0,205.0,0.06886126973463218,0.0,0.14187643020594964,0.034403669724770644,0.5502283105022832,1.0,0.00228310502283105,0.0,37.0,0.4497716894977169,197.0,0.0,438.0
-0.101721,466.0,1.107074,2187.0,-47.401768,74.20689655172414,10.758620689655173,1.6774193548387097,5.660256410256411,2207.0,0.0,0.004984141368373357,0.007249660172179429,0.004984141368373357,6.971758606812243,0.0,0.0,0.0,0.4551282051282051,2.0,0.00641025641025641,10.0,10.0,0.0,20.0,1.0,0.003205128205128205,20.0,11.0,109.0,0.049388309922972363,0.0,0.07395498392282958,0.016129032258064516,0.40384615384615385,1.0,0.003205128205128205,0.0,29.0,0.5961538461538461,186.0,0.00641025641025641,312.0
-0.409059,1053.0,1.5054,5986.0,-430.738864,427.0,48.142857142857146,1.0196671709531013,7.820474777448071,5990.0,0.0,0.000333889816360601,0.0011686143572621035,0.0005008347245409015,9.35578909126446,0.0001669449081803005,0.0,0.0,0.9643916913946587,0.0,0.0,3.0,0.0,0.0,3.0,1.0,0.001483679525222552,4.0,2.0,41.0,0.006844741235392321,0.0,0.0014858841010401188,0.0,0.01928783382789323,0.0,0.0,0.0001669449081803005,14.0,0.9807121661721068,661.0,0.0,674.0
-0.1561415,0.0,1.1689919999999998,1864.0,-77.5851265,73.88,9.16,1.6474820143884892,6.563318777292577,1903.0,0.0,0.004729374671571204,0.006305832895428271,0.004203888596952181,6.588465879060536,0.0,15.0,0.06550218340611354,0.4759825327510917,0.0,0.0,19.0,6.0,0.0,15.0,0.0,0.0,39.0,14.0,97.0,0.05097214923804519,0.0,0.10526315789473684,0.04405286343612335,0.39301310043668125,0.0,0.0,0.0,25.0,0.6069868995633187,139.0,0.0,229.0
-0.136791,999.0,1.146588,2459.0,-136.654198,78.16129032258064,10.548387096774194,1.4405286343612336,6.281345565749236,2479.0,0.0,0.004437273093989512,0.011294876966518758,0.004437273093989512,7.47346280083584,0.0,13.0,0.039755351681957186,0.5657492354740061,0.0,0.0,10.0,0.0,0.0,13.0,3.0,0.009174311926605505,20.0,11.0,70.0,0.028237192416296894,0.0,0.027607361963190184,0.0,0.3058103975535168,0.0,0.0,0.0,31.0,0.6941896024464832,227.0,0.0,327.0
-0.297964,354.0,1.347113,1011.0,-105.479083,71.42857142857143,9.928571428571429,1.3365384615384615,6.028776978417266,1019.0,0.0,0.007850834151128557,0.011776251226692836,0.0068694798822374874,6.457974864227628,0.0,4.0,0.02877697841726619,0.6258992805755396,0.0,0.0,7.0,0.0,0.0,8.0,1.0,0.007194244604316547,8.0,2.0,34.0,0.033366045142296366,0.0,0.06521739130434782,0.029197080291970802,0.2517985611510791,0.0,0.0,0.0,14.0,0.7482014388489209,104.0,0.0,139.0
-0.1561415,0.0,1.1689919999999998,2912.0,-77.5851265,71.525,11.0,2.0276497695852536,5.279545454545454,2942.0,0.0,0.004758667573079538,0.007817811012916384,0.005098572399728076,7.001008251333651,0.0,0.0,0.0,0.32954545454545453,1.0,0.0022727272727272726,16.0,12.0,0.0,28.0,4.0,0.00909090909090909,30.0,14.0,138.0,0.0469068660774983,0.0013596193065941536,0.1275626423690205,0.0547945205479452,0.5068181818181818,7.0,0.015909090909090907,0.0,40.0,0.49318181818181817,217.0,0.0,440.0
-0.098692,480.0,1.103726,2248.0,-47.372085,71.3225806451613,11.03225806451613,1.7185929648241205,5.266081871345029,2268.0,0.0,0.0048500881834215165,0.006172839506172839,0.0048500881834215165,7.151786901869882,0.0,0.0,0.0,0.41812865497076024,0.0,0.0,10.0,10.0,0.0,17.0,3.0,0.008771929824561403,20.0,11.0,104.0,0.04585537918871252,0.0,0.05278592375366569,0.011764705882352941,0.41812865497076024,7.0,0.02046783625730994,0.0,31.0,0.5818713450292398,199.0,0.0,342.0
-0.342823,3072.0,1.40892,15410.0,-1053.153148,394.02564102564105,35.46153846153846,1.0967486122125298,10.024584237165582,15430.0,0.0,0.0007777057679844458,0.0012313674659753726,0.0009721322099805574,10.185621950194964,6.480881399870383e-05,2.0,0.0014461315979754157,0.866232827187274,2.0,0.0014461315979754157,9.0,8.0,0.0,14.0,2.0,0.0014461315979754157,20.0,11.0,163.0,0.010563836681788723,0.0,0.002170767004341534,0.0,0.08821402747650031,4.0,0.0028922631959508315,6.480881399870383e-05,39.0,0.9117859725234997,1261.0,0.0007230657989877079,1383.0
-0.1561415,0.0,1.1689919999999998,2612.0,-77.5851265,105.12,12.52,1.7584269662921348,6.741214057507987,2658.0,0.0,0.0071482317531978935,0.006395786305492852,0.004138449962377728,7.01290022843958,0.0,10.0,0.03194888178913738,0.40894568690095845,0.0,0.0,36.0,10.0,0.0,12.0,1.0,0.003194888178913738,46.0,11.0,128.0,0.04815650865312265,0.0,0.13141025641025642,0.03215434083601286,0.4313099041533547,0.0,0.0,0.0,25.0,0.5686900958466453,178.0,0.0,313.0
-0.112139,679.0,1.118668,1729.0,-76.142198,71.16666666666667,10.25,1.455621301775148,5.817073170731708,1737.0,0.0,0.004605641911341394,0.011514104778353483,0.004029936672423719,7.04624006314095,0.0,13.0,0.052845528455284556,0.5609756097560976,0.0,0.0,7.0,0.0,0.0,13.0,1.0,0.0040650406504065045,8.0,2.0,52.0,0.029936672423719057,0.0,0.0653061224489796,0.020491803278688523,0.3130081300813008,0.0,0.0,0.0,24.0,0.6869918699186992,169.0,0.0,246.0
-0.273655,857.0,1.314761,2409.0,-234.52206,99.125,12.916666666666666,1.4553990610328638,6.393548387096774,2431.0,0.0,0.004524886877828055,0.015220074043603456,0.0049362402303578775,7.402627087850006,0.0,10.0,0.03225806451612903,0.5516129032258065,0.0,0.0,9.0,9.0,0.0,10.0,3.0,0.00967741935483871,22.0,12.0,108.0,0.0444261620732209,0.0,0.08090614886731391,0.03571428571428571,0.3129032258064516,0.0,0.0,0.0,24.0,0.6870967741935484,213.0,0.0,310.0
-0.1561415,0.0,1.1689919999999998,3111.0,-77.5851265,69.86363636363636,11.181818181818182,2.484848484848485,4.920731707317073,3145.0,0.0,0.007631160572337043,0.005723370429252782,0.019077901430842606,7.030317605248009,0.0003179650238473768,0.0,0.0,0.21544715447154472,0.0,0.0,20.0,24.0,0.0,25.0,0.0,0.0,34.0,10.0,205.0,0.06518282988871224,0.0,0.23014256619144602,0.12857142857142856,0.5975609756097561,11.0,0.022357723577235773,0.0,44.0,0.4024390243902439,198.0,0.0040650406504065045,492.0
-0.13984,531.0,1.15009,2162.0,-74.254977,64.96969696969697,10.575757575757576,1.8465608465608465,5.02865329512894,2182.0,0.0,0.00229147571035747,0.005041246562786435,0.021081576535288724,7.025035994936323,0.0,0.0,0.0,0.3839541547277937,0.0,0.0,0.0,0.0,0.0,15.0,0.0,0.0,20.0,5.0,68.0,0.031164069660861594,0.0,0.1235632183908046,0.06628242074927954,0.4584527220630372,4.0,0.011461318051575931,0.0,33.0,0.5415472779369628,189.0,0.0,349.0
-0.279605,3072.0,1.322608,14659.0,-858.947968,732.45,65.55,1.0306603773584906,10.0976353928299,14664.0,0.0,0.0004773595199127114,0.0010229132569558102,0.0004773595199127114,10.289999326835972,0.00013638843426077467,2.0,0.0015255530129672007,0.9473684210526315,3.0,0.002288329519450801,0.0,0.0,0.0,5.0,2.0,0.0015255530129672007,5.0,3.0,108.0,0.007364975450081833,0.0,0.0,0.0,0.029748283752860427,3.0,0.002288329519450801,6.819421713038734e-05,20.0,0.9702517162471396,1272.0,0.0007627765064836003,1311.0
-0.1561415,0.0,1.1689919999999998,3145.0,-77.5851265,34.95505617977528,5.606741573033708,2.612565445026178,4.717434869739479,3235.0,0.0,0.00927357032457496,0.013910355486862442,0.04605873261205564,6.9230516075769994,0.0,11.0,0.022044088176352707,0.20641282565130262,0.0,0.0,79.0,3.0,0.0,20.0,2.0,0.004008016032064128,90.0,8.0,214.0,0.06615146831530139,0.0012364760432766616,0.2570281124497992,0.1267605633802817,0.6172344689378757,0.0,0.0,0.0,89.0,0.38276553106212424,191.0,0.0,499.0
-0.06789,674.0,1.070248,1948.0,-45.757932,64.03333333333333,10.133333333333333,2.512396694214876,5.197368421052632,1959.0,0.0,0.005615109749872384,0.01174068402246044,0.03624298111281266,6.439798749966527,0.0,12.0,0.039473684210526314,0.19736842105263158,0.0,0.0,10.0,0.0,0.0,13.0,0.0,0.0,11.0,2.0,77.0,0.039305768249106685,0.0,0.42244224422442245,0.36423841059602646,0.6019736842105263,0.0,0.0,0.0,30.0,0.3980263157894737,121.0,0.0,304.0
-0.160971,1888.0,1.174651,4781.0,-303.913759,119.55,16.575,2.5113636363636362,5.868778280542986,4850.0,0.0,0.0035051546391752578,0.01134020618556701,0.003711340206185567,7.080427854572988,0.0,8.0,0.012066365007541479,0.27601809954751133,0.0,0.0,50.0,0.0,0.0,25.0,1.0,0.0015082956259426848,69.0,10.0,186.0,0.038350515463917524,0.0,0.40483383685800606,0.3207261724659607,0.6018099547511313,0.0,0.0,0.0,40.0,0.39819004524886875,264.0,0.0,663.0
-0.1561415,0.0,1.1689919999999998,3319.0,-77.5851265,72.95555555555555,11.022222222222222,2.2044444444444444,5.237903225806452,3353.0,0.0,0.007157769161944528,0.0131225767968983,0.012526096033402923,7.090257974659244,0.0,0.0,0.0,0.28830645161290325,0.0,0.0,20.0,24.0,0.0,29.0,0.0,0.0,34.0,10.0,231.0,0.06889352818371608,0.0,0.13333333333333333,0.0465587044534413,0.5463709677419355,14.0,0.028225806451612902,0.00029824038174768865,45.0,0.4536290322580645,225.0,0.004032258064516129,496.0
-0.087629,535.0,1.091583,2136.0,-46.881634,71.65517241379311,11.172413793103448,1.8514285714285714,5.08641975308642,2165.0,0.0,0.003233256351039261,0.006466512702078522,0.011547344110854504,7.015793139158027,0.0,0.0,0.0,0.3549382716049383,2.0,0.006172839506172839,23.0,6.0,0.0,12.0,0.0,0.0,29.0,7.0,99.0,0.045727482678983834,0.0,0.07739938080495357,0.027950310559006212,0.4598765432098766,9.0,0.027777777777777776,0.0,29.0,0.5401234567901234,175.0,0.0,324.0
-0.394625,3072.0,1.483828,15212.0,-1212.288895,523.5172413793103,52.03448275862069,1.0611814345991561,8.971504307488402,15247.0,0.0,0.0009182134190332524,0.0009182134190332524,0.0010493867646094314,10.409739106159442,6.558667278808946e-05,1.0,0.0006626905235255136,0.9118621603711067,1.0,0.0006626905235255136,12.0,6.0,7.0,10.0,0.0,0.0,35.0,14.0,140.0,0.009182134190332524,0.0,0.0033156498673740055,0.0,0.05765407554671964,3.0,0.0019880715705765406,0.00013117334557617892,29.0,0.9423459244532804,1422.0,0.0006626905235255136,1509.0
-0.1561415,0.0,1.1689919999999998,2026.0,-77.5851265,88.1304347826087,12.434782608695652,1.7023809523809523,5.611888111888112,2052.0,0.0,0.00682261208576998,0.009746588693957114,0.009259259259259259,7.0091180247975196,0.0,4.0,0.013986013986013986,0.3951048951048951,0.0,0.0,23.0,8.0,0.0,13.0,2.0,0.006993006993006993,26.0,3.0,106.0,0.05165692007797271,0.0009746588693957114,0.1368421052631579,0.0528169014084507,0.4125874125874126,1.0,0.0034965034965034965,0.0,23.0,0.5874125874125874,168.0,0.0,286.0
-0.0818,602.0,1.085239,1321.0,-49.243708,49.92307692307692,7.0,1.6697247706422018,5.884615384615385,1332.0,0.0,0.008258258258258258,0.014264264264264264,0.033783783783783786,6.4202703795984855,0.0,6.0,0.03296703296703297,0.41208791208791207,0.0,0.0,10.0,0.0,0.0,10.0,0.0,0.0,11.0,2.0,78.0,0.05855855855855856,0.0,0.16574585635359115,0.1111111111111111,0.4010989010989011,0.0,0.0,0.0,26.0,0.5989010989010989,109.0,0.0,182.0
-0.220439,788.0,1.246624,2118.0,-173.706253,91.26086956521739,11.956521739130435,1.4175257731958764,6.414545454545454,2132.0,0.0,0.005159474671669793,0.016416510318949345,0.003283302063789869,7.2979961616317715,0.0,5.0,0.01818181818181818,0.5745454545454546,0.0,0.0,9.0,0.0,0.0,9.0,0.0,0.0,14.0,4.0,75.0,0.03517823639774859,0.0,0.058394160583941604,0.018315018315018316,0.29454545454545455,0.0,0.0,0.0,23.0,0.7054545454545454,194.0,0.0,275.0
-0.111369,579.0,1.117807,2712.0,-64.482543,74.13888888888889,11.305555555555555,1.7850877192982457,5.326781326781327,2736.0,0.0,0.004751461988304093,0.009137426900584795,0.005482456140350877,7.196609178467671,0.0,0.0,0.0,0.41277641277641275,4.0,0.009828009828009828,12.0,12.0,0.0,27.0,1.0,0.002457002457002457,24.0,13.0,130.0,0.04751461988304093,0.0,0.10098522167487685,0.024691358024691357,0.43980343980343983,2.0,0.004914004914004914,0.0,36.0,0.5601965601965602,228.0,0.0,407.0
-0.252755,3072.0,1.287568,13786.0,-776.464021,809.7647058823529,101.23529411764706,1.1420039814200398,6.94596165020337,13791.0,0.0,0.00014502211587267058,0.0007976216372996882,0.0013051990428540352,9.950747324619087,0.0,0.0,0.0,0.8570598489250436,2.0,0.0011621150493898896,5.0,0.0,0.0,172.0,2.0,0.0011621150493898896,10.0,3.0,296.0,0.021463273149155245,0.0,0.09941860465116278,0.0983129726585224,0.12434631028471821,3.0,0.0017431725740848344,7.251105793633529e-05,17.0,0.8756536897152818,1507.0,0.007553747821034283,1721.0
-0.1561415,0.0,1.1689919999999998,2253.0,-77.5851265,97.8695652173913,12.826086956521738,1.9407894736842106,6.016949152542373,2313.0,0.0,0.005188067444876783,0.011673151750972763,0.004755728491137051,6.6978272182545115,0.0,9.0,0.030508474576271188,0.3694915254237288,0.0,0.0,28.0,10.0,0.0,12.0,1.0,0.003389830508474576,60.0,22.0,130.0,0.056204063986165155,0.0,0.13945578231292516,0.051194539249146756,0.4847457627118644,0.0,0.0,0.0,23.0,0.5152542372881356,152.0,0.010169491525423728,295.0
-0.123951,543.0,1.13196,1344.0,-67.305281,52.88,7.72,1.3591549295774648,5.725388601036269,1356.0,0.0,0.0007374631268436578,0.01327433628318584,0.009587020648967551,6.881574345682393,0.0,8.0,0.04145077720207254,0.6113989637305699,0.0,0.0,11.0,0.0,0.0,8.0,1.0,0.0051813471502590676,12.0,2.0,46.0,0.03392330383480826,0.0,0.046875,0.010471204188481676,0.2642487046632125,0.0,0.0,0.0,25.0,0.7357512953367875,142.0,0.025906735751295335,193.0
-0.304136,2605.0,1.355453,12934.0,-792.273983,2157.3333333333335,231.66666666666666,1.0506424792139077,8.248920863309353,12947.0,0.0,0.000308951880744574,0.0023943770757704486,0.001235807522978296,10.330945435582475,0.0,1.0,0.0007194244604316547,0.9158273381294963,1.0,0.0007194244604316547,1.0,0.0,2.0,6.0,0.0,0.0,13.0,3.0,67.0,0.005174944002471615,0.0,0.0,0.0,0.04820143884892081,3.0,0.002158273381294964,7.72379701861435e-05,6.0,0.9517985611510792,1323.0,0.007913669064748202,1390.0
-0.1561415,0.0,1.1689919999999998,3817.0,-77.5851265,75.54,11.38,2.563063063063063,5.272407732864675,3864.0,0.0,0.008281573498964804,0.007246376811594203,0.008022774327122154,7.02022153875691,0.0,0.0,0.0,0.21968365553602812,1.0,0.0017574692442882249,24.0,31.0,0.0,33.0,0.0,0.0,47.0,16.0,244.0,0.06314699792960662,0.0,0.18309859154929578,0.05291005291005291,0.609841827768014,8.0,0.014059753954305799,0.0,50.0,0.39015817223198596,222.0,0.0,569.0
-0.13855,448.0,1.148607,1918.0,-62.070214,64.27586206896552,9.551724137931034,1.582857142857143,5.404332129963899,1950.0,0.0,0.0041025641025641026,0.004615384615384616,0.0035897435897435897,6.9894850911382616,0.0,0.0,0.0,0.5090252707581228,0.0,0.0,25.0,0.0,0.0,13.0,0.0,0.0,32.0,8.0,72.0,0.036923076923076927,0.0,0.057971014492753624,0.0036363636363636364,0.36823104693140796,0.0,0.0,0.0,29.0,0.631768953068592,175.0,0.0036101083032490976,277.0
-0.316309,1974.0,1.372054,10496.0,-624.393727,307.6470588235294,37.088235294117645,1.0695504664970314,7.12609040444092,10507.0,0.0,0.0010469211002189017,0.0019034929094889123,0.0020938422004378033,10.132610257812223,9.51746454744456e-05,4.0,0.0031720856463124504,0.8961141950832673,4.0,0.0031720856463124504,6.0,6.0,0.0,12.0,1.0,0.0007930214115781126,22.0,9.0,145.0,0.013800323593794614,0.0,0.004761904761904762,0.0,0.06502775574940522,2.0,0.0015860428231562252,9.51746454744456e-05,34.0,0.9349722442505948,1179.0,0.0031720856463124504,1261.0
-0.1561415,0.0,1.1689919999999998,2195.0,-77.5851265,63.85294117647059,8.441176470588236,1.771604938271605,6.090592334494773,2216.0,0.0,0.0058664259927797835,0.00947653429602888,0.006768953068592058,6.924713167991776,0.0,20.0,0.06968641114982578,0.36585365853658536,0.0,0.0,18.0,8.0,0.0,20.0,1.0,0.003484320557491289,21.0,3.0,140.0,0.0631768953068592,0.0013537906137184115,0.11538461538461539,0.042105263157894736,0.4355400696864111,1.0,0.003484320557491289,0.0,34.0,0.5644599303135889,162.0,0.0,287.0
-0.129242,502.0,1.137966,1215.0,-64.879603,49.791666666666664,6.875,1.3095238095238095,6.012121212121212,1226.0,0.0,0.0016313213703099511,0.013866231647634585,0.00897226753670473,6.750409166334057,0.0,4.0,0.024242424242424242,0.6484848484848484,0.0,0.0,10.0,0.0,0.0,7.0,1.0,0.006060606060606061,11.0,2.0,61.0,0.049755301794453505,0.0,0.018292682926829267,0.0,0.23636363636363633,0.0,0.0,0.0,24.0,0.7636363636363637,126.0,0.0,165.0
-0.245495,955.0,1.278253,2729.0,-234.447354,100.03703703703704,13.148148148148149,1.714975845410628,6.43943661971831,2745.0,0.0,0.0025500910746812386,0.012021857923497269,0.0018214936247723133,7.287722415456979,0.0,6.0,0.016901408450704224,0.4225352112676056,0.0,0.0,8.0,0.0,0.0,13.0,1.0,0.0028169014084507044,16.0,5.0,85.0,0.030965391621129327,0.0,0.11864406779661017,0.053824362606232294,0.4169014084507042,0.0,0.0,0.0,27.0,0.5830985915492958,207.0,0.0,355.0
-0.133805,637.0,1.14317,2968.0,-85.234055,83.48571428571428,12.571428571428571,2.0,5.3931818181818185,2998.0,0.0,0.00533689126084056,0.01000667111407605,0.007004669779853236,6.970925026317353,0.0,0.0,0.0,0.36818181818181817,0.0,0.0,15.0,15.0,0.0,35.0,0.0,0.0,30.0,16.0,144.0,0.04803202134756504,0.0,0.1480637813211845,0.05707762557077625,0.5,0.0,0.0,0.0,35.0,0.5,220.0,0.0,440.0
-0.376217,2459.0,1.456763,13283.0,-925.116622,698.2631578947369,76.21052631578948,1.017568517217147,8.149861878453038,13288.0,0.0,0.0004515352197471403,0.00037627934978928356,0.0004515352197471403,10.459509994848007,7.525586995785671e-05,1.0,0.0006906077348066298,0.9696132596685083,1.0,0.0006906077348066298,6.0,0.0,0.0,7.0,2.0,0.0013812154696132596,5.0,1.0,39.0,0.0029349789283564117,0.0,0.00138217000691085,0.0006915629322268327,0.017265193370165743,2.0,0.0013812154696132596,7.525586995785671e-05,19.0,0.9827348066298343,1423.0,0.0006906077348066298,1448.0
-0.1561415,0.0,1.1689919999999998,2157.0,-77.5851265,76.5,10.392857142857142,2.4049586776859506,5.814432989690721,2212.0,0.0,0.006329113924050633,0.004972875226039783,0.005877034358047016,6.318184289256318,0.0,18.0,0.061855670103092786,0.23024054982817868,0.0,0.0,27.0,10.0,0.0,18.0,0.0,0.0,55.0,19.0,134.0,0.06057866184448463,0.0018083182640144665,0.296551724137931,0.1903114186851211,0.5841924398625429,0.0,0.0,0.0,28.0,0.41580756013745707,121.0,0.003436426116838488,291.0
-0.133248,734.0,1.142533,1875.0,-97.803805,53.1764705882353,6.4411764705882355,1.5642857142857143,6.707762557077626,1917.0,0.0,0.005738132498695879,0.008868022952529996,0.005738132498695879,6.789573021107112,0.0,9.0,0.0410958904109589,0.4703196347031963,0.0,0.0,32.0,0.0,0.0,10.0,0.0,0.0,42.0,11.0,88.0,0.04590505998956703,0.0,0.11009174311926606,0.06451612903225806,0.36073059360730597,0.0,0.0,0.0,34.0,0.639269406392694,140.0,0.0,219.0
-0.264774,442.0,1.303136,1227.0,-117.030032,60.4,8.5,1.3821138211382114,5.947058823529412,1236.0,0.0,0.008090614886731391,0.013754045307443365,0.00889967637540453,6.6910783835585566,0.0,6.0,0.03529411764705882,0.5882352941176471,0.0,0.0,10.0,0.0,0.0,6.0,2.0,0.011764705882352941,9.0,1.0,47.0,0.03802588996763754,0.0,0.04142011834319527,0.005952380952380952,0.27647058823529413,0.0,0.0,0.0,20.0,0.7235294117647059,123.0,0.0,170.0
-0.153201,503.0,1.165559,2367.0,-77.060187,77.7,11.833333333333334,1.792929292929293,5.473239436619719,2387.0,0.0,0.004608294930875576,0.007121910347716799,0.004608294930875576,6.9072847215290265,0.0,0.0,0.0,0.4225352112676056,0.0,0.0,10.0,0.0,0.0,35.0,0.0,0.0,20.0,11.0,68.0,0.028487641390867197,0.0,0.12429378531073447,0.05099150141643059,0.44225352112676053,3.0,0.008450704225352112,0.0,30.0,0.5577464788732395,198.0,0.0,355.0
-0.303584,2051.0,1.354705,10475.0,-622.650402,336.9032258064516,31.838709677419356,1.0846153846153845,9.504559270516717,10492.0,0.0,0.0009531071292413268,0.0014296606938619901,0.0010484178421654594,9.758567555700642,9.531071292413267e-05,0.0,0.0,0.8693009118541033,2.0,0.002026342451874367,9.0,9.0,0.0,8.0,1.0,0.0010131712259371835,17.0,9.0,111.0,0.010579489134578726,0.0,0.008113590263691683,0.0,0.07801418439716312,2.0,0.002026342451874367,9.531071292413267e-05,31.0,0.9219858156028369,910.0,0.0,987.0
-0.086262,696.0,1.090092,1891.0,-60.038535,89.14285714285714,12.571428571428571,1.6708860759493671,5.867424242424242,1904.0,0.0,0.005777310924369748,0.011029411764705883,0.005777310924369748,6.654180843195055,0.0,9.0,0.03409090909090909,0.48863636363636365,0.0,0.0,10.0,0.0,0.0,19.0,1.0,0.003787878787878788,13.0,3.0,84.0,0.04411764705882353,0.0,0.20532319391634982,0.14122137404580154,0.4015151515151515,0.0,0.0,0.0,21.0,0.5984848484848485,158.0,0.011363636363636364,264.0
-0.247718,454.0,1.281098,1293.0,-112.463806,79.75,10.6875,1.5267857142857142,6.350877192982456,1304.0,0.0,0.0007668711656441718,0.011503067484662576,0.003834355828220859,6.52210302199833,0.0,2.0,0.011695906432748537,0.4619883040935672,0.0,0.0,5.0,0.0,0.0,11.0,0.0,0.0,11.0,4.0,34.0,0.02607361963190184,0.0,0.10588235294117647,0.047337278106508875,0.3450292397660819,0.0,0.0,0.0,16.0,0.6549707602339181,112.0,0.0,171.0
-0.101207,649.0,1.106505,2548.0,-65.68302,43.06896551724138,7.172413793103448,2.0594059405940595,4.822115384615385,2605.0,0.0,0.006142034548944338,0.003838771593090211,0.017658349328214973,6.968420230131997,0.0,0.0,0.0,0.3317307692307692,0.0,0.0,27.0,0.0,0.0,22.0,0.0,0.0,57.0,16.0,114.0,0.04376199616122841,0.0,0.12048192771084337,0.04106280193236715,0.5144230769230769,15.0,0.036057692307692304,0.0,58.0,0.4855769230769231,202.0,0.0,416.0
-0.381208,3072.0,1.464053,15495.0,-1171.072254,1290.4166666666667,133.5,1.0436482084690555,8.634831460674157,15502.0,0.0,0.00019352341633337633,0.00045155463811121145,0.0009031092762224229,10.551529850935882,6.450780544445878e-05,1.0,0.0006242197253433209,0.9269662921348315,2.0,0.0012484394506866417,3.0,3.0,0.0,6.0,1.0,0.0006242197253433209,7.0,4.0,50.0,0.003225390272222939,0.0,0.0012492192379762648,0.0,0.04182272159800249,5.0,0.003121098626716604,6.450780544445878e-05,12.0,0.9581772784019975,1535.0,0.01373283395755306,1602.0
-0.1561415,0.0,1.1689919999999998,2552.0,-77.5851265,62.8,8.9,2.991596638655462,5.547752808988764,2604.0,0.0,0.0049923195084485405,0.011136712749615975,0.011904761904761904,6.299722948509162,0.0,15.0,0.042134831460674156,0.1797752808988764,0.0,0.0,38.0,12.0,0.0,22.0,1.0,0.0028089887640449437,52.0,10.0,166.0,0.06374807987711213,0.0,0.5380281690140845,0.4887005649717514,0.6657303370786517,5.0,0.014044943820224719,0.0,40.0,0.3342696629213483,119.0,0.0,356.0
-0.142535,1018.0,1.153193,2484.0,-145.100255,72.26470588235294,9.735294117647058,1.7150259067357514,6.009063444108762,2506.0,0.0,0.007581803671189146,0.014365522745411013,0.007182761372705506,7.189994534617186,0.0,15.0,0.045317220543806644,0.38368580060422963,0.0,0.0,16.0,18.0,0.0,15.0,1.0,0.0030211480362537764,22.0,5.0,161.0,0.06424581005586592,0.0,0.10606060606060606,0.04559270516717325,0.4169184290030211,0.0,0.0,0.0,34.0,0.5830815709969789,193.0,0.0,331.0
-0.23362,739.0,1.263164,1816.0,-172.644836,1863.0,218.0,1.676923076923077,6.509174311926605,1863.0,0.0,0.013955984970477724,0.001610305958132045,0.023617820719269995,6.715592480820375,0.0,6.0,0.027522935779816515,0.3853211009174312,0.0,0.0,27.0,0.0,0.0,8.0,0.0,0.0,47.0,11.0,75.0,0.040257648953301126,0.0,0.15668202764976957,0.09722222222222222,0.4036697247706422,0.0,0.0,0.0,1.0,0.5963302752293578,130.0,0.0045871559633027525,218.0
-0.090439,425.0,1.094654,1618.0,-38.436386,62.2,10.36,1.8111888111888113,4.67953667953668,1638.0,0.0,0.0115995115995116,0.007326007326007326,0.018925518925518924,6.685778668315687,0.0,0.0,0.0,0.3667953667953668,1.0,0.003861003861003861,18.0,2.0,0.0,18.0,0.0,0.0,20.0,3.0,92.0,0.05616605616605617,0.0,0.08914728682170543,0.027237354085603113,0.44787644787644787,7.0,0.02702702702702703,0.0,25.0,0.5521235521235521,143.0,0.0,259.0
-0.314601,3072.0,1.369712,14828.0,-966.452912,643.9565217391304,71.34782608695652,1.1193724420190996,7.991468616697136,14837.0,0.0,0.0006065916290355193,0.0008087888387140257,0.0009435869784996967,10.431709229933537,6.739906989283548e-05,1.0,0.0006093845216331506,0.8098720292504571,2.0,0.001218769043266301,6.0,5.0,0.0,13.0,2.0,0.001218769043266301,9.0,2.0,77.0,0.005189728381748332,0.0,0.007317073170731708,0.0006101281269066504,0.10664229128580138,3.0,0.0018281535648994515,6.739906989283548e-05,23.0,0.8933577087141986,1466.0,0.006703229737964655,1641.0
-0.151448,895.0,1.163518,2200.0,-135.546046,74.65517241379311,10.068965517241379,1.4527363184079602,6.154109589041096,2220.0,0.0,0.004954954954954955,0.00990990990990991,0.004954954954954955,7.248173072899752,0.0,18.0,0.06164383561643835,0.571917808219178,0.0,0.0,10.0,10.0,0.0,18.0,1.0,0.003424657534246575,20.0,11.0,102.0,0.04594594594594595,0.0,0.054982817869415807,0.017241379310344827,0.3116438356164384,0.0,0.0,0.0,29.0,0.6883561643835616,201.0,0.0,292.0
-0.29161,751.0,1.338581,1981.0,-218.999136,81.70833333333333,11.25,1.588235294117647,5.948148148148148,1997.0,0.0,0.006009013520280421,0.011016524787180772,0.006009013520280421,7.08579555276074,0.0,4.0,0.014814814814814815,0.46296296296296297,0.0,0.0,9.0,10.0,0.0,9.0,6.0,0.022222222222222223,16.0,5.0,104.0,0.05207811717576365,0.0,0.1412639405204461,0.07835820895522388,0.37037037037037035,0.0,0.0,0.000500751126690035,24.0,0.6296296296296297,170.0,0.0,270.0
-0.1561415,0.0,1.1689919999999998,3168.0,-77.5851265,82.84210526315789,12.157894736842104,2.298507462686567,5.441558441558442,3214.0,0.0,0.005289359054138146,0.008400746733042938,0.0031113876789047915,6.92480455400156,0.0,0.0,0.0,0.27705627705627706,0.0,0.0,26.0,6.0,0.0,38.0,0.0,0.0,46.0,14.0,160.0,0.049782202862476664,0.0021779713752333543,0.21258134490238612,0.10217391304347827,0.564935064935065,2.0,0.004329004329004329,0.0,38.0,0.43506493506493504,201.0,0.008658008658008658,462.0
-0.144255,509.0,1.155179,2466.0,-73.425882,83.86206896551724,12.620689655172415,1.7102803738317758,5.557377049180328,2484.0,0.0,0.004025764895330112,0.00644122383252818,0.004428341384863124,7.211071513633245,0.0,0.0,0.0,0.4426229508196721,1.0,0.00273224043715847,9.0,0.0,0.0,19.0,0.0,0.0,18.0,10.0,64.0,0.02576489533011272,0.0,0.0958904109589041,0.019230769230769232,0.41530054644808745,13.0,0.03551912568306011,0.0,29.0,0.5846994535519126,214.0,0.00273224043715847,366.0
-0.399516,3072.0,1.491103,13872.0,-1227.313594,729.0,35.578947368421055,1.0747217806041336,19.440828402366865,13882.0,0.0,0.0005042501080535945,0.0005042501080535945,0.0005042501080535945,9.24960034973412,7.203572972194209e-05,2.0,0.0029585798816568047,0.8742603550295858,3.0,0.004437869822485207,7.0,0.0,0.0,4.0,2.0,0.0029585798816568047,10.0,5.0,53.0,0.0038178936752629304,7.203572972194209e-05,0.0044444444444444444,0.0,0.06952662721893488,3.0,0.004437869822485207,7.203572972194209e-05,19.0,0.9304733727810651,629.0,0.0014792899408284023,676.0
-0.115312,686.0,1.122223,1683.0,-79.103905,171.7,18.9,1.4210526315789473,6.857142857142857,1726.0,0.0,0.004055619930475087,0.002317497103128621,0.0034762456546929316,6.669243742745457,0.0,1.0,0.005291005291005291,0.5873015873015873,0.0,0.0,37.0,0.0,0.0,13.0,0.0,0.0,43.0,7.0,72.0,0.04171494785631518,0.0,0.06914893617021277,0.0106951871657754,0.2962962962962963,0.0,0.0,0.0,10.0,0.7037037037037037,133.0,0.010582010582010581,189.0
-0.226256,527.0,1.253897,1357.0,-119.236862,70.52631578947368,10.0,1.7431192660550459,5.815789473684211,1369.0,0.0,0.0007304601899196494,0.016800584368151936,0.006574141709276844,6.2379977292705755,0.0,1.0,0.005263157894736842,0.4421052631578947,0.0,0.0,9.0,0.0,0.0,9.0,0.0,0.0,12.0,3.0,53.0,0.03871439006574142,0.0,0.26455026455026454,0.18617021276595744,0.4263157894736842,0.0,0.0,0.0,19.0,0.5736842105263158,109.0,0.0,190.0
-0.126894,332.0,1.135296,1523.0,-42.128707,79.0,11.894736842105264,1.6258992805755397,5.429203539823009,1537.0,0.0,0.00520494469746259,0.004554326610279766,0.004554326610279766,6.638046374599006,0.0,0.0,0.0,0.4823008849557522,1.0,0.004424778761061947,7.0,7.0,0.0,15.0,0.0,0.0,14.0,8.0,65.0,0.04229017566688354,0.0,0.05333333333333334,0.017857142857142856,0.3849557522123894,6.0,0.02654867256637168,0.0,19.0,0.6150442477876106,139.0,0.0,226.0
-0.187777,813.0,1.206564,3936.0,-152.662596,102.39473684210526,13.710526315789474,1.2960199004975124,6.272552783109405,3960.0,0.0,0.0030303030303030303,0.007828282828282828,0.0035353535353535356,8.342012048370638,0.0,0.0,0.0,0.6641074856046065,4.0,0.007677543186180422,11.0,11.0,0.0,16.0,2.0,0.003838771593090211,24.0,13.0,144.0,0.03636363636363636,0.0,0.009615384615384616,0.0,0.22840690978886757,3.0,0.005758157389635317,0.0002525252525252525,38.0,0.7715930902111324,402.0,0.007677543186180422,521.0
-0.147512,658.0,1.158948,1653.0,-97.063181,77.9047619047619,10.380952380952381,1.3974358974358974,6.293577981651376,1662.0,0.0,0.005415162454873646,0.01865222623345367,0.0048134777376654635,6.976810444524535,0.0,10.0,0.045871559633027525,0.5963302752293578,0.0,0.0,8.0,0.0,0.0,10.0,0.0,0.0,9.0,2.0,63.0,0.03790613718411552,0.0,0.03686635944700461,0.009259259259259259,0.2844036697247706,0.0,0.0,0.0,21.0,0.7155963302752294,156.0,0.01834862385321101,218.0
-0.175281,816.0,1.191581,2118.0,-143.029113,91.17391304347827,11.695652173913043,1.5459770114942528,6.5315985130111525,2131.0,0.0,0.005161895823557016,0.017362740497419052,0.005161895823557016,6.999678140114831,0.0,17.0,0.06319702602230483,0.5241635687732342,0.0,0.0,10.0,0.0,0.0,16.0,0.0,0.0,13.0,3.0,81.0,0.038010323791647115,0.0,0.08582089552238806,0.026217228464419477,0.35315985130111527,0.0,0.0,0.0,23.0,0.6468401486988847,174.0,0.0,269.0
-0.1561415,0.0,1.1689919999999998,3306.0,-77.5851265,52.806451612903224,7.725806451612903,2.481865284974093,5.375782881002087,3352.0,0.0,0.00954653937947494,0.009248210023866348,0.017303102625298328,6.642338103126114,0.0,0.0,0.0,0.2546972860125261,0.0,0.0,5.0,27.0,0.0,48.0,0.0,0.0,46.0,16.0,273.0,0.08144391408114558,0.0,0.20292887029288703,0.07756813417190776,0.5970772442588727,0.0,0.0,0.0,62.0,0.40292275574112735,193.0,0.0,479.0
-0.076135,586.0,1.079108,2494.0,-44.615169,48.28,7.04,2.0114285714285716,5.525568181818182,2552.0,0.0,0.00039184952978056425,0.007836990595611285,0.0035266457680250786,6.726852338378679,0.0,0.0,0.0,0.3693181818181818,0.0,0.0,9.0,9.0,0.0,23.0,0.0,0.0,58.0,30.0,109.0,0.042711598746081506,0.0,0.15669515669515668,0.04285714285714286,0.5028409090909092,12.0,0.03409090909090909,0.0,50.0,0.4971590909090909,175.0,0.005681818181818182,352.0
-0.325003,3072.0,1.384035,15533.0,-998.40856,574.2222222222222,63.48148148148148,1.070580886945659,7.994165694282381,15547.0,0.0,0.0007075319997427157,0.0016080272721425354,0.0005788898179713128,10.575819272766049,6.432109088570143e-05,4.0,0.002333722287047841,0.8943990665110851,1.0,0.0005834305717619603,7.0,7.0,0.0,9.0,0.0,0.0,14.0,8.0,111.0,0.007139641088312857,6.432109088570143e-05,0.008172796263864565,0.0011682242990654205,0.06592765460910155,8.0,0.004667444574095682,6.432109088570143e-05,27.0,0.9340723453908985,1601.0,0.0011668611435239206,1714.0
-0.125872,590.0,1.134138,1401.0,-74.264774,29.95744680851064,4.1063829787234045,1.8557692307692308,5.746113989637306,1436.0,0.0,0.0006963788300835655,0.002785515320334262,0.032729805013927575,6.2330732691289175,0.0,10.0,0.05181347150259067,0.3626943005181347,0.0,0.0,10.0,0.0,0.0,10.0,0.0,0.0,35.0,8.0,57.0,0.03969359331476323,0.0,0.078125,0.020942408376963352,0.46113989637305697,0.0,0.0,0.0,47.0,0.538860103626943,104.0,0.0,193.0
-0.310107,241.0,1.363571,593.0,-74.735746,46.38461538461539,6.230769230769231,1.1911764705882353,5.925925925925926,615.0,0.0,0.0016260162601626016,0.0032520325203252032,0.01788617886178862,5.9508404349299715,0.0,6.0,0.07407407407407407,0.7283950617283951,0.0,0.0,10.0,0.0,0.0,6.0,0.0,0.0,22.0,12.0,16.0,0.026016260162601626,0.0,0.0,0.0,0.16049382716049387,0.0,0.0,0.0,13.0,0.8395061728395061,68.0,0.0,81.0
-0.09992,431.0,1.105083,2030.0,-43.0657,76.92307692307692,11.73076923076923,1.7630057803468209,5.337704918032787,2046.0,0.0,0.004398826979472141,0.008308895405669599,0.0039100684261974585,6.8530772500341985,0.0,0.0,0.0,0.419672131147541,1.0,0.003278688524590164,8.0,8.0,0.0,17.0,0.0,0.0,16.0,9.0,92.0,0.044965786901270774,0.0,0.09210526315789473,0.0165016501650165,0.4327868852459016,18.0,0.05901639344262295,0.0,26.0,0.5672131147540984,173.0,0.0,305.0
-0.326361,1045.0,1.385916,5322.0,-341.047724,294.6666666666667,37.44444444444444,1.1158940397350994,6.801186943620178,5332.0,0.0,0.00018754688672168043,0.003188297074268567,0.0009377344336084021,9.112570374010398,0.00018754688672168043,1.0,0.001483679525222552,0.8486646884272997,3.0,0.004451038575667656,5.0,2.0,0.0,9.0,2.0,0.002967359050445104,10.0,6.0,57.0,0.010690172543135784,0.0,0.005943536404160475,0.0,0.10385756676557867,9.0,0.013353115727002967,0.00018754688672168043,18.0,0.8961424332344213,604.0,0.0,674.0
-0.136832,588.0,1.146636,1468.0,-80.457445,72.25,9.75,1.3928571428571428,6.292307692307692,1482.0,0.0,0.005398110661268556,0.005398110661268556,0.004723346828609987,6.826417847211994,0.0,9.0,0.046153846153846156,0.5897435897435898,0.0,0.0,7.0,0.0,0.0,9.0,0.0,0.0,14.0,8.0,40.0,0.02699055330634278,0.0,0.03608247422680412,0.0,0.28205128205128205,0.0,0.0,0.0,20.0,0.717948717948718,140.0,0.010256410256410256,195.0
-0.153772,725.0,1.166225,2106.0,-111.484573,130.625,17.375,2.122137404580153,6.237410071942446,2124.0,0.0,0.0009416195856873823,0.014124293785310734,0.0023540489642184556,6.59215079562033,0.0,3.0,0.01079136690647482,0.29856115107913667,0.0,0.0,8.0,0.0,0.0,13.0,0.0,0.0,18.0,8.0,80.0,0.03766478342749529,0.0,0.36823104693140796,0.30434782608695654,0.5287769784172662,0.0,0.0,0.0,16.0,0.4712230215827338,131.0,0.025179856115107913,278.0
-0.1561415,0.0,1.1689919999999998,3587.0,-77.5851265,54.0,7.712121212121212,2.7513513513513512,5.571709233791749,3653.0,0.0,0.0071174377224199285,0.006296194908294552,0.012592389816589104,6.695390897738515,0.0,3.0,0.005893909626719057,0.20039292730844793,0.0,0.0,9.0,21.0,0.0,32.0,0.0,0.0,66.0,26.0,235.0,0.06433068710648782,0.0,0.22244094488188976,0.09270216962524655,0.6365422396856582,1.0,0.0019646365422396855,0.0,66.0,0.36345776031434185,185.0,0.009823182711198428,509.0
-0.111038,439.0,1.117437,2022.0,-48.745511,66.33333333333333,9.666666666666666,1.5934065934065933,5.575862068965518,2042.0,0.0,0.0053868756121449556,0.010773751224289911,0.0053868756121449556,6.944376442044159,0.0,0.0,0.0,0.4827586206896552,1.0,0.0034482758620689655,10.0,10.0,0.0,30.0,1.0,0.0034482758620689655,20.0,11.0,110.0,0.05386875612144956,0.0,0.07958477508650519,0.013888888888888888,0.37241379310344824,0.0,0.0,0.0,30.0,0.6275862068965518,182.0,0.006896551724137931,290.0
-0.241782,2456.0,1.273517,10319.0,-593.817481,321.46875,40.96875,1.4127155172413792,6.788710907704043,10336.0,0.0,0.0008707430340557275,0.001644736842105263,0.0009674922600619195,9.41626450538721,0.0,3.0,0.002288329519450801,0.5758962623951183,5.0,0.0038138825324180014,8.0,7.0,0.0,26.0,2.0,0.0015255530129672007,17.0,9.0,107.0,0.010352167182662539,0.0,0.13282442748091602,0.12299465240641712,0.29214340198321886,4.0,0.0030511060259344014,9.674922600619196e-05,32.0,0.7078565980167811,928.0,0.0007627765064836003,1311.0
-0.097911,972.0,1.102865,2471.0,-95.169792,97.68,13.0,1.5853658536585367,6.270769230769231,2487.0,0.0,0.0036188178528347406,0.013268998793727383,0.003216726980297547,7.288969275980207,0.0,12.0,0.036923076923076927,0.47384615384615386,0.0,0.0,8.0,8.0,0.0,12.0,0.0,0.0,16.0,9.0,101.0,0.04061117812625653,0.0,0.09876543209876543,0.04024767801857585,0.36923076923076925,0.0,0.0,0.0,25.0,0.6307692307692307,205.0,0.0,325.0
-0.220532,520.0,1.24674,1608.0,-114.676755,145.27272727272728,18.09090909090909,1.4014084507042253,6.884422110552764,1615.0,0.0,0.002476780185758514,0.013622291021671827,0.002476780185758514,6.893130917135601,0.0,10.0,0.05025125628140704,0.5628140703517588,0.0,0.0,3.0,0.0,0.0,9.0,0.0,0.0,7.0,4.0,38.0,0.023529411764705882,0.0,0.0707070707070707,0.02030456852791878,0.2864321608040201,0.0,0.0,0.0,11.0,0.7135678391959799,142.0,0.010050251256281407,199.0
-0.110764,480.0,1.117131,2186.0,-53.16662,61.22857142857143,9.2,1.7037037037037037,5.394409937888199,2210.0,0.0,0.0058823529411764705,0.008144796380090498,0.006787330316742082,7.049329849891944,0.0,0.0,0.0,0.4192546583850932,4.0,0.012422360248447204,12.0,12.0,0.0,25.0,1.0,0.003105590062111801,24.0,13.0,120.0,0.05429864253393665,0.0,0.09657320872274143,0.015625,0.4130434782608695,0.0,0.0,0.0,35.0,0.5869565217391305,189.0,0.0,322.0
-0.321131,2913.0,1.378687,14397.0,-935.455502,513.3928571428571,65.5,1.0820058997050148,6.7655398037077425,14419.0,0.0,0.0007628823080657466,0.0016644704903252653,0.0005548234967750884,10.62858482341529,6.935293709688605e-05,5.0,0.0027262813522355507,0.8838604143947656,3.0,0.0016357688113413304,4.0,5.0,0.0,17.0,3.0,0.0016357688113413304,22.0,9.0,133.0,0.009223940633885845,6.935293709688605e-05,0.0032733224222585926,0.0,0.07579062159214833,4.0,0.0021810250817884407,6.935293709688605e-05,28.0,0.9242093784078517,1695.0,0.006543075245365322,1834.0
-0.1561415,0.0,1.1689919999999998,1772.0,-77.5851265,51.55882352941177,6.705882352941177,2.0357142857142856,5.93859649122807,1832.0,0.0,0.006004366812227074,0.010917030567685589,0.006004366812227074,6.2545142445458035,0.0,4.0,0.017543859649122806,0.3333333333333333,0.0,0.0,30.0,10.0,0.0,13.0,3.0,0.013157894736842105,60.0,21.0,141.0,0.0769650655021834,0.0,0.2511013215859031,0.17699115044247787,0.5087719298245614,0.0,0.0,0.0,34.0,0.49122807017543857,112.0,0.0,228.0
-0.097017,459.0,1.101879,1125.0,-44.530827,57.8421052631579,8.0,1.4476190476190476,6.1118421052631575,1141.0,0.0,0.007887817703768623,0.007887817703768623,0.008764241893076249,6.500238431261055,0.0,6.0,0.039473684210526314,0.506578947368421,0.0,0.0,9.0,0.0,0.0,6.0,1.0,0.006578947368421052,16.0,9.0,37.0,0.03242769500438212,0.0,0.09933774834437085,0.06666666666666667,0.3092105263157895,0.0,0.0,0.0,19.0,0.6907894736842105,105.0,0.0,152.0
-0.119986,1045.0,1.127481,3227.0,-125.384956,80.14634146341463,8.317073170731707,2.0058823529411764,5.988269794721408,3309.0,10.0,0.010577213659715926,0.00695074040495618,0.005439709882139619,6.764652124886338,0.0,1.0,0.002932551319648094,0.34310850439882695,0.0,0.0,22.0,0.0,0.0,33.0,1.0,0.002932551319648094,82.0,3.0,430.0,0.12994862496222423,0.0,0.13823529411764707,0.058997050147492625,0.501466275659824,0.0,0.0,0.0,41.0,0.49853372434017595,170.0,0.0,341.0
-0.110864,580.0,1.117243,2646.0,-64.301328,65.0,9.3,1.7383177570093458,5.688172043010753,2672.0,0.0,0.00561377245508982,0.01347305389221557,0.006362275449101796,7.12631329726297,0.0,0.0,0.0,0.43548387096774194,1.0,0.002688172043010753,13.0,13.0,0.0,27.0,0.0,0.0,26.0,14.0,149.0,0.05576347305389222,0.0,0.07277628032345014,0.008108108108108109,0.4247311827956989,5.0,0.013440860215053764,0.0,40.0,0.5752688172043011,214.0,0.005376344086021506,372.0
-0.231518,709.0,1.260512,3488.0,-164.146313,90.65789473684211,11.947368421052632,1.1761658031088082,6.356828193832599,3510.0,0.0,0.0031339031339031338,0.007407407407407408,0.003988603988603989,8.460297538007136,0.002564102564102564,0.0,0.0,0.7555066079295154,0.0,0.0,11.0,11.0,0.0,9.0,2.0,0.004405286343612335,22.0,12.0,139.0,0.039601139601139604,0.0,0.011037527593818985,0.0,0.14977973568281944,10.0,0.022026431718061675,0.0002849002849002849,38.0,0.8502202643171806,386.0,0.00881057268722467,454.0
-0.11735,902.0,1.124513,2238.0,-105.849519,85.1923076923077,11.73076923076923,1.525,6.144262295081967,2249.0,0.0,0.004891062694530902,0.009782125389061804,0.004891062694530902,7.187682760983135,0.0,15.0,0.04918032786885246,0.5311475409836065,0.0,0.0,10.0,0.0,0.0,15.0,1.0,0.003278688524590164,11.0,2.0,59.0,0.026233881725211204,0.0,0.0625,0.0231023102310231,0.34426229508196726,0.0,0.0,0.0,26.0,0.6557377049180327,200.0,0.0,305.0
-0.31682,626.0,1.372755,1661.0,-198.329111,68.25,10.0,1.5,5.65,1668.0,0.0,0.004796163069544364,0.019184652278177457,0.004796163069544364,6.990113358372311,0.0005995203836930455,4.0,0.016666666666666666,0.5291666666666667,0.0,0.0,8.0,0.0,0.0,9.0,2.0,0.008333333333333333,7.0,1.0,65.0,0.03896882494004796,0.0,0.058577405857740586,0.008403361344537815,0.33333333333333337,0.0,0.0,0.0,24.0,0.6666666666666666,160.0,0.0,240.0
-0.094851,436.0,1.099495,2000.0,-41.35516,67.72413793103448,10.241379310344827,1.822085889570552,5.333333333333333,2022.0,0.0,0.005934718100890208,0.010880316518298714,0.006429277942631058,6.764080080736573,0.0,0.0,0.0,0.4074074074074074,2.0,0.006734006734006734,11.0,11.0,0.0,17.0,0.0,0.0,22.0,12.0,110.0,0.05440158259149357,0.0,0.10472972972972973,0.020338983050847456,0.4511784511784511,19.0,0.06397306397306397,0.0,29.0,0.5488215488215489,163.0,0.0,297.0
-0.354421,3072.0,1.425355,14146.0,-1088.780053,588.625,64.16666666666667,1.0476190476190477,8.113636363636363,14158.0,0.0,7.063144511936714e-05,0.002401469134058483,0.00049442011583557,10.472248241792464,0.0,0.0,0.0,0.9292207792207792,2.0,0.0012987012987012987,6.0,6.0,0.0,10.0,0.0,0.0,12.0,7.0,106.0,0.007486933182652917,0.0,0.004548408057179987,0.0,0.045454545454545414,2.0,0.0012987012987012987,7.063144511936714e-05,24.0,0.9545454545454546,1470.0,0.003246753246753247,1540.0
-0.1561415,0.0,1.1689919999999998,1791.0,-77.5851265,1860.0,219.0,2.0277777777777777,6.260273972602739,1860.0,0.0,0.01021505376344086,0.005913978494623656,0.004838709677419355,6.294069677682965,0.0,7.0,0.0319634703196347,0.3105022831050228,0.0,0.0,42.0,9.0,0.0,11.0,0.0,0.0,69.0,19.0,109.0,0.05860215053763441,0.0,0.22018348623853212,0.15207373271889402,0.5068493150684932,0.0,0.0,0.0,1.0,0.4931506849315068,108.0,0.0,219.0
-0.099302,622.0,1.1044,1609.0,-61.766043,65.79166666666667,8.208333333333334,1.576,6.883248730964467,1629.0,0.0,0.006752608962553714,0.007366482504604052,0.00798035604665439,6.536328106515909,0.0,9.0,0.04568527918781726,0.5025380710659898,0.0,0.0,10.0,0.0,0.0,10.0,0.0,0.0,20.0,11.0,47.0,0.028852056476365868,0.0,0.09693877551020408,0.05641025641025641,0.36548223350253806,0.0,0.0,0.0,24.0,0.6345177664974619,125.0,0.0,197.0
-0.281422,498.0,1.325013,1295.0,-140.148246,109.33333333333333,11.916666666666666,1.1916666666666667,7.223776223776224,1323.0,0.0,0.005291005291005291,0.010582010582010581,0.0045351473922902496,6.7495843824912765,0.0,4.0,0.027972027972027972,0.7552447552447552,0.0,0.0,20.0,0.0,0.0,7.0,0.0,0.0,28.0,8.0,58.0,0.04383975812547241,0.0,0.007042253521126761,0.0,0.16083916083916083,0.0,0.0,0.0,12.0,0.8391608391608392,120.0,0.0,143.0
-0.117334,514.0,1.124495,2460.0,-60.309513,80.76666666666667,11.866666666666667,1.575221238938053,5.665730337078652,2482.0,0.0,0.004834810636583401,0.01248992747784045,0.005237711522965351,7.300877107265777,0.0,0.0,0.0,0.5056179775280899,1.0,0.0028089887640449437,11.0,0.0,0.0,20.0,0.0,0.0,22.0,12.0,84.0,0.03384367445608381,0.0,0.059154929577464786,0.00847457627118644,0.3651685393258427,0.0,0.0,0.0,30.0,0.6348314606741573,226.0,0.0028089887640449437,356.0
-0.368934,3072.0,1.446192,16067.0,-1133.364332,1070.0666666666666,120.8,1.0602691632533645,7.843267108167771,16072.0,0.0,6.222000995520159e-05,0.00024888003982080636,0.0018666002986560478,10.700211326417056,0.0,2.0,0.0011037527593818985,0.8967991169977925,3.0,0.0016556291390728477,4.0,0.0,0.0,5.0,1.0,0.0005518763796909492,5.0,2.0,43.0,0.0026754604280736687,0.0,0.0016565433462175593,0.0,0.05684326710816778,3.0,0.0016556291390728477,0.0,15.0,0.9431567328918322,1709.0,0.004966887417218543,1812.0
-0.107386,578.0,1.113364,1415.0,-62.06917,87.625,12.0625,1.4511278195488722,6.134715025906735,1422.0,0.0,0.004922644163150493,0.010548523206751054,0.004219409282700422,6.800044099602031,0.0,4.0,0.02072538860103627,0.533678756476684,0.0,0.0,6.0,0.0,0.0,7.0,0.0,0.0,7.0,2.0,39.0,0.027426160337552744,0.0,0.052083333333333336,0.015706806282722512,0.31088082901554404,0.0,0.0,0.0,16.0,0.689119170984456,133.0,0.0,193.0
-0.351463,1059.0,1.421145,5242.0,-372.199137,237.5,21.272727272727273,1.0612244897959184,10.11111111111111,5251.0,0.0,0.00019043991620643687,0.0011426394972386211,0.002475718910683679,8.748528074265769,0.0013330794134450582,1.0,0.002136752136752137,0.8931623931623932,2.0,0.004273504273504274,8.0,0.0,0.0,3.0,1.0,0.002136752136752137,9.0,2.0,47.0,0.008950676061702533,0.0,0.0021413276231263384,0.0,0.05769230769230771,2.0,0.004273504273504274,0.00019043991620643687,22.0,0.9423076923076923,441.0,0.002136752136752137,468.0
-0.1561415,0.0,1.1689919999999998,2973.0,-77.5851265,37.53846153846154,5.628205128205129,2.1207729468599035,5.309794988610478,3026.0,0.0,0.002974223397224058,0.012888301387970919,0.011566424322538004,6.955735108608605,0.0,0.0,0.0,0.32801822323462415,0.0,0.0,27.0,8.0,0.0,23.0,0.0,0.0,53.0,18.0,212.0,0.07005948446794448,0.0,0.1461187214611872,0.029748283752860413,0.5284738041002278,2.0,0.004555808656036446,0.0,78.0,0.4715261958997722,207.0,0.009111617312072893,439.0
-0.082115,540.0,1.085581,2408.0,-44.34231,62.026315789473685,9.210526315789474,1.6055045871559632,5.382857142857143,2434.0,0.0,0.00657354149548069,0.010682004930156122,0.006162695152013147,7.252500338258985,0.0,0.0,0.0,0.4857142857142857,2.0,0.005714285714285714,15.0,15.0,0.0,22.0,2.0,0.005714285714285714,26.0,12.0,157.0,0.06450287592440428,0.0,0.0659025787965616,0.008620689655172414,0.3771428571428571,2.0,0.005714285714285714,0.0,38.0,0.6228571428571429,218.0,0.0,350.0
-0.239775,616.0,1.270963,3024.0,-147.701196,93.71875,12.40625,1.1676470588235295,6.337531486146096,3036.0,0.0,0.003952569169960474,0.0036231884057971015,0.004281949934123847,8.272809508327613,0.00032938076416337287,1.0,0.0025188916876574307,0.7707808564231738,3.0,0.007556675062972292,11.0,11.0,0.0,8.0,0.0,0.0,12.0,2.0,111.0,0.036561264822134384,0.0,0.007575757575757576,0.0,0.1435768261964736,1.0,0.0025188916876574307,0.00032938076416337287,32.0,0.8564231738035264,340.0,0.0,397.0
-0.133886,737.0,1.143263,1817.0,-98.674307,59.666666666666664,8.133333333333333,1.4186046511627908,6.188524590163935,1828.0,0.0,0.0005470459518599562,0.01312910284463895,0.006017505470459519,7.139353116074076,0.0,9.0,0.036885245901639344,0.5614754098360656,0.0,0.0,10.0,0.0,0.0,9.0,2.0,0.00819672131147541,11.0,2.0,63.0,0.03446389496717724,0.0,0.024691358024691357,0.0,0.29508196721311475,0.0,0.0,0.0,30.0,0.7049180327868853,172.0,0.0,244.0
-0.306126,591.0,1.358154,1614.0,-180.920681,84.10526315789474,10.947368421052632,1.3,6.298076923076923,1625.0,0.0,0.0006153846153846154,0.015384615384615385,0.004923076923076923,7.099988501845029,0.0,1.0,0.004807692307692308,0.6538461538461539,0.0,0.0,8.0,8.0,0.0,8.0,1.0,0.004807692307692308,11.0,3.0,88.0,0.05415384615384616,0.0,0.00966183574879227,0.0,0.23076923076923073,0.0,0.0,0.0,19.0,0.7692307692307693,160.0,0.0,208.0
-0.1561415,0.0,1.1689919999999998,2617.0,-77.5851265,63.21951219512195,9.439024390243903,2.25,5.1395348837209305,2665.0,0.0,0.01200750469043152,0.005628517823639775,0.01350844277673546,6.7703682746388445,0.0,0.0,0.0,0.2739018087855297,0.0,0.0,27.0,27.0,0.0,24.0,0.0,0.0,48.0,15.0,226.0,0.08480300187617261,0.0,0.12953367875647667,0.04155844155844156,0.5555555555555556,0.0,0.0,0.0,41.0,0.4444444444444444,172.0,0.0,387.0
-0.125839,578.0,1.134099,2555.0,-72.734849,80.41935483870968,11.387096774193548,1.6650943396226414,5.6798866855524075,2596.0,0.0,0.004622496147919877,0.010400616332819723,0.00539291217257319,7.24251892709315,0.0,0.0,0.0,0.43626062322946174,2.0,0.0056657223796034,31.0,0.0,0.0,20.0,0.0,0.0,41.0,11.0,102.0,0.039291217257318954,0.0,0.09090909090909091,0.022792022792022793,0.3994334277620396,1.0,0.0028328611898017,0.0,31.0,0.6005665722379604,212.0,0.0,353.0
-0.315295,3072.0,1.370664,15864.0,-968.587025,439.3888888888889,49.75,1.0994475138121547,7.778894472361809,15884.0,0.0,0.0003777386048854193,0.000566607907328129,0.0013850415512465374,10.563931709332994,6.295643414756988e-05,5.0,0.0027917364600781687,0.8565047459519821,3.0,0.0016750418760469012,16.0,5.0,0.0,17.0,2.0,0.0011166945840312675,20.0,5.0,129.0,0.008121380005036516,6.295643414756988e-05,0.01452513966480447,0.008943543879262158,0.09045226130653261,3.0,0.0016750418760469012,6.295643414756988e-05,36.0,0.9095477386934674,1629.0,0.0027917364600781687,1791.0
-0.115675,565.0,1.122631,1418.0,-65.356427,59.30434782608695,6.739130434782608,1.55,7.245161290322581,1446.0,0.0,0.007607192254495159,0.003457814661134163,0.005532503457814661,6.274110671266549,0.0,10.0,0.06451612903225806,0.49032258064516127,0.0,0.0,23.0,0.0,0.0,11.0,0.0,0.0,28.0,6.0,70.0,0.048409405255878286,0.0,0.07792207792207792,0.0392156862745098,0.3548387096774194,0.0,0.0,0.0,23.0,0.6451612903225806,100.0,0.0,155.0
-0.24904,747.0,1.282793,1962.0,-186.032746,69.71428571428571,8.75,1.5217391304347827,6.069387755102041,2007.0,1.0,0.007473841554559043,0.01096163428001993,0.01046337817638266,7.049538653437446,0.0,4.0,0.0163265306122449,0.46530612244897956,0.0,0.0,23.0,0.0,0.0,9.0,0.0,0.0,45.0,14.0,116.0,0.05779770802192327,0.0,0.08196721311475409,0.037037037037037035,0.34285714285714286,0.0,0.0,0.0,28.0,0.6571428571428571,161.0,0.0,245.0
-0.139889,469.0,1.150146,2314.0,-65.60807,75.93333333333334,11.433333333333334,1.673170731707317,5.556851311953353,2334.0,0.0,0.004712939160239932,0.006426735218508998,0.004712939160239932,7.118076629922075,0.0,0.0,0.0,0.4577259475218659,2.0,0.0058309037900874635,10.0,0.0,0.0,22.0,0.0,0.0,20.0,11.0,58.0,0.024850042844901457,0.0,0.09064327485380116,0.026392961876832845,0.402332361516035,0.0,0.0,0.0,30.0,0.597667638483965,205.0,0.0,343.0
-0.279547,3072.0,1.322531,14565.0,-858.76899,454.21875,46.78125,1.1704456606724003,8.617902471609886,14581.0,0.0,0.00013716480351141897,0.00534942733694534,0.0005486592140456759,10.184352773722017,6.858240175570949e-05,4.0,0.0026720106880427524,0.7548430193720775,3.0,0.002004008016032064,6.0,7.0,0.0,14.0,2.0,0.0013360053440213762,16.0,8.0,163.0,0.011178931486180646,6.858240175570949e-05,0.008689839572192513,0.004013377926421404,0.14562458249833,3.0,0.002004008016032064,6.858240175570949e-05,32.0,0.85437541750167,1279.0,0.0,1497.0
-0.1561415,0.0,1.1689919999999998,2452.0,-77.5851265,122.45,17.3,2.4892086330935252,5.722543352601156,2478.0,0.0,0.005649717514124294,0.010088781275221953,0.005649717514124294,6.625049364228843,0.0,18.0,0.05202312138728324,0.19653179190751446,0.0,0.0,20.0,8.0,0.0,18.0,0.0,0.0,26.0,5.0,105.0,0.0423728813559322,0.0,0.2985507246376812,0.18604651162790697,0.5982658959537572,0.0,0.0,0.0,20.0,0.40173410404624277,139.0,0.0,346.0
-0.126806,670.0,1.135196,1684.0,-84.959716,75.13636363636364,9.681818181818182,1.33125,6.610328638497653,1704.0,0.0,0.005868544600938967,0.011737089201877934,0.006455399061032864,7.069223207259386,0.0,10.0,0.046948356807511735,0.6150234741784038,0.0,0.0,10.0,0.0,0.0,10.0,0.0,0.0,20.0,11.0,55.0,0.03227699530516432,0.0,0.04716981132075472,0.014218009478672985,0.24882629107981225,0.0,0.0,0.0,22.0,0.7511737089201878,160.0,0.0,213.0
-0.259304,861.0,1.296028,2324.0,-223.261112,100.65217391304348,13.782608695652174,1.7135135135135136,6.078864353312303,2353.0,0.0,0.0021249468763280916,0.01572460688482788,0.0029749256268593286,7.128566003604704,0.00042498937526561835,6.0,0.01892744479495268,0.41009463722397477,0.0,0.0,7.0,0.0,0.0,11.0,2.0,0.006309148264984227,29.0,11.0,71.0,0.030174245643858903,0.0,0.14873417721518986,0.08253968253968254,0.41640378548895896,0.0,0.0,0.0,23.0,0.583596214511041,185.0,0.0,317.0
-0.101495,557.0,1.106824,2528.0,-56.53253,63.46153846153846,8.717948717948717,1.7171717171717171,5.855882352941176,2564.0,0.0,0.005070202808112325,0.0078003120124804995,0.00234009360374415,6.987645184462672,0.0,0.0,0.0,0.45,0.0,0.0,6.0,18.0,0.0,21.0,1.0,0.0029411764705882353,36.0,19.0,147.0,0.057332293291731666,0.0,0.04129793510324484,0.008875739644970414,0.41764705882352937,0.0,0.0,0.0,39.0,0.5823529411764706,198.0,0.0,340.0
-0.318411,3072.0,1.374941,15979.0,-978.159084,372.0,41.93023255813954,1.088768115942029,7.670549084858569,16032.0,0.0,0.000810878243512974,0.0026821357285429144,0.000873253493013972,10.612440793291283,0.000124750499001996,2.0,0.0011092623405435386,0.8696616749861342,4.0,0.0022185246810870773,7.0,0.0,5.0,8.0,2.0,0.0011092623405435386,53.0,16.0,352.0,0.021956087824351298,6.2375249500998e-05,0.005549389567147614,0.001110494169905608,0.08153078202995012,4.0,0.0022185246810870773,6.2375249500998e-05,43.0,0.9184692179700499,1656.0,0.0005546311702717693,1803.0
-0.1439,639.0,1.154768,1610.0,-91.951863,75.80952380952381,9.80952380952381,1.3733333333333333,6.461165048543689,1618.0,0.0,0.004944375772558714,0.009888751545117428,0.004326328800988875,6.928893652069844,0.0,11.0,0.05339805825242718,0.5970873786407767,0.0,0.0,7.0,7.0,0.0,11.0,1.0,0.0048543689320388345,8.0,2.0,73.0,0.04511742892459827,0.0,0.04878048780487805,0.014705882352941176,0.27184466019417475,0.0,0.0,0.0,21.0,0.7281553398058253,150.0,0.0,206.0
-0.249541,388.0,1.283437,1046.0,-96.822022,57.22222222222222,8.166666666666666,1.3243243243243243,5.857142857142857,1057.0,0.0,0.000946073793755913,0.013245033112582781,0.007568590350047304,6.594952256471867,0.0,5.0,0.034013605442176874,0.6190476190476191,0.0,0.0,8.0,0.0,0.0,6.0,2.0,0.013605442176870748,11.0,3.0,37.0,0.03500473036896878,0.0,0.04794520547945205,0.006896551724137931,0.24489795918367352,0.0,0.0,0.0,18.0,0.7551020408163265,111.0,0.0,147.0
-0.1561415,0.0,1.1689919999999998,2938.0,-77.5851265,88.18181818181819,13.090909090909092,1.981651376146789,5.456018518518518,2972.0,0.0,0.0050471063257065945,0.005720053835800807,0.0050471063257065945,7.09961248562253,0.0,0.0,0.0,0.3425925925925926,0.0,0.0,20.0,12.0,0.0,28.0,2.0,0.004629629629629629,34.0,14.0,133.0,0.04475100942126514,0.0,0.14153132250580047,0.07906976744186046,0.49537037037037035,8.0,0.018518518518518517,0.0,33.0,0.5046296296296297,218.0,0.0,432.0
-0.081612,489.0,1.085035,2278.0,-39.9084,72.3225806451613,11.064516129032258,1.7236180904522613,5.326530612244898,2296.0,0.0,0.004355400696864111,0.008275261324041812,0.0039198606271777,7.076166108147645,0.0,0.0,0.0,0.4314868804664723,3.0,0.008746355685131196,9.0,9.0,0.0,19.0,3.0,0.008746355685131196,18.0,10.0,110.0,0.04790940766550523,0.0,0.06432748538011696,0.011730205278592375,0.41982507288629733,7.0,0.02040816326530612,0.0,31.0,0.5801749271137027,199.0,0.0,343.0
-0.204706,651.0,1.227165,2965.0,-133.263818,88.6969696969697,11.878787878787879,1.2810457516339868,6.23469387755102,2987.0,0.0,0.0036826247070639436,0.009039169735520589,0.004017408771342484,8.021196816719447,0.0,0.0,0.0,0.6607142857142857,1.0,0.002551020408163265,9.0,10.0,0.0,11.0,1.0,0.002551020408163265,22.0,12.0,128.0,0.042852360227653166,0.0,0.0076726342710997444,0.0,0.21938775510204078,2.0,0.00510204081632653,0.00033478406427854036,33.0,0.7806122448979592,306.0,0.002551020408163265,392.0
-0.102734,976.0,1.108197,2547.0,-100.268347,83.7,11.433333333333334,1.6896551724137931,6.21865889212828,2567.0,0.0,0.004285157771717959,0.008180755746007013,0.004285157771717959,7.136416990292819,0.0,20.0,0.05830903790087463,0.4518950437317784,0.0,0.0,10.0,0.0,0.0,20.0,3.0,0.008746355685131196,20.0,11.0,62.0,0.02415270744059213,0.0,0.11988304093567251,0.05278592375366569,0.40816326530612246,0.0,0.0,0.0,30.0,0.5918367346938775,203.0,0.0,343.0
-0.263508,816.0,1.301488,2383.0,-215.022779,87.03703703703704,10.814814814814815,1.4747474747474747,6.739726027397261,2405.0,0.0,0.004573804573804574,0.013721413721413722,0.004573804573804574,7.237564289614389,0.0,11.0,0.03767123287671233,0.5513698630136986,0.0,0.0,10.0,10.0,0.0,12.0,1.0,0.003424657534246575,22.0,12.0,113.0,0.04698544698544699,0.0,0.08247422680412371,0.03103448275862069,0.32191780821917804,0.0,0.0,0.0,27.0,0.678082191780822,198.0,0.0,292.0
-0.1561415,0.0,1.1689919999999998,794.0,-77.5851265,157.8,25.8,1.6973684210526316,5.015503875968992,796.0,0.0,0.0,0.011306532663316583,0.0,5.950392097869133,0.0,0.0,0.0,0.3488372093023256,0.0,0.0,0.0,0.0,0.0,11.0,0.0,0.0,2.0,2.0,21.0,0.026381909547738693,0.0,0.125,0.03937007874015748,0.4108527131782945,0.0,0.0,0.0,5.0,0.5891472868217055,76.0,0.0,129.0
-0.110239,146.0,1.116544,799.0,-16.094826,158.8,23.8,1.4875,5.571428571428571,801.0,0.0,0.0,0.009987515605493134,0.0,5.998322483576003,0.0,0.0,0.0,0.5126050420168067,0.0,0.0,0.0,0.0,0.0,11.0,0.0,0.0,2.0,2.0,17.0,0.02122347066167291,0.0,0.059322033898305086,0.017094017094017096,0.32773109243697474,0.0,0.0,0.0,5.0,0.6722689075630253,80.0,0.0,119.0
-0.216951,303.0,1.242283,1599.0,-65.736172,265.6666666666667,35.5,1.126984126984127,6.403755868544601,1603.0,0.0,0.0012476606363069245,0.006238303181534623,0.0,7.447764007649482,0.0,0.0,0.0,0.8356807511737089,0.0,0.0,0.0,0.0,0.0,5.0,0.0,0.0,4.0,2.0,25.0,0.015595757953836557,0.0,0.0,0.0,0.11267605633802813,0.0,0.0,0.0,6.0,0.8873239436619719,189.0,0.0,213.0
-0.08321,170.0,1.08677,426.0,-14.145631,212.5,27.5,1.1458333333333333,6.618181818181818,426.0,0.0,0.0,0.014084507042253521,0.0,5.513089031667142,0.0,0.0,0.0,0.7636363636363637,0.0,0.0,0.0,0.0,0.0,3.0,0.0,0.0,0.0,1.0,8.0,0.018779342723004695,0.0,0.037037037037037035,0.018867924528301886,0.12727272727272732,0.0,0.0,0.0,2.0,0.8727272727272727,48.0,0.0,55.0
-0.284861,265.0,1.329577,1461.0,-75.488145,364.25,51.25,1.0962566844919786,6.078048780487805,1463.0,0.0,0.0,0.000683526999316473,0.0,7.466750145971608,0.000683526999316473,0.0,0.0,0.8585365853658536,0.0,0.0,0.0,0.0,0.0,5.0,1.0,0.004878048780487805,2.0,2.0,13.0,0.00888585099111415,0.0,0.004901960784313725,0.0,0.08780487804878045,0.0,0.0,0.000683526999316473,4.0,0.9121951219512195,187.0,0.0,205.0
-0.080172,129.0,1.083473,659.0,-10.342124,130.8,19.0,1.3970588235294117,5.768421052631579,661.0,0.0,0.0,0.01059001512859304,0.0,5.885439292450381,0.0,0.0,0.0,0.5368421052631579,0.0,0.0,0.0,0.0,0.0,6.0,0.0,0.0,2.0,2.0,18.0,0.02723146747352496,0.0,0.05319148936170213,0.0,0.28421052631578947,0.0,0.0,0.0,5.0,0.7157894736842105,68.0,0.0,95.0
-0.123266,210.0,1.131185,1067.0,-25.885898,212.4,30.0,1.1363636363636365,6.02,1069.0,0.0,0.0,0.006548175865294668,0.0,6.945289857076009,0.0,0.0,0.0,0.8133333333333334,0.0,0.0,0.0,0.0,0.0,4.0,1.0,0.006666666666666667,2.0,2.0,16.0,0.014967259120673527,0.0,0.006711409395973154,0.0,0.12,0.0,0.0,0.0,5.0,0.88,132.0,0.0,150.0
-0.051443,262.0,1.052789,649.0,-13.47807,107.16666666666667,13.666666666666666,1.0933333333333333,6.719512195121951,651.0,0.0,0.0030721966205837174,0.01228878648233487,0.0,6.1868202973010105,0.0,0.0,0.0,0.8292682926829268,0.0,0.0,0.0,0.0,0.0,2.0,0.0,0.0,2.0,2.0,16.0,0.02457757296466974,0.0,0.04938271604938271,0.0375,0.08536585365853655,0.0,0.0,0.0,6.0,0.9146341463414634,75.0,0.0,82.0
-0.200287,793.0,1.221754,2144.0,-158.827746,177.75,22.833333333333332,1.7018633540372672,6.613138686131387,2152.0,0.0,0.0018587360594795538,0.013011152416356878,0.0018587360594795538,6.887016147931811,0.0,5.0,0.01824817518248175,0.4306569343065693,0.0,0.0,2.0,3.0,0.0,16.0,2.0,0.0072992700729927005,8.0,5.0,56.0,0.026022304832713755,0.0,0.20512820512820512,0.14705882352941177,0.4124087591240876,0.0,0.0,0.0,12.0,0.5875912408759124,161.0,0.0,274.0
-0.1561415,0.0,1.1689919999999998,2185.0,-77.5851265,120.77777777777777,18.72222222222222,2.16025641025641,5.234421364985163,2206.0,0.0,0.004533091568449683,0.007252946509519492,0.0022665457842248413,6.567493982139899,0.0,0.0,0.0,0.3086053412462908,5.0,0.01483679525222552,5.0,8.0,0.0,32.0,1.0,0.002967359050445104,21.0,10.0,82.0,0.0371713508612874,0.0,0.18452380952380953,0.09253731343283582,0.5370919881305638,1.0,0.002967359050445104,0.0,18.0,0.4629080118694362,156.0,0.0,337.0
-0.109885,182.0,1.11615,910.0,-19.999113,129.0,20.714285714285715,1.6111111111111112,5.144827586206897,912.0,0.0,0.0,0.008771929824561403,0.0,6.041241142441516,0.0,0.0,0.0,0.47586206896551725,1.0,0.006896551724137931,0.0,0.0,0.0,15.0,0.0,0.0,2.0,2.0,20.0,0.021929824561403508,0.0,0.0625,0.027972027972027972,0.3793103448275862,0.0,0.0,0.0,7.0,0.6206896551724138,90.0,0.0,145.0
-0.175577,400.0,1.191934,2002.0,-70.230836,181.0909090909091,25.181818181818183,1.1939655172413792,6.0830324909747295,2011.0,0.0,0.000994530084535057,0.0069617105917454,0.0,7.657217343670422,0.0,0.0,0.0,0.7653429602888087,3.0,0.010830324909747292,4.0,0.0,0.0,11.0,1.0,0.0036101083032490976,9.0,3.0,37.0,0.018398806563898557,0.0,0.010869565217391304,0.0,0.16245487364620936,1.0,0.0036101083032490976,0.0004972650422675286,11.0,0.8375451263537906,232.0,0.0,277.0
-0.12506,563.0,1.133216,1401.0,-70.408775,106.92307692307692,14.0,1.421875,6.532967032967033,1409.0,0.0,0.0007097232079489,0.0106458481192335,0.0035486160397444995,6.785140555184017,0.0,5.0,0.027472527472527472,0.532967032967033,0.0,0.0,5.0,0.0,0.0,6.0,1.0,0.005494505494505495,8.0,3.0,29.0,0.0205819730305181,0.0,0.09944751381215469,0.07222222222222222,0.29670329670329665,0.0,0.0,0.0,13.0,0.7032967032967034,128.0,0.0,182.0
-0.168945,293.0,1.184055,785.0,-49.500824,156.0,19.8,1.337837837837838,6.787878787878788,788.0,0.0,0.0,0.01015228426395939,0.0038071065989847717,6.0457764432026675,0.0,2.0,0.020202020202020204,0.5656565656565656,0.0,0.0,0.0,0.0,0.0,6.0,0.0,0.0,3.0,2.0,14.0,0.017766497461928935,0.0,0.08163265306122448,0.041237113402061855,0.2525252525252525,0.0,0.0,0.0,5.0,0.7474747474747475,74.0,0.0,99.0
-0.1561415,0.0,1.1689919999999998,337.0,-77.5851265,41.375,6.75,1.4210526315789473,4.962962962962963,343.0,0.0,0.0029154518950437317,0.008746355685131196,0.008746355685131196,5.039532122846974,0.0,0.0,0.0,0.5370370370370371,1.0,0.018518518518518517,3.0,0.0,0.0,5.0,1.0,0.018518518518518517,6.0,3.0,16.0,0.04664723032069971,0.0,0.07547169811320754,0.019230769230769232,0.2962962962962963,1.0,0.018518518518518517,0.0,8.0,0.7037037037037037,38.0,0.0,54.0
-0.202861,141.0,1.224903,765.0,-28.603437,190.5,29.0,1.303370786516854,5.5,765.0,0.0,0.0,0.00784313725490196,0.0,6.189155056114866,0.0,0.0,0.0,0.6724137931034483,1.0,0.008620689655172414,0.0,0.0,0.0,10.0,1.0,0.008620689655172414,0.0,1.0,14.0,0.018300653594771243,0.0,0.034782608695652174,0.0,0.23275862068965514,0.0,0.0,0.0,4.0,0.7672413793103449,89.0,0.017241379310344827,116.0
-0.212431,253.0,1.236681,1287.0,-53.745142,213.66666666666666,30.333333333333332,1.1518987341772151,5.967032967032967,1289.0,0.0,0.0,0.003878975950349108,0.0,7.169828843471627,0.0,0.0,0.0,0.7912087912087912,3.0,0.016483516483516484,0.0,0.0,0.0,8.0,1.0,0.005494505494505495,2.0,2.0,23.0,0.017843289371605897,0.0,0.0,0.0,0.13186813186813184,0.0,0.0,0.0,6.0,0.8681318681318682,158.0,0.005494505494505495,182.0
-0.124004,356.0,1.132021,932.0,-44.14552,155.0,21.0,1.4318181818181819,6.261904761904762,934.0,0.0,0.0010706638115631692,0.008565310492505354,0.0,6.225667031402792,0.0,5.0,0.03968253968253968,0.5317460317460317,0.0,0.0,0.0,0.0,0.0,5.0,0.0,0.0,2.0,2.0,17.0,0.018201284796573874,0.0,0.064,0.016129032258064516,0.3015873015873016,0.0,0.0,0.0,6.0,0.6984126984126984,88.0,0.0,126.0
-0.204012,798.0,1.226313,2247.0,-162.801517,203.1818181818182,27.0,1.9161290322580644,6.397306397306397,2257.0,0.0,0.0,0.011519716437749225,0.002658396101019052,6.989618639719161,0.0,4.0,0.013468013468013467,0.24242424242424243,0.0,0.0,3.0,0.0,0.0,15.0,2.0,0.006734006734006734,10.0,3.0,43.0,0.01905183872396987,0.0,0.30067567567567566,0.24067796610169492,0.47811447811447816,0.0,0.0,0.0,11.0,0.5218855218855218,155.0,0.0,297.0
-0.1561415,0.0,1.1689919999999998,1332.0,-77.5851265,189.28571428571428,28.285714285714285,1.81651376146789,5.575757575757576,1340.0,0.0,0.002238805970149254,0.0037313432835820895,0.0,6.307422514234339,0.0,0.0,0.0,0.3484848484848485,4.0,0.020202020202020204,0.0,2.0,0.0,18.0,0.0,0.0,8.0,5.0,31.0,0.023134328358208955,0.0,0.1116751269035533,0.05102040816326531,0.4494949494949495,0.0,0.0,0.0,7.0,0.5505050505050505,109.0,0.0,198.0
-0.081548,177.0,1.084965,901.0,-14.434001,127.71428571428571,20.714285714285715,1.5934065934065933,5.124137931034483,903.0,0.0,0.0,0.004429678848283499,0.0,6.1356113106869214,0.0,0.0,0.0,0.46206896551724136,0.0,0.0,0.0,0.0,0.0,12.0,0.0,0.0,2.0,2.0,15.0,0.016611295681063124,0.0,0.020833333333333332,0.0,0.37241379310344824,0.0,0.0,0.0,7.0,0.6275862068965518,91.0,0.0,145.0
-0.237906,202.0,1.26859,1165.0,-48.056982,232.2,30.4,1.1014492753623188,6.6118421052631575,1165.0,0.0,0.0,0.0034334763948497852,0.0,7.0268114576907115,0.0,0.0,0.0,0.8486842105263158,2.0,0.013157894736842105,0.0,0.0,0.0,5.0,1.0,0.006578947368421052,0.0,1.0,11.0,0.00944206008583691,0.0,0.0,0.0,0.09210526315789469,1.0,0.006578947368421052,0.0,5.0,0.9078947368421053,138.0,0.0,152.0
-0.115491,316.0,1.122424,817.0,-36.495156,115.71428571428571,15.714285714285714,1.25,6.318181818181818,819.0,0.0,0.0,0.006105006105006105,0.0,6.338133463504992,0.0,4.0,0.03636363636363636,0.6454545454545455,0.0,0.0,0.0,0.0,0.0,4.0,0.0,0.0,2.0,2.0,12.0,0.014652014652014652,0.0,0.03669724770642202,0.009259259259259259,0.19999999999999996,0.0,0.0,0.0,7.0,0.8,88.0,0.0,110.0
-0.019764,3072.0,1.01996,7795.0,-60.714137,1298.1666666666667,123.5,8.517241379310345,9.357624831309042,7797.0,0.0,0.0,0.014749262536873156,0.00025650891368475054,3.5173525450237286,0.0,0.0,0.0,0.10661268556005399,0.0,0.0,0.0,0.0,0.0,112.0,1.0,0.001349527665317139,2.0,2.0,121.0,0.015518789277927408,0.0,0.8743243243243243,0.8741542625169147,0.8825910931174089,1.0,0.001349527665317139,0.0,6.0,0.11740890688259109,87.0,0.001349527665317139,741.0
-0.1561415,0.0,1.1689919999999998,220.0,-77.5851265,109.5,17.0,1.1333333333333333,5.411764705882353,220.0,0.0,0.0,0.004545454545454545,0.0,4.829966150010237,0.0,1.0,0.029411764705882353,0.7941176470588235,0.0,0.0,0.0,0.0,0.0,3.0,1.0,0.029411764705882353,0.0,1.0,4.0,0.01818181818181818,0.0,0.0,0.0,0.11764705882352944,1.0,0.029411764705882353,0.0,2.0,0.8823529411764706,30.0,0.0,34.0
-0.188352,315.0,1.207258,1771.0,-59.330836,175.9,25.3,1.5240963855421688,5.849802371541502,1777.0,0.0,0.0,0.012380416432189083,0.0,6.959626182885342,0.0,1.0,0.003952569169960474,0.5335968379446641,5.0,0.019762845849802372,0.0,0.0,0.0,11.0,0.0,0.0,6.0,4.0,39.0,0.021947101857062466,0.0,0.03571428571428571,0.01195219123505976,0.3438735177865613,0.0,0.0,0.0,10.0,0.6561264822134387,166.0,0.0,253.0
-0.257381,244.0,1.293537,1233.0,-62.800864,175.14285714285714,24.428571428571427,1.163265306122449,6.111111111111111,1235.0,0.0,0.0008097165991902834,0.0032388663967611335,0.0,7.067710392190417,0.0,2.0,0.011695906432748537,0.7777777777777778,1.0,0.005847953216374269,0.0,0.0,0.0,6.0,1.0,0.005847953216374269,2.0,2.0,19.0,0.015384615384615385,0.0,0.0,0.0,0.14035087719298245,0.0,0.0,0.0008097165991902834,7.0,0.8596491228070176,147.0,0.0,171.0
-0.1561415,0.0,1.1689919999999998,902.0,-77.5851265,151.0,22.5,1.646341463414634,5.474074074074074,913.0,0.0,0.004381161007667032,0.0065717415115005475,0.002190580503833516,6.071891501326771,0.0,7.0,0.05185185185185185,0.3925925925925926,0.0,0.0,2.0,0.0,0.0,7.0,6.0,0.044444444444444446,11.0,6.0,22.0,0.024096385542168676,0.0,0.11194029850746269,0.03007518796992481,0.3925925925925926,1.0,0.007407407407407408,0.0,6.0,0.6074074074074074,82.0,0.0,135.0
-0.132814,421.0,1.142037,1031.0,-55.914504,146.85714285714286,20.714285714285715,1.355140186915888,5.924137931034482,1033.0,0.0,0.001936108422071636,0.015488867376573089,0.001936108422071636,6.577260276323527,0.0,4.0,0.027586206896551724,0.5586206896551724,0.0,0.0,0.0,0.0,0.0,5.0,1.0,0.006896551724137931,2.0,2.0,27.0,0.026137463697967087,0.0,0.06944444444444445,0.013986013986013986,0.26206896551724135,0.0,0.0,0.0,7.0,0.7379310344827587,107.0,0.013793103448275862,145.0
-0.17898,509.0,1.195997,1336.0,-91.100756,110.33333333333333,15.916666666666666,1.6754385964912282,5.821989528795812,1344.0,0.0,0.000744047619047619,0.014136904761904762,0.002976190476190476,6.4546443758572565,0.0,1.0,0.005235602094240838,0.418848167539267,0.0,0.0,4.0,0.0,0.0,10.0,0.0,0.0,8.0,3.0,32.0,0.023809523809523808,0.0,0.14210526315789473,0.07407407407407407,0.40314136125654454,0.0,0.0,0.0,12.0,0.5968586387434555,114.0,0.0,191.0
-0.1561415,0.0,1.1689919999999998,2385.0,-77.5851265,107.72727272727273,16.681818181818183,2.4466666666666668,5.253405994550409,2404.0,0.0,0.0037437603993344427,0.0074875207986688855,0.0020798668885191347,6.523821084102002,0.0,0.0,0.0,0.24250681198910082,8.0,0.021798365122615803,9.0,7.0,0.0,36.0,2.0,0.005449591280653951,19.0,7.0,97.0,0.040349417637271213,0.0,0.24043715846994534,0.08493150684931507,0.5912806539509536,6.0,0.01634877384196185,0.0,22.0,0.4087193460490463,150.0,0.0,367.0
-0.127304,149.0,1.135762,817.0,-18.968328,162.4,25.6,1.5238095238095237,5.3203125,819.0,0.0,0.001221001221001221,0.002442002442002442,0.0,5.984578098657316,0.0,0.0,0.0,0.5078125,2.0,0.015625,0.0,0.0,0.0,14.0,0.0,0.0,2.0,2.0,9.0,0.01098901098901099,0.0,0.07086614173228346,0.015873015873015872,0.34375,0.0,0.0,0.0,5.0,0.65625,84.0,0.0,128.0
-0.323538,3072.0,1.382008,13816.0,-993.907204,1726.5,188.625,1.0182186234817814,8.124585818422796,13820.0,0.0,0.0001447178002894356,0.000361794500723589,0.045151953690303906,10.518439756192144,0.0,2.0,0.0013253810470510272,0.9688535453943009,4.0,0.0026507620941020544,0.0,2.0,0.0,6.0,1.0,0.0006626905235255136,6.0,3.0,40.0,0.002894356005788712,0.0,0.0,0.0,0.017892644135188873,2.0,0.0013253810470510272,0.0001447178002894356,8.0,0.9821073558648111,1482.0,0.0,1509.0
-0.079472,193.0,1.082715,487.0,-15.338077,161.33333333333334,23.666666666666668,1.2033898305084745,5.71830985915493,489.0,0.0,0.0,0.014314928425357873,0.0,5.801086732150267,0.0,2.0,0.028169014084507043,0.676056338028169,0.0,0.0,0.0,0.0,0.0,3.0,0.0,0.0,2.0,2.0,10.0,0.02044989775051125,0.0,0.02857142857142857,0.014492753623188406,0.16901408450704225,0.0,0.0,0.0,3.0,0.8309859154929577,59.0,0.0,71.0
-0.21155,725.0,1.235592,1929.0,-153.373963,174.63636363636363,23.636363636363637,1.897810218978102,6.176923076923077,1941.0,0.0,0.0015455950540958269,0.015455950540958269,0.012364760432766615,6.783331947974877,0.0,6.0,0.023076923076923078,0.3038461538461538,0.0,0.0,4.0,0.0,0.0,9.0,1.0,0.0038461538461538464,12.0,5.0,59.0,0.030396702730551263,0.0,0.25868725868725867,0.17054263565891473,0.47307692307692306,0.0,0.0,0.0,11.0,0.5269230769230769,137.0,0.0,260.0
-0.118665,201.0,1.125992,1075.0,-23.851621,133.25,20.75,1.5961538461538463,5.337349397590361,1079.0,0.0,0.0027803521779425394,0.010194624652455977,0.0,6.219228197936076,0.0,0.0,0.0,0.4819277108433735,5.0,0.030120481927710843,0.0,0.0,0.0,17.0,2.0,0.012048192771084338,4.0,3.0,23.0,0.021316033364226137,0.0,0.08484848484848485,0.006097560975609756,0.37349397590361444,1.0,0.006024096385542169,0.0,8.0,0.6265060240963856,104.0,0.0,166.0
-0.270018,267.0,1.309988,1425.0,-72.094772,355.25,47.25,1.0617977528089888,6.439153439153439,1427.0,0.0,0.000700770847932726,0.001401541695865452,0.002803083391730904,7.435258297236945,0.0,0.0,0.0,0.8941798941798942,2.0,0.010582010582010581,0.0,0.0,0.0,4.0,0.0,0.0,2.0,2.0,19.0,0.013314646110721794,0.0,0.0,0.0,0.05820105820105825,1.0,0.005291005291005291,0.002102312543798178,4.0,0.9417989417989417,178.0,0.0,189.0
-0.1561415,0.0,1.1689919999999998,1321.0,-77.5851265,100.6923076923077,13.692307692307692,1.7623762376237624,6.106741573033708,1331.0,0.0,0.004507888805409466,0.011269722013523666,0.003756574004507889,6.242132869822343,0.0,3.0,0.016853932584269662,0.39325842696629215,0.0,0.0,5.0,5.0,0.0,12.0,3.0,0.016853932584269662,10.0,4.0,54.0,0.0405709992486852,0.0,0.2542372881355932,0.17045454545454544,0.4325842696629213,0.0,0.0,0.0,13.0,0.5674157303370787,101.0,0.0,178.0
-0.138219,622.0,1.148227,1607.0,-85.972105,88.0,12.11111111111111,1.5244755244755244,6.137614678899083,1625.0,0.0,0.005538461538461538,0.009846153846153846,0.004923076923076923,6.78191374253823,0.0,3.0,0.013761467889908258,0.5137614678899083,0.0,0.0,8.0,0.0,0.0,12.0,5.0,0.022935779816513763,18.0,10.0,43.0,0.02646153846153846,0.0,0.10138248847926268,0.05092592592592592,0.34403669724770647,0.0,0.0,0.0,18.0,0.6559633027522935,143.0,0.0,218.0
-0.318455,324.0,1.375002,935.0,-103.179449,186.0,26.4,1.5,5.931818181818182,937.0,0.0,0.0,0.016008537886873,0.0,6.142730861717137,0.0,0.0,0.0,0.5303030303030303,0.0,0.0,0.0,0.0,0.0,8.0,3.0,0.022727272727272728,2.0,2.0,20.0,0.021344717182497332,0.0,0.06870229007633588,0.03076923076923077,0.33333333333333337,0.0,0.0,0.0,5.0,0.6666666666666666,88.0,0.0,132.0
-0.149163,170.0,1.160862,912.0,-25.357748,129.28571428571428,20.285714285714285,1.4947368421052631,5.323943661971831,914.0,0.0,0.002188183807439825,0.005470459518599562,0.0,6.1453162006096775,0.0,0.0,0.0,0.528169014084507,3.0,0.02112676056338028,0.0,0.0,0.0,16.0,0.0,0.0,2.0,2.0,17.0,0.018599562363238512,0.0,0.10638297872340426,0.03571428571428571,0.33098591549295775,0.0,0.0,0.0,7.0,0.6690140845070423,95.0,0.0,142.0
-0.221033,281.0,1.247365,1482.0,-62.110413,210.85714285714286,28.571428571428573,1.1695906432748537,6.29,1486.0,0.0,0.0013458950201884253,0.004710632570659489,0.0,7.269886252177368,0.0,0.0,0.0,0.77,3.0,0.015,0.0,0.0,0.0,9.0,0.0,0.0,4.0,2.0,27.0,0.01816958277254374,0.0,0.01507537688442211,0.005050505050505051,0.14500000000000002,0.0,0.0,0.0006729475100942127,7.0,0.855,171.0,0.0,200.0
-0.097507,336.0,1.102419,808.0,-32.762335,114.42857142857143,15.0,1.2962962962962963,6.514285714285714,810.0,0.0,0.0,0.012345679012345678,0.0,6.2021080175631,0.0,0.0,0.0,0.6095238095238096,0.0,0.0,0.0,0.0,0.0,4.0,2.0,0.01904761904761905,2.0,2.0,19.0,0.02345679012345679,0.0,0.04807692307692308,0.009708737864077669,0.22857142857142854,0.0,0.0,0.0,7.0,0.7714285714285715,81.0,0.0,105.0
-0.218774,1768.0,1.24455,5030.0,-386.79207,172.24137931034483,21.862068965517242,2.178694158075601,6.615141955835962,5063.0,0.0,0.002962670353545329,0.01836855619198104,0.0009875567845151097,7.52152332849543,0.0,6.0,0.00946372239747634,0.305993690851735,0.0,0.0,12.0,8.0,0.0,22.0,6.0,0.00946372239747634,33.0,17.0,181.0,0.03574955559944697,0.0,0.20695102685624012,0.11234177215189874,0.5410094637223974,0.0,0.0,0.0,29.0,0.4589905362776025,291.0,0.0,634.0
-0.1561415,0.0,1.1689919999999998,268.0,-77.5851265,88.33333333333333,15.0,1.3235294117647058,4.822222222222222,270.0,0.0,0.0,0.011111111111111112,0.0,4.952638373963222,0.0,2.0,0.044444444444444446,0.5777777777777777,1.0,0.022222222222222223,0.0,0.0,0.0,3.0,0.0,0.0,2.0,2.0,10.0,0.037037037037037035,0.0,0.045454545454545456,0.023255813953488372,0.24444444444444446,2.0,0.044444444444444446,0.0,3.0,0.7555555555555555,34.0,0.0,45.0
-0.123015,338.0,1.130902,1789.0,-41.57923,161.63636363636363,23.454545454545453,1.6973684210526316,5.794573643410852,1797.0,0.0,0.001669449081803005,0.010573177518085699,0.0011129660545353367,6.714572447373507,0.0,0.0,0.0,0.45348837209302323,2.0,0.007751937984496124,0.0,0.0,0.0,18.0,0.0,0.0,8.0,5.0,35.0,0.019476905954368393,0.0,0.10116731517509728,0.0390625,0.4108527131782945,1.0,0.003875968992248062,0.0,11.0,0.5891472868217055,152.0,0.003875968992248062,258.0
-0.347792,427.0,1.415937,2431.0,-148.507025,302.625,39.5,1.0604026845637584,6.620253164556962,2435.0,0.0,0.0004106776180698152,0.0012320328542094457,0.0004106776180698152,8.178749814619104,0.0004106776180698152,1.0,0.0031645569620253164,0.8987341772151899,3.0,0.00949367088607595,0.0,0.0,0.0,4.0,2.0,0.006329113924050633,4.0,3.0,20.0,0.008213552361396304,0.0,0.0,0.0,0.05696202531645567,0.0,0.0,0.0004106776180698152,8.0,0.9430379746835443,298.0,0.0,316.0
-0.123809,372.0,1.1318,890.0,-46.057055,80.0909090909091,10.818181818181818,1.4166666666666667,6.226890756302521,896.0,0.0,0.004464285714285714,0.013392857142857142,0.0033482142857142855,6.162393263340957,0.0,3.0,0.025210084033613446,0.5546218487394958,0.0,0.0,3.0,0.0,0.0,6.0,0.0,0.0,6.0,3.0,30.0,0.033482142857142856,0.0,0.05084745762711865,0.02564102564102564,0.2941176470588235,0.0,0.0,0.0,11.0,0.7058823529411765,84.0,0.0,119.0
-0.204452,726.0,1.226853,2049.0,-148.43226,101.35,14.15,1.979020979020979,6.070671378091872,2062.0,0.0,0.002909796314258002,0.008244422890397672,0.0024248302618816685,6.522396846704397,0.0,2.0,0.007067137809187279,0.37809187279151946,0.0,0.0,5.0,0.0,0.0,20.0,2.0,0.007067137809187279,13.0,7.0,43.0,0.020853540252182348,0.0,0.25177304964539005,0.17793594306049823,0.4946996466431095,0.0,0.0,0.0,20.0,0.5053003533568905,143.0,0.0,283.0
-0.147812,201.0,1.159294,1067.0,-29.710131,176.83333333333334,28.0,1.5272727272727273,5.285714285714286,1069.0,0.0,0.0,0.004677268475210477,0.0,6.382622423918606,0.0,0.0,0.0,0.5119047619047619,2.0,0.011904761904761904,0.0,0.0,0.0,13.0,0.0,0.0,2.0,2.0,14.0,0.013096351730589336,0.0,0.041916167664670656,0.012048192771084338,0.34523809523809523,0.0,0.0,0.0,6.0,0.6547619047619048,110.0,0.0,168.0
-0.242089,408.0,1.273908,2157.0,-98.772478,307.57142857142856,40.142857142857146,1.151639344262295,6.580071174377224,2163.0,0.0,0.0,0.004160887656033287,0.0,7.797404169316166,0.0,0.0,0.0,0.8042704626334519,1.0,0.0035587188612099642,0.0,2.0,0.0,5.0,0.0,0.0,6.0,4.0,28.0,0.012944983818770227,0.0,0.007142857142857143,0.0,0.1316725978647687,0.0,0.0,0.0,7.0,0.8683274021352313,244.0,0.0,281.0
-0.144485,687.0,1.155445,1698.0,-99.261528,153.0,20.0,1.4012738853503184,6.568181818181818,1708.0,0.0,0.0,0.00819672131147541,0.0,7.060140211250122,0.0,6.0,0.02727272727272727,0.55,0.0,0.0,0.0,0.0,0.0,8.0,0.0,0.0,10.0,6.0,27.0,0.015807962529274005,0.0,0.0502283105022831,0.009174311926605505,0.2863636363636364,0.0,0.0,0.0,11.0,0.7136363636363636,157.0,0.0,220.0
-0.209291,717.0,1.232804,1976.0,-150.061576,98.45,11.55,1.6985294117647058,7.0995670995671,1997.0,0.0,0.005508262393590386,0.010515773660490736,0.005508262393590386,6.722574665442797,0.0,5.0,0.021645021645021644,0.4069264069264069,0.0,0.0,20.0,0.0,0.0,9.0,0.0,0.0,21.0,2.0,67.0,0.03355032548823235,0.0,0.16521739130434782,0.056768558951965066,0.4112554112554112,0.0,0.0,0.0,20.0,0.5887445887445888,136.0,0.0,231.0
-0.1561415,0.0,1.1689919999999998,159.0,-77.5851265,79.0,14.5,1.1153846153846154,4.379310344827586,159.0,0.0,0.0,0.012578616352201259,0.0,4.651084443403434,0.0,2.0,0.06896551724137931,0.7931034482758621,0.0,0.0,0.0,0.0,0.0,2.0,0.0,0.0,0.0,1.0,8.0,0.050314465408805034,0.0,0.0,0.0,0.10344827586206895,0.0,0.0,0.0,2.0,0.896551724137931,26.0,0.0,29.0
-0.10039,265.0,1.105602,1412.0,-26.60332,175.5,24.625,1.6982758620689655,6.030456852791878,1420.0,0.0,0.0014084507042253522,0.007042253521126761,0.005633802816901409,6.523071008396047,0.0,0.0,0.0,0.38578680203045684,1.0,0.005076142131979695,0.0,0.0,0.0,11.0,1.0,0.005076142131979695,8.0,5.0,27.0,0.019014084507042252,0.0,0.12244897959183673,0.041025641025641026,0.41116751269035534,0.0,0.0,0.0,8.0,0.5888324873096447,116.0,0.0,197.0
-0.224122,187.0,1.251223,973.0,-41.910759,161.66666666666666,22.5,1.0975609756097562,6.088888888888889,973.0,0.0,0.0,0.010277492291880781,0.0,6.887854300722483,0.0,1.0,0.007407407407407408,0.837037037037037,1.0,0.007407407407407408,0.0,0.0,0.0,3.0,1.0,0.007407407407407408,0.0,1.0,21.0,0.02158273381294964,0.0,0.0,0.0,0.0888888888888889,0.0,0.0,0.0,6.0,0.9111111111111111,123.0,0.0,135.0
-0.1561415,0.0,1.1689919999999998,151.0,-77.5851265,75.0,11.0,1.0476190476190477,5.681818181818182,151.0,0.0,0.0,0.019867549668874173,0.0,4.3685225277282065,0.0,1.0,0.045454545454545456,0.9090909090909091,0.0,0.0,0.0,0.0,0.0,2.0,1.0,0.045454545454545456,0.0,1.0,5.0,0.033112582781456956,0.0,0.0,0.0,0.045454545454545414,0.0,0.0,0.0,2.0,0.9545454545454546,21.0,0.0,22.0
-0.160475,259.0,1.174068,686.0,-41.562981,136.4,17.8,1.155844155844156,6.573033707865169,686.0,0.0,0.0,0.0058309037900874635,0.0058309037900874635,6.183598599505723,0.0,4.0,0.0449438202247191,0.7528089887640449,0.0,0.0,0.0,0.0,0.0,4.0,2.0,0.02247191011235955,0.0,1.0,13.0,0.018950437317784258,0.0,0.011363636363636364,0.0,0.1348314606741573,0.0,0.0,0.0,5.0,0.8651685393258427,77.0,0.011235955056179775,89.0
-0.06646,34.0,1.068718,90.0,-2.259643,90.0,14.0,1.0769230769230769,5.357142857142857,90.0,0.0,0.0,0.011111111111111112,0.0,3.6644977792004614,0.0,1.0,0.07142857142857142,0.8571428571428571,0.0,0.0,0.0,0.0,0.0,2.0,2.0,0.14285714285714285,0.0,1.0,2.0,0.022222222222222223,0.0,0.0,0.0,0.0714285714285714,0.0,0.0,0.0,1.0,0.9285714285714286,13.0,0.0,14.0
-0.068677,131.0,1.07109,693.0,-8.99666,172.25,26.5,1.358974358974359,5.415094339622642,695.0,0.0,0.0014388489208633094,0.008633093525179856,0.0,6.04986099247898,0.0,0.0,0.0,0.5849056603773585,0.0,0.0,0.0,0.0,0.0,8.0,1.0,0.009433962264150943,2.0,2.0,13.0,0.01870503597122302,0.0,0.047619047619047616,0.019230769230769232,0.26415094339622647,0.0,0.0,0.0,4.0,0.7358490566037735,78.0,0.0,106.0
-0.293706,198.0,1.341389,1042.0,-58.15375,207.8,29.8,1.1550387596899225,5.89261744966443,1046.0,0.0,0.0019120458891013384,0.0038240917782026767,0.0,6.816657322804194,0.0,0.0,0.0,0.8187919463087249,2.0,0.013422818791946308,0.0,0.0,0.0,10.0,2.0,0.013422818791946308,4.0,2.0,15.0,0.014340344168260038,0.0,0.0,0.0,0.13422818791946312,0.0,0.0,0.0009560229445506692,5.0,0.8657718120805369,129.0,0.0,149.0
-0.057435,150.0,1.059117,384.0,-8.615305,127.33333333333333,16.0,1.2307692307692308,6.875,384.0,0.0,0.0,0.010416666666666666,0.0,5.095175521464345,0.0,0.0,0.0,0.7083333333333334,0.0,0.0,0.0,0.0,0.0,6.0,1.0,0.020833333333333332,0.0,1.0,7.0,0.018229166666666668,0.0,0.0,0.0,0.1875,0.0,0.0,0.0,3.0,0.8125,39.0,0.0,48.0
-0.222483,198.0,1.249175,545.0,-44.05169,135.25,16.75,1.098360655737705,6.970149253731344,547.0,0.0,0.0,0.012797074954296161,0.0,5.875717735201601,0.0,1.0,0.014925373134328358,0.835820895522388,0.0,0.0,0.0,0.0,0.0,3.0,0.0,0.0,2.0,2.0,11.0,0.02010968921389397,0.0,0.0,0.0,0.08955223880597019,0.0,0.0,0.0,4.0,0.9104477611940298,61.0,0.0,67.0
-0.1561415,0.0,1.1689919999999998,131.0,-77.5851265,65.0,11.5,1.15,4.608695652173913,131.0,0.0,0.0,0.007633587786259542,0.0,4.2626923908396215,0.0,1.0,0.043478260869565216,0.7391304347826086,0.0,0.0,0.0,0.0,0.0,2.0,1.0,0.043478260869565216,0.0,1.0,5.0,0.03816793893129771,0.0,0.0,0.0,0.13043478260869568,1.0,0.043478260869565216,0.0,2.0,0.8695652173913043,20.0,0.0,23.0
-0.149143,349.0,1.160839,1698.0,-52.050885,120.42857142857143,17.928571428571427,1.56875,5.5936254980079685,1706.0,0.0,0.0035169988276670576,0.011723329425556858,0.0029308323563892145,6.916459839283528,0.0,0.0,0.0,0.47808764940239046,4.0,0.01593625498007968,5.0,0.0,0.0,16.0,2.0,0.00796812749003984,8.0,3.0,47.0,0.027549824150058615,0.0,0.04,0.008032128514056224,0.36254980079681276,2.0,0.00796812749003984,0.0,14.0,0.6374501992031872,160.0,0.0199203187250996,251.0
-0.330422,501.0,1.391555,2748.0,-165.541282,151.77777777777777,19.444444444444443,1.08359133126935,6.711428571428572,2757.0,0.0,0.0003627130939426913,0.0029017047515415306,0.0029017047515415306,8.261478620527853,0.0003627130939426913,2.0,0.005714285714285714,0.8742857142857143,4.0,0.011428571428571429,7.0,0.0,0.0,7.0,1.0,0.002857142857142857,9.0,2.0,44.0,0.01595937613347842,0.0,0.0,0.0,0.07714285714285718,0.0,0.0,0.0003627130939426913,18.0,0.9228571428571428,323.0,0.0,350.0
-0.126189,130.0,1.134496,632.0,-16.404515,211.0,32.666666666666664,1.53125,5.336734693877551,634.0,0.0,0.0031545741324921135,0.0,0.0,5.680936629785341,0.0,0.0,0.0,0.46938775510204084,1.0,0.01020408163265306,0.0,0.0,0.0,8.0,2.0,0.02040816326530612,2.0,2.0,17.0,0.026813880126182965,0.0,0.09278350515463918,0.041666666666666664,0.34693877551020413,0.0,0.0,0.0,3.0,0.6530612244897959,64.0,0.0,98.0
-0.266978,473.0,1.306011,1377.0,-126.280478,90.86666666666666,11.4,1.2302158273381294,6.812865497076023,1386.0,0.0,0.0007215007215007215,0.012987012987012988,0.0036075036075036075,6.975462219612537,0.0,3.0,0.017543859649122806,0.7017543859649122,0.0,0.0,5.0,0.0,0.0,5.0,0.0,0.0,9.0,3.0,42.0,0.030303030303030304,0.0,0.01764705882352941,0.0,0.1871345029239766,0.0,0.0,0.0,15.0,0.8128654970760234,139.0,0.011695906432748537,171.0
-0.097613,218.0,1.102536,1174.0,-21.279697,166.57142857142858,24.857142857142858,1.4745762711864407,5.64367816091954,1178.0,0.0,0.001697792869269949,0.006791171477079796,0.001697792869269949,6.5059238791511325,0.0,0.0,0.0,0.5459770114942529,4.0,0.022988505747126436,0.0,0.0,0.0,13.0,1.0,0.005747126436781609,4.0,3.0,18.0,0.015280135823429542,0.0,0.03468208092485549,0.0,0.32183908045977017,0.0,0.0,0.0,7.0,0.6781609195402298,118.0,0.0,174.0
-0.222006,272.0,1.248579,1347.0,-60.385746,223.5,28.833333333333332,1.108974358974359,6.595375722543353,1356.0,0.0,0.0,0.004424778761061947,0.0014749262536873156,7.1997774155957375,0.0,0.0,0.0,0.8439306358381503,3.0,0.017341040462427744,0.0,3.0,0.0,5.0,0.0,0.0,9.0,3.0,32.0,0.02359882005899705,0.0,0.0,0.0,0.09826589595375723,0.0,0.0,0.0007374631268436578,6.0,0.9017341040462428,156.0,0.0,173.0
-0.124335,429.0,1.132395,1132.0,-53.339818,140.375,19.625,1.5242718446601942,6.031847133757962,1136.0,0.0,0.0017605633802816902,0.013204225352112676,0.0017605633802816902,6.478182472029308,0.0,2.0,0.012738853503184714,0.43312101910828027,0.0,0.0,0.0,0.0,0.0,7.0,3.0,0.01910828025477707,4.0,3.0,27.0,0.023767605633802816,0.0,0.14743589743589744,0.0967741935483871,0.3439490445859873,0.0,0.0,0.0,8.0,0.6560509554140127,103.0,0.0,157.0
-0.261012,391.0,1.298244,1070.0,-102.055846,132.5,20.125,1.8089887640449438,5.403726708074534,1076.0,0.0,0.0018587360594795538,0.013940520446096654,0.0018587360594795538,6.105276249529553,0.0,0.0,0.0,0.3416149068322981,0.0,0.0,4.0,0.0,0.0,11.0,0.0,0.0,6.0,3.0,27.0,0.02509293680297398,0.0,0.1875,0.1069182389937107,0.44720496894409933,0.0,0.0,0.0,8.0,0.5527950310559007,89.0,0.0,161.0
-0.1561415,0.0,1.1689919999999998,162.0,-77.5851265,80.5,14.0,1.12,4.678571428571429,162.0,0.0,0.0,0.012345679012345678,0.0,4.59306920777189,0.0,1.0,0.03571428571428571,0.7857142857142857,0.0,0.0,0.0,0.0,0.0,2.0,0.0,0.0,0.0,1.0,7.0,0.043209876543209874,0.0,0.0,0.0,0.1071428571428571,1.0,0.03571428571428571,0.0,2.0,0.8928571428571429,25.0,0.0,28.0
-0.136077,209.0,1.14577,1165.0,-28.440031,165.14285714285714,24.714285714285715,1.4913793103448276,5.630057803468208,1171.0,0.0,0.0,0.004269854824935952,0.0,6.519485019805501,0.0,0.0,0.0,0.5375722543352601,3.0,0.017341040462427744,0.0,0.0,0.0,8.0,0.0,0.0,6.0,4.0,18.0,0.015371477369769428,0.0,0.03488372093023256,0.023391812865497075,0.32947976878612717,0.0,0.0,0.0,7.0,0.6705202312138728,116.0,0.0,173.0
-0.194674,207.0,1.214914,1074.0,-40.297418,178.0,23.666666666666668,1.0923076923076922,6.47887323943662,1076.0,0.0,0.0009293680297397769,0.0027881040892193307,0.0,6.9446808133162055,0.0,0.0,0.0,0.8661971830985915,2.0,0.014084507042253521,0.0,0.0,0.0,5.0,0.0,0.0,2.0,2.0,16.0,0.01486988847583643,0.0,0.0,0.0,0.08450704225352113,0.0,0.0,0.0,6.0,0.9154929577464789,130.0,0.0,142.0
-0.131362,366.0,1.14038,903.0,-48.078366,149.33333333333334,20.333333333333332,1.3707865168539326,6.286885245901639,907.0,0.0,0.0,0.007717750826901874,0.0,6.167961517677955,0.0,9.0,0.07377049180327869,0.5901639344262295,0.0,0.0,0.0,0.0,0.0,9.0,1.0,0.00819672131147541,4.0,3.0,13.0,0.014332965821389196,0.0,0.09917355371900827,0.05,0.2704918032786885,0.0,0.0,0.0,6.0,0.7295081967213115,89.0,0.0,122.0
-0.188592,293.0,1.207548,813.0,-55.257513,203.75,28.0,1.4736842105263157,6.116071428571429,817.0,0.0,0.0024479804161566705,0.009791921664626682,0.0,6.042634024809885,0.0,1.0,0.008928571428571428,0.4732142857142857,0.0,0.0,0.0,0.0,0.0,6.0,0.0,0.0,4.0,2.0,16.0,0.019583843329253364,0.0,0.09009009009009009,0.03636363636363636,0.3214285714285714,0.0,0.0,0.0,4.0,0.6785714285714286,76.0,0.0,112.0
-0.117834,180.0,1.125057,995.0,-21.210121,164.83333333333334,24.833333333333332,1.6555555555555554,5.563758389261745,997.0,0.0,0.0,0.007021063189568706,0.0,6.045731004410784,0.0,0.0,0.0,0.4429530201342282,5.0,0.03355704697986577,0.0,0.0,0.0,15.0,1.0,0.006711409395973154,2.0,2.0,18.0,0.01805416248746239,0.0,0.10135135135135136,0.04081632653061224,0.3959731543624161,0.0,0.0,0.0,6.0,0.6040268456375839,90.0,0.0,149.0
-0.438768,3072.0,1.550795,12390.0,-1347.894286,476.15384615384613,61.38461538461539,1.177859778597786,6.6002506265664165,12398.0,0.0,0.0008065817067268914,0.015809001451847073,0.006130020971124375,9.991817684723053,0.0,3.0,0.0018796992481203006,0.8176691729323309,3.0,0.0018796992481203006,4.0,2.0,0.0,53.0,3.0,0.0018796992481203006,8.0,3.0,287.0,0.023148894983061784,0.0,0.035736677115987464,0.029485570890840654,0.15100250626566414,2.0,0.0012531328320802004,0.00016131634134537829,26.0,0.8489974937343359,1355.0,0.008771929824561403,1596.0
-0.1561415,0.0,1.1689919999999998,823.0,-77.5851265,136.0,18.0,1.542857142857143,6.444444444444445,827.0,0.0,0.0,0.012091898428053204,0.0,5.937622108584853,0.0,0.0,0.0,0.4166666666666667,0.0,0.0,0.0,0.0,0.0,4.0,4.0,0.037037037037037035,4.0,3.0,18.0,0.02176541717049577,0.0,0.09345794392523364,0.02830188679245283,0.35185185185185186,0.0,0.0,0.0,6.0,0.6481481481481481,70.0,0.0,108.0
-0.089062,232.0,1.093148,611.0,-20.662342,203.0,26.666666666666668,1.1594202898550725,6.55,611.0,0.0,0.0,0.008183306055646482,0.0,6.018619813556233,0.0,3.0,0.0375,0.7625,0.0,0.0,0.0,0.0,0.0,3.0,3.0,0.0375,0.0,1.0,8.0,0.01309328968903437,0.0,0.02531645569620253,0.0,0.13749999999999996,0.0,0.0,0.0,3.0,0.8625,69.0,0.0,80.0
-0.216099,250.0,1.241225,708.0,-54.024689,176.25,24.0,1.1851851851851851,6.208333333333333,708.0,0.0,0.0,0.012711864406779662,0.0,6.228038932945214,0.0,0.0,0.0,0.7395833333333334,0.0,0.0,0.0,0.0,0.0,4.0,3.0,0.03125,0.0,1.0,17.0,0.02401129943502825,0.0,0.021052631578947368,0.010638297872340425,0.15625,0.0,0.0,0.0,4.0,0.84375,81.0,0.0,96.0
-0.119186,175.0,1.12658,936.0,-20.857625,155.0,22.833333333333332,1.5054945054945055,5.700729927007299,938.0,0.0,0.0,0.01279317697228145,0.0,6.202082678696263,0.0,1.0,0.0072992700729927005,0.5255474452554745,1.0,0.0072992700729927005,0.0,0.0,0.0,7.0,1.0,0.0072992700729927005,2.0,2.0,21.0,0.022388059701492536,0.0,0.07352941176470588,0.022222222222222223,0.33576642335766427,0.0,0.0,0.0,6.0,0.6642335766423357,91.0,0.0,137.0
-0.181855,143.0,1.19944,795.0,-26.005204,158.2,20.6,1.0510204081632653,6.592233009708738,797.0,0.0,0.0,0.00878293601003764,0.0,6.589413148542442,0.0,0.0,0.0,0.9029126213592233,0.0,0.0,0.0,0.0,0.0,2.0,0.0,0.0,2.0,2.0,15.0,0.018820577164366373,0.0,0.00980392156862745,0.0,0.04854368932038833,0.0,0.0,0.0012547051442910915,5.0,0.9514563106796117,98.0,0.0,103.0
-0.115655,336.0,1.122609,1165.0,-38.860111,128.88888888888889,19.444444444444443,1.2681159420289856,5.531428571428571,1171.0,0.0,0.0017079419299743809,0.007685738684884714,0.0,6.951634414888211,0.0,5.0,0.02857142857142857,0.6457142857142857,0.0,0.0,0.0,0.0,0.0,7.0,2.0,0.011428571428571429,6.0,4.0,23.0,0.01964133219470538,0.0,0.028735632183908046,0.0,0.2114285714285714,0.0,0.0,0.0,9.0,0.7885714285714286,138.0,0.0,175.0
-0.206934,792.0,1.229901,2146.0,-163.891395,92.3913043478261,12.347826086956522,1.775,6.147887323943662,2159.0,0.0,0.0004631773969430292,0.013432144511347846,0.005094951366373321,6.757144341127469,0.0,1.0,0.0035211267605633804,0.4295774647887324,0.0,0.0,10.0,10.0,0.0,18.0,1.0,0.0035211267605633804,13.0,3.0,105.0,0.04863362667901806,0.0,0.23674911660777384,0.1595744680851064,0.43661971830985913,0.0,0.0,0.0,23.0,0.5633802816901409,160.0,0.0,284.0
-0.100674,134.0,1.105916,749.0,-13.490354,148.8,21.6,1.3012048192771084,5.824074074074074,751.0,0.0,0.0,0.0039946737683089215,0.0,6.159696067557043,0.0,0.0,0.0,0.6481481481481481,0.0,0.0,0.0,0.0,0.0,7.0,0.0,0.0,2.0,2.0,15.0,0.019973368841544607,0.0,0.009345794392523364,0.0,0.2314814814814815,0.0,0.0,0.0,5.0,0.7685185185185185,83.0,0.0,108.0
-0.189197,86.0,1.20828,490.0,-16.270984,244.5,34.0,1.0461538461538462,6.117647058823529,490.0,0.0,0.0,0.0020408163265306124,0.0,5.999227547132692,0.0,0.0,0.0,0.9117647058823529,0.0,0.0,0.0,0.0,0.0,2.0,0.0,0.0,0.0,1.0,11.0,0.022448979591836733,0.0,0.0,0.0,0.044117647058823484,0.0,0.0,0.0,2.0,0.9558823529411765,65.0,0.0,68.0
-0.07687,388.0,1.079901,946.0,-29.825475,156.66666666666666,20.166666666666668,1.2736842105263158,6.628099173553719,948.0,0.0,0.0,0.011603375527426161,0.0,6.44357584054462,0.0,4.0,0.03305785123966942,0.6198347107438017,0.0,0.0,0.0,0.0,0.0,4.0,0.0,0.0,2.0,2.0,23.0,0.024261603375527425,0.0,0.05,0.025210084033613446,0.2148760330578512,0.0,0.0,0.0,6.0,0.7851239669421488,95.0,0.0,121.0
-0.256643,980.0,1.292583,2594.0,-251.509699,58.0,7.704545454545454,1.695,6.389380530973451,2622.0,0.0,0.0007627765064836003,0.013348588863463006,0.008009153318077803,7.1750866447723665,0.0,11.0,0.032448377581120944,0.41887905604719766,0.0,0.0,20.0,0.0,0.0,13.0,0.0,0.0,28.0,6.0,85.0,0.03241800152555301,0.0,0.15680473372781065,0.08605341246290801,0.41002949852507375,0.0,0.0,0.0,44.0,0.5899705014749262,200.0,0.014749262536873156,339.0
-0.125115,367.0,1.133279,1953.0,-45.917157,120.875,18.125,1.7682926829268293,5.606896551724138,1961.0,0.0,0.0,0.009178990311065782,0.0,6.87936532738968,0.0,0.0,0.0,0.4,4.0,0.013793103448275862,0.0,0.0,0.0,18.0,1.0,0.0034482758620689655,8.0,5.0,38.0,0.019377868434472208,0.0,0.1245674740484429,0.04861111111111111,0.43448275862068964,0.0,0.0,0.0,16.0,0.5655172413793104,164.0,0.0,290.0
-0.28886,643.0,1.334905,3098.0,-185.737265,308.8,28.5,1.0754716981132075,9.74736842105263,3104.0,0.0,0.00032216494845360824,0.0022551546391752575,0.0,7.992485959906524,0.0,1.0,0.0035087719298245615,0.8842105263157894,3.0,0.010526315789473684,0.0,0.0,0.0,4.0,0.0,0.0,6.0,4.0,34.0,0.01095360824742268,0.0,0.0,0.0,0.07017543859649122,0.0,0.0,0.00032216494845360824,10.0,0.9298245614035088,265.0,0.0,285.0
-0.087754,606.0,1.09172,1507.0,-53.178913,149.4,18.5,1.6228070175438596,6.972972972972973,1515.0,0.0,0.0,0.009900990099009901,0.0,6.546133591221531,0.0,5.0,0.02702702702702703,0.40540540540540543,0.0,0.0,0.0,0.0,0.0,7.0,0.0,0.0,8.0,5.0,29.0,0.01914191419141914,0.0,0.10869565217391304,0.07103825136612021,0.38378378378378375,0.0,0.0,0.0,10.0,0.6162162162162163,114.0,0.0,185.0
-0.227228,307.0,1.255116,878.0,-69.759055,175.8,21.6,1.3333333333333333,6.953703703703703,882.0,0.0,0.0022675736961451248,0.011337868480725623,0.0,6.178362849325594,0.0,0.0,0.0,0.5833333333333334,0.0,0.0,0.0,0.0,0.0,4.0,0.0,0.0,4.0,2.0,19.0,0.021541950113378686,0.0,0.06542056074766354,0.02830188679245283,0.25,0.0,0.0,0.0,5.0,0.75,81.0,0.0,108.0
-0.1561415,0.0,1.1689919999999998,284.0,-77.5851265,141.5,21.0,1.2727272727272727,5.642857142857143,284.0,0.0,0.0,0.014084507042253521,0.0,4.859828661431134,0.0,0.0,0.0,0.6666666666666666,0.0,0.0,0.0,0.0,0.0,5.0,0.0,0.0,0.0,1.0,7.0,0.02464788732394366,0.0,0.0,0.0,0.2142857142857143,0.0,0.0,0.0,2.0,0.7857142857142857,33.0,0.0,42.0
-0.07866,93.0,1.081836,459.0,-7.315377,152.33333333333334,25.0,1.3636363636363635,5.026666666666666,459.0,0.0,0.0,0.006535947712418301,0.0,5.515141524691475,0.0,0.0,0.0,0.6133333333333333,0.0,0.0,0.0,0.0,0.0,7.0,0.0,0.0,0.0,1.0,8.0,0.017429193899782137,0.0,0.02702702702702703,0.0136986301369863,0.2666666666666667,0.0,0.0,0.0,3.0,0.7333333333333333,55.0,0.0,75.0
-0.190518,164.0,1.209877,870.0,-31.245,216.75,31.0,1.1272727272727272,5.92741935483871,870.0,0.0,0.0,0.004597701149425287,0.0,6.683150822689804,0.0,0.0,0.0,0.8145161290322581,0.0,0.0,0.0,0.0,0.0,5.0,0.0,0.0,0.0,1.0,13.0,0.014942528735632184,0.0,0.0,0.0,0.11290322580645162,1.0,0.008064516129032258,0.0011494252873563218,4.0,0.8870967741935484,110.0,0.0,124.0
-0.11424,160.0,1.121021,398.0,-18.278385,132.0,17.0,1.108695652173913,6.666666666666667,398.0,0.0,0.0,0.01256281407035176,0.0,5.4467434791415545,0.0,1.0,0.0196078431372549,0.8431372549019608,0.0,0.0,0.0,0.0,0.0,3.0,2.0,0.0392156862745098,0.0,1.0,8.0,0.020100502512562814,0.0,0.0,0.0,0.0980392156862745,0.0,0.0,0.0,3.0,0.9019607843137255,46.0,0.0,51.0
-0.256709,605.0,1.292668,1678.0,-155.308663,103.9375,13.5625,1.4183006535947713,6.539170506912442,1688.0,0.0,0.0005924170616113745,0.013625592417061612,0.002962085308056872,6.973487956450496,0.0,4.0,0.018433179723502304,0.5668202764976958,0.0,0.0,5.0,0.0,0.0,10.0,4.0,0.018433179723502304,10.0,4.0,40.0,0.023696682464454975,0.0,0.05092592592592592,0.03255813953488372,0.2949308755760369,0.0,0.0,0.0,16.0,0.7050691244239631,153.0,0.0,217.0
-0.094546,174.0,1.09916,923.0,-16.451065,229.75,34.25,1.5054945054945055,5.627737226277373,925.0,0.0,0.001081081081081081,0.004324324324324324,0.006486486486486486,6.26386657246787,0.0,0.0,0.0,0.4744525547445255,3.0,0.021897810218978103,0.0,0.0,0.0,7.0,1.0,0.0072992700729927005,2.0,2.0,18.0,0.01945945945945946,0.0,0.11764705882352941,0.06666666666666667,0.33576642335766427,0.0,0.0,0.0,4.0,0.6642335766423357,91.0,0.0,137.0
-0.232055,238.0,1.261189,1257.0,-55.228983,208.5,30.333333333333332,1.1446540880503144,5.835164835164835,1259.0,0.0,0.0,0.004765687053216839,0.0,7.197193953314187,0.0,3.0,0.016483516483516484,0.8021978021978022,2.0,0.01098901098901099,0.0,0.0,0.0,6.0,1.0,0.005494505494505495,2.0,2.0,14.0,0.011119936457505957,0.0,0.0,0.0,0.12637362637362637,0.0,0.0,0.0007942811755361397,6.0,0.8736263736263736,159.0,0.0,182.0
-0.15458,213.0,1.167167,528.0,-32.925494,176.33333333333334,22.0,1.4042553191489362,6.848484848484849,530.0,0.0,0.0037735849056603774,0.005660377358490566,0.0,5.328950468617944,0.0,2.0,0.030303030303030304,0.5454545454545454,0.0,0.0,0.0,0.0,0.0,5.0,1.0,0.015151515151515152,2.0,2.0,10.0,0.018867924528301886,0.0,0.1076923076923077,0.046875,0.28787878787878785,0.0,0.0,0.0,3.0,0.7121212121212122,47.0,0.0,66.0
-0.356181,3072.0,1.427866,13848.0,-1094.187433,419.27272727272725,40.15151515151515,1.161262050832603,9.285283018867924,13888.0,3.0,0.0009360599078341013,0.0032402073732718892,0.0032402073732718892,9.992809758673864,0.0,6.0,0.004528301886792453,0.7947169811320755,4.0,0.0030188679245283017,6.0,1.0,1.0,11.0,3.0,0.0022641509433962265,40.0,10.0,180.0,0.012960829493087557,7.200460829493088e-05,0.0188821752265861,0.0045351473922902496,0.13886792452830188,2.0,0.0015094339622641509,7.200460829493088e-05,33.0,0.8611320754716981,1141.0,0.0015094339622641509,1325.0
-0.086371,88.0,1.090211,469.0,-7.600679,92.8,13.6,1.4166666666666667,5.75,471.0,0.0,0.004246284501061571,0.006369426751592357,0.0,5.377688392625481,0.0,0.0,0.0,0.5147058823529411,0.0,0.0,0.0,0.0,0.0,6.0,1.0,0.014705882352941176,2.0,2.0,10.0,0.021231422505307854,0.0,0.05970149253731343,0.030303030303030304,0.2941176470588235,0.0,0.0,0.0,5.0,0.7058823529411765,48.0,0.0,68.0
-0.190085,144.0,1.209352,766.0,-27.372226,255.0,34.333333333333336,1.1318681318681318,6.359223300970874,770.0,0.0,0.0025974025974025974,0.0012987012987012987,0.0,6.4073268621136705,0.0,0.0,0.0,0.8155339805825242,0.0,0.0,0.0,0.0,0.0,4.0,0.0,0.0,4.0,2.0,9.0,0.011688311688311689,0.0,0.0,0.0,0.11650485436893199,0.0,0.0,0.0012987012987012987,3.0,0.883495145631068,91.0,0.0,103.0
-0.057428,192.0,1.059109,468.0,-11.026224,116.0,15.0,1.2244897959183674,6.633333333333334,470.0,0.0,0.002127659574468085,0.010638297872340425,0.0,5.527642470572461,0.0,2.0,0.03333333333333333,0.65,0.0,0.0,0.0,0.0,0.0,3.0,0.0,0.0,2.0,2.0,10.0,0.02127659574468085,0.0,0.06779661016949153,0.034482758620689655,0.18333333333333335,0.0,0.0,0.0,4.0,0.8166666666666667,49.0,0.0,60.0
-0.325165,137.0,1.384258,357.0,-44.54754,118.0,14.666666666666666,1.0476190476190477,6.9772727272727275,359.0,0.0,0.002785515320334262,0.005571030640668524,0.0,5.3685225277282065,0.0,2.0,0.045454545454545456,0.9090909090909091,0.0,0.0,0.0,0.0,0.0,2.0,0.0,0.0,2.0,2.0,6.0,0.016713091922005572,0.0,0.0,0.0,0.045454545454545414,0.0,0.0,0.0,3.0,0.9545454545454546,42.0,0.0,44.0
-0.149654,256.0,1.161432,1424.0,-38.311439,176.875,24.25,1.5275590551181102,6.221649484536083,1428.0,0.0,0.0,0.00980392156862745,0.0,6.622392628920194,0.0,0.0,0.0,0.520618556701031,1.0,0.005154639175257732,0.0,0.0,0.0,10.0,1.0,0.005154639175257732,4.0,3.0,22.0,0.015406162464985995,0.0,0.04145077720207254,0.005208333333333333,0.34536082474226804,0.0,0.0,0.0,8.0,0.654639175257732,127.0,0.0,194.0
-0.389967,2764.0,1.476933,12817.0,-1077.869722,1601.125,166.25,1.0606060606060606,8.621804511278196,12819.0,0.0,7.800920508620017e-05,0.0003120368203448007,0.000468055230517201,10.252369101804112,0.0,0.0,0.0,0.8962406015037594,2.0,0.0015037593984962407,0.0,0.0,0.0,6.0,1.0,0.0007518796992481203,2.0,2.0,20.0,0.0015601841017240034,0.0,0.0007524454477050414,0.0,0.05714285714285716,0.0,0.0,7.800920508620017e-05,8.0,0.9428571428571428,1254.0,0.0924812030075188,1330.0
-0.1561415,0.0,1.1689919999999998,2226.0,-77.5851265,92.0,12.166666666666666,2.1313868613138687,6.284246575342466,2242.0,0.0,0.0053523639607493305,0.011150758251561105,0.003568242640499554,6.481162425297712,0.0,21.0,0.07191780821917808,0.2876712328767123,0.0,0.0,8.0,8.0,0.0,21.0,0.0,0.0,16.0,6.0,95.0,0.0423728813559322,0.0,0.25773195876288657,0.16206896551724137,0.5308219178082192,0.0,0.0,0.0,24.0,0.4691780821917808,137.0,0.0,292.0
-0.072015,153.0,1.074672,807.0,-11.018345,134.16666666666666,19.666666666666668,1.5128205128205128,5.677966101694915,809.0,0.0,0.002472187886279357,0.011124845488257108,0.0,5.982178274882765,0.0,0.0,0.0,0.5,1.0,0.00847457627118644,0.0,0.0,0.0,7.0,0.0,0.0,2.0,2.0,20.0,0.024721878862793572,0.0,0.03418803418803419,0.017241379310344827,0.3389830508474576,0.0,0.0,0.0,6.0,0.6610169491525424,78.0,0.0,118.0
-0.248122,526.0,1.281616,1439.0,-130.512133,109.76923076923077,14.538461538461538,1.4210526315789473,6.412698412698413,1448.0,0.0,0.003453038674033149,0.011049723756906077,0.0027624309392265192,6.749201403465792,0.0,3.0,0.015873015873015872,0.5608465608465608,0.0,0.0,4.0,0.0,0.0,9.0,0.0,0.0,9.0,4.0,36.0,0.024861878453038673,0.0,0.1276595744680851,0.08021390374331551,0.2962962962962963,0.0,0.0,0.0,13.0,0.7037037037037037,133.0,0.0,189.0
-0.115107,99.0,1.121993,532.0,-11.395574,88.33333333333333,12.833333333333334,1.1666666666666667,5.753246753246753,532.0,0.0,0.0,0.011278195488721804,0.0,5.924390073466326,0.0,0.0,0.0,0.7662337662337663,2.0,0.025974025974025976,0.0,0.0,0.0,5.0,0.0,0.0,0.0,1.0,17.0,0.03195488721804511,0.0,0.013157894736842105,0.0,0.1428571428571429,1.0,0.012987012987012988,0.0,6.0,0.8571428571428571,66.0,0.0,77.0
-0.182102,104.0,1.199736,619.0,-18.93857,205.66666666666666,29.333333333333332,1.0602409638554218,5.988636363636363,619.0,0.0,0.0,0.0016155088852988692,0.0,6.337216987930894,0.0,0.0,0.0,0.8977272727272727,2.0,0.022727272727272728,0.0,0.0,0.0,3.0,1.0,0.011363636363636364,0.0,1.0,7.0,0.011308562197092083,0.0,0.0,0.0,0.05681818181818177,1.0,0.011363636363636364,0.0016155088852988692,3.0,0.9431818181818182,83.0,0.0,88.0
-0.100523,227.0,1.10575,557.0,-22.818833,138.5,20.0,1.3114754098360655,5.8375,557.0,0.0,0.0,0.012567324955116697,0.0,5.753055907333277,0.0,0.0,0.0,0.625,0.0,0.0,0.0,0.0,0.0,4.0,1.0,0.0125,0.0,1.0,11.0,0.019748653500897665,0.0,0.11392405063291139,0.0641025641025641,0.23750000000000004,0.0,0.0,0.0,4.0,0.7625,61.0,0.0,80.0
-0.261335,610.0,1.298662,1725.0,-159.414232,122.64285714285714,17.857142857142858,1.6556291390728477,5.7,1737.0,0.0,0.002302820955670697,0.012665515256188831,0.0017271157167530224,6.8625330016019195,0.0,0.0,0.0,0.416,0.0,0.0,3.0,0.0,0.0,10.0,2.0,0.008,12.0,4.0,45.0,0.025906735751295335,0.0,0.13253012048192772,0.06048387096774194,0.396,0.0,0.0,0.0,14.0,0.604,151.0,0.0,250.0
-0.185864,232.0,1.204259,1223.0,-43.120507,134.88888888888889,19.555555555555557,1.4426229508196722,5.8125,1231.0,0.0,0.0008123476848090983,0.008935824532900082,0.0,6.590863314997422,0.0,0.0,0.0,0.5511363636363636,3.0,0.017045454545454544,0.0,0.0,0.0,12.0,0.0,0.0,8.0,5.0,21.0,0.017059301380991064,0.0,0.03428571428571429,0.005747126436781609,0.30681818181818177,1.0,0.005681818181818182,0.0,9.0,0.6931818181818182,122.0,0.017045454545454544,176.0
-0.29506,385.0,1.343207,2117.0,-113.597985,234.44444444444446,29.333333333333332,1.0775510204081633,6.909090909090909,2119.0,0.0,0.00047192071731949034,0.004719207173194903,0.0,7.873865520840827,0.0,0.0,0.0,0.8787878787878788,2.0,0.007575757575757576,0.0,0.0,0.0,6.0,2.0,0.007575757575757576,2.0,2.0,29.0,0.01368570080226522,0.0,0.0,0.0,0.07196969696969702,1.0,0.003787878787878788,0.00047192071731949034,9.0,0.928030303030303,245.0,0.0,264.0
-0.124565,143.0,1.132656,378.0,-17.812794,94.5,14.0,1.1666666666666667,5.517857142857143,380.0,0.0,0.005263157894736842,0.013157894736842105,0.0,5.472446216661828,0.0,0.0,0.0,0.7678571428571429,0.0,0.0,0.0,0.0,0.0,4.0,1.0,0.017857142857142856,2.0,2.0,13.0,0.034210526315789476,0.0,0.0,0.0,0.1428571428571429,0.0,0.0,0.0,4.0,0.8571428571428571,48.0,0.0,56.0
-0.358815,92.0,1.431631,254.0,-33.010951,126.5,18.5,1.15625,5.72972972972973,254.0,0.0,0.0,0.015748031496062992,0.0,4.93918309535868,0.0,2.0,0.05405405405405406,0.7297297297297297,0.0,0.0,0.0,0.0,0.0,2.0,2.0,0.05405405405405406,0.0,1.0,6.0,0.023622047244094488,0.0,0.0,0.0,0.1351351351351351,0.0,0.0,0.0,2.0,0.8648648648648649,32.0,0.0,37.0
-0.089426,107.0,1.093546,560.0,-9.568587,185.66666666666666,27.666666666666668,1.4310344827586208,5.614457831325301,562.0,0.0,0.0035587188612099642,0.005338078291814947,0.0,5.61137584116314,0.0,0.0,0.0,0.5421686746987951,0.0,0.0,0.0,0.0,0.0,6.0,0.0,0.0,2.0,2.0,11.0,0.019572953736654804,0.0,0.0975609756097561,0.024691358024691357,0.3012048192771084,0.0,0.0,0.0,3.0,0.6987951807228916,58.0,0.0,83.0
-0.235141,289.0,1.265087,1505.0,-67.955718,214.0,29.857142857142858,1.1675977653631284,6.100478468899522,1511.0,0.0,0.0013236267372600927,0.001985440105890139,0.0,7.34258003659032,0.0006618133686300463,0.0,0.0,0.7799043062200957,2.0,0.009569377990430622,0.0,0.0,0.0,6.0,2.0,0.009569377990430622,6.0,3.0,22.0,0.01455989410986102,0.0,0.009615384615384616,0.0,0.1435406698564593,2.0,0.009569377990430622,0.0006618133686300463,7.0,0.8564593301435407,179.0,0.0,209.0
-0.065884,249.0,1.068103,605.0,-16.405132,120.4,16.0,1.3793103448275863,6.3875,610.0,0.0,0.004918032786885246,0.00819672131147541,0.006557377049180328,5.718619813556233,0.0,0.0,0.0,0.5125,0.0,0.0,2.0,0.0,0.0,4.0,0.0,0.0,5.0,3.0,13.0,0.021311475409836064,0.0,0.10126582278481013,0.0641025641025641,0.275,0.0,0.0,0.0,5.0,0.725,58.0,0.0,80.0
-0.182263,731.0,1.19993,1976.0,-133.234406,140.57142857142858,17.0,1.5454545454545454,7.046218487394958,1994.0,0.0,0.003009027081243731,0.011534603811434303,0.0020060180541624875,6.931656484576663,0.0,7.0,0.029411764705882353,0.5,0.0,0.0,7.0,0.0,0.0,7.0,1.0,0.004201680672268907,18.0,8.0,51.0,0.025576730190571714,0.0,0.10970464135021098,0.038135593220338986,0.3529411764705882,0.0,0.0,0.0,14.0,0.6470588235294118,154.0,0.004201680672268907,238.0
-0.117549,215.0,1.124736,1129.0,-25.272931,111.7,17.0,1.4782608695652173,5.5058823529411764,1135.0,0.0,0.000881057268722467,0.00881057268722467,0.0,6.48210316335073,0.0,0.0,0.0,0.5411764705882353,1.0,0.0058823529411764705,0.0,0.0,0.0,10.0,1.0,0.0058823529411764705,6.0,4.0,23.0,0.02026431718061674,0.0,0.029585798816568046,0.005952380952380952,0.32352941176470584,0.0,0.0,0.0,10.0,0.6764705882352942,115.0,0.0,170.0
-0.282955,198.0,1.327045,1052.0,-56.025076,209.6,28.6,1.0916030534351144,6.223776223776224,1052.0,0.0,0.0009505703422053232,0.006653992395437262,0.0,6.967495287797082,0.0,2.0,0.013986013986013986,0.8601398601398601,2.0,0.013986013986013986,0.0,0.0,0.0,4.0,0.0,0.0,0.0,1.0,22.0,0.02091254752851711,0.0,0.0,0.0,0.08391608391608396,0.0,0.0,0.0009505703422053232,5.0,0.916083916083916,131.0,0.0,143.0
-0.078723,453.0,1.081905,1160.0,-35.661617,192.66666666666666,24.5,1.6704545454545454,6.761904761904762,1164.0,0.0,0.000859106529209622,0.009450171821305841,0.0,6.182903487812362,0.0,9.0,0.061224489795918366,0.3673469387755102,0.0,0.0,0.0,0.0,0.0,9.0,0.0,0.0,4.0,3.0,18.0,0.015463917525773196,0.0,0.19863013698630136,0.12413793103448276,0.4013605442176871,0.0,0.0,0.0,6.0,0.5986394557823129,88.0,0.0,147.0
-0.222431,631.0,1.24911,1830.0,-140.354228,151.5,19.416666666666668,1.6293706293706294,6.575107296137339,1838.0,0.0,0.001632208922742111,0.015778019586507073,0.001088139281828074,6.842216252790852,0.0,3.0,0.012875536480686695,0.41630901287553645,0.0,0.0,2.0,2.0,0.0,13.0,2.0,0.008583690987124463,8.0,5.0,63.0,0.03427638737758433,0.0,0.09913793103448276,0.047619047619047616,0.3862660944206009,0.0,0.0,0.0,12.0,0.6137339055793991,143.0,0.0,233.0
-0.118491,266.0,1.125797,1368.0,-31.518713,113.0,16.583333333333332,1.4214285714285715,5.698492462311558,1376.0,0.0,0.0029069767441860465,0.011627906976744186,0.002180232558139535,6.80724036795721,0.0,0.0,0.0,0.5778894472361809,3.0,0.01507537688442211,3.0,0.0,0.0,11.0,1.0,0.005025125628140704,8.0,5.0,35.0,0.025436046511627907,0.0,0.03535353535353535,0.01015228426395939,0.29648241206030146,0.0,0.0,0.0,12.0,0.7035175879396985,140.0,0.0,199.0
-0.171792,143.0,1.187431,769.0,-24.566263,191.5,27.75,1.1326530612244898,5.864864864864865,769.0,0.0,0.0,0.005201560468140442,0.0,6.503743231156499,0.0,0.0,0.0,0.8108108108108109,1.0,0.009009009009009009,0.0,0.0,0.0,6.0,2.0,0.018018018018018018,0.0,1.0,10.0,0.013003901170351105,0.0,0.0,0.0,0.11711711711711714,0.0,0.0,0.0,4.0,0.8828828828828829,98.0,0.0,111.0
-0.1486,297.0,1.160209,763.0,-44.134346,151.8,20.2,1.188235294117647,6.425742574257426,763.0,0.0,0.0,0.011795543905635648,0.0,6.265622527757703,0.0,7.0,0.06930693069306931,0.7326732673267327,0.0,0.0,0.0,0.0,0.0,7.0,1.0,0.009900990099009901,0.0,1.0,14.0,0.01834862385321101,0.0,0.0,0.0,0.15841584158415845,0.0,0.0,0.0,5.0,0.8415841584158416,85.0,0.0,101.0
-0.206318,510.0,1.229144,1450.0,-105.222013,110.53846153846153,13.846153846153847,1.836734693877551,6.866666666666666,1458.0,0.0,0.003429355281207133,0.0102880658436214,0.0027434842249657062,6.06465435956583,0.0,5.0,0.027777777777777776,0.4166666666666667,0.0,0.0,4.0,0.0,0.0,12.0,1.0,0.005555555555555556,8.0,3.0,33.0,0.02263374485596708,0.0,0.2122905027932961,0.1404494382022472,0.4555555555555556,0.0,0.0,0.0,13.0,0.5444444444444444,98.0,0.0,180.0
-0.1561415,0.0,1.1689919999999998,173.0,-77.5851265,57.0,10.333333333333334,1.1923076923076923,4.516129032258065,173.0,0.0,0.0,0.0,0.0,4.631615665225584,0.0,1.0,0.03225806451612903,0.6774193548387096,0.0,0.0,0.0,0.0,0.0,2.0,2.0,0.06451612903225806,0.0,1.0,4.0,0.023121387283236993,0.0,0.0,0.0,0.16129032258064513,2.0,0.06451612903225806,0.0,3.0,0.8387096774193549,26.0,0.0,31.0
-0.121675,305.0,1.129387,1467.0,-37.110889,145.7,22.5,1.5957446808510638,5.386666666666667,1475.0,0.0,0.002033898305084746,0.008135593220338983,0.0047457627118644066,6.7473570673937395,0.0,3.0,0.013333333333333334,0.4622222222222222,1.0,0.0044444444444444444,2.0,0.0,0.0,14.0,1.0,0.0044444444444444444,8.0,5.0,29.0,0.01966101694915254,0.0,0.05803571428571429,0.008968609865470852,0.3733333333333333,0.0,0.0,0.0,10.0,0.6266666666666667,141.0,0.022222222222222223,225.0
-0.237716,347.0,1.268349,1807.0,-82.487543,300.1666666666667,41.166666666666664,1.092920353982301,6.234817813765182,1809.0,0.0,0.0,0.004975124378109453,0.0,7.757600367298186,0.000552791597567717,3.0,0.012145748987854251,0.8502024291497976,2.0,0.008097165991902834,0.0,0.0,0.0,5.0,3.0,0.012145748987854251,2.0,2.0,22.0,0.012161415146489774,0.0,0.0,0.0,0.08502024291497978,0.0,0.0,0.000552791597567717,6.0,0.9149797570850202,226.0,0.0,247.0
-0.170119,409.0,1.185445,1935.0,-69.578481,95.75,14.85,1.6779661016949152,5.326599326599327,1951.0,0.0,0.004100461301896463,0.009738595592004101,0.0030753459764223477,6.948010860834285,0.0,1.0,0.003367003367003367,0.45791245791245794,6.0,0.020202020202020204,6.0,0.0,0.0,18.0,5.0,0.016835016835016835,16.0,9.0,58.0,0.02972834443874936,0.0,0.10135135135135136,0.023728813559322035,0.4040404040404041,0.0,0.0,0.0,20.0,0.5959595959595959,177.0,0.0,297.0
-0.224396,631.0,1.251566,3129.0,-141.593738,124.08,15.72,1.173134328358209,6.603053435114504,3151.0,0.0,0.0006347191367819739,0.010790225325293558,0.002856236115518883,8.259836226379257,0.0,3.0,0.007633587786259542,0.7582697201017812,4.0,0.010178117048346057,9.0,9.0,0.0,7.0,5.0,0.01272264631043257,22.0,12.0,121.0,0.03840050777530943,0.0,0.00510204081632653,0.0,0.1475826972010178,3.0,0.007633587786259542,0.00031735956839098697,25.0,0.8524173027989822,335.0,0.0,393.0
-0.153552,149.0,1.165968,817.0,-22.879177,135.16666666666666,20.666666666666668,1.4939759036144578,5.5,819.0,0.0,0.001221001221001221,0.004884004884004884,0.0,6.038361449021252,0.0,0.0,0.0,0.49193548387096775,0.0,0.0,0.0,0.0,0.0,11.0,0.0,0.0,2.0,2.0,13.0,0.015873015873015872,0.0,0.04878048780487805,0.00819672131147541,0.3306451612903226,1.0,0.008064516129032258,0.0,6.0,0.6693548387096774,83.0,0.0,124.0
-0.291735,446.0,1.338748,2470.0,-130.113834,308.125,40.875,1.1237113402061856,6.4495412844036695,2476.0,0.0,0.0,0.0032310177705977385,0.0,8.060209669712698,0.0004038772213247173,2.0,0.0061162079510703364,0.8409785932721713,1.0,0.0030581039755351682,0.0,2.0,0.0,7.0,0.0,0.0,6.0,4.0,30.0,0.012116316639741519,0.0,0.003067484662576687,0.0,0.11009174311926606,1.0,0.0030581039755351682,0.0004038772213247173,8.0,0.8899082568807339,291.0,0.0,327.0
-0.1561415,0.0,1.1689919999999998,1267.0,-77.5851265,89.5,12.642857142857142,1.77,5.926553672316384,1278.0,0.0,0.003912363067292645,0.01486697965571205,0.003129890453834116,6.271723565252683,0.0,3.0,0.01694915254237288,0.3954802259887006,0.0,0.0,4.0,0.0,0.0,8.0,3.0,0.01694915254237288,11.0,5.0,38.0,0.0297339593114241,0.0,0.20454545454545456,0.08571428571428572,0.4350282485875706,0.0,0.0,0.0,14.0,0.5649717514124294,100.0,0.0,177.0
-0.086777,236.0,1.090653,582.0,-20.479293,144.75,19.25,1.1492537313432836,6.415584415584416,582.0,0.0,0.0,0.013745704467353952,0.0,5.997242547160311,0.0,1.0,0.012987012987012988,0.7532467532467533,0.0,0.0,0.0,0.0,0.0,3.0,1.0,0.012987012987012988,0.0,1.0,12.0,0.020618556701030927,0.0,0.039473684210526314,0.013333333333333334,0.1298701298701299,0.0,0.0,0.0,4.0,0.8701298701298701,67.0,0.0,77.0
-0.197936,937.0,1.218884,2616.0,-185.465956,118.04545454545455,15.090909090909092,1.8863636363636365,6.5,2629.0,0.0,0.0003803727653100038,0.014834537847090148,0.004564473183720046,6.728540547762495,0.0,2.0,0.006024096385542169,0.3885542168674699,0.0,0.0,9.0,10.0,0.0,39.0,0.0,0.0,13.0,3.0,143.0,0.05439330543933055,0.0,0.14501510574018128,0.045454545454545456,0.4698795180722891,0.0,0.0,0.0,22.0,0.5301204819277109,176.0,0.0,332.0
-0.128521,192.0,1.137145,1021.0,-24.676024,126.5,19.625,1.6881720430107527,5.375796178343949,1025.0,0.0,0.002926829268292683,0.007804878048780488,0.0,6.012635720646237,0.0,0.0,0.0,0.445859872611465,4.0,0.025477707006369428,0.0,0.0,0.0,18.0,0.0,0.0,4.0,3.0,20.0,0.01951219512195122,0.0,0.15384615384615385,0.07096774193548387,0.40764331210191085,0.0,0.0,0.0,8.0,0.5923566878980892,93.0,0.0,157.0
-0.247695,244.0,1.281069,1341.0,-60.437612,222.83333333333334,29.166666666666668,1.0416666666666667,6.56,1343.0,0.0,0.0,0.0022338049143708115,0.0,7.359782540403757,0.0007446016381236039,1.0,0.005714285714285714,0.9314285714285714,3.0,0.017142857142857144,0.0,0.0,0.0,4.0,1.0,0.005714285714285714,2.0,2.0,19.0,0.014147431124348473,0.0,0.0,0.0,0.040000000000000036,1.0,0.005714285714285714,0.0007446016381236039,6.0,0.96,168.0,0.0,175.0
-0.111072,495.0,1.117475,1274.0,-54.980593,90.21428571428571,12.5,1.5350877192982457,6.1085714285714285,1281.0,0.0,0.00546448087431694,0.00702576112412178,0.00468384074941452,6.489315804518926,0.0,2.0,0.011428571428571429,0.5028571428571429,0.0,0.0,6.0,0.0,0.0,11.0,5.0,0.02857142857142857,7.0,2.0,30.0,0.0234192037470726,0.0,0.10919540229885058,0.046242774566473986,0.34857142857142853,0.0,0.0,0.0,14.0,0.6514285714285715,114.0,0.0,175.0
-0.293917,459.0,1.341672,1275.0,-134.907874,97.38461538461539,13.461538461538462,1.5086206896551724,6.08,1283.0,0.0,0.001558846453624318,0.014029618082618862,0.003897116134060795,6.585935808960547,0.0,1.0,0.005714285714285714,0.49142857142857144,0.0,0.0,5.0,0.0,0.0,9.0,4.0,0.022857142857142857,8.0,3.0,35.0,0.027279812938425563,0.0,0.10919540229885058,0.05202312138728324,0.3371428571428572,0.0,0.0,0.0,13.0,0.6628571428571428,116.0,0.0,175.0
-0.087237,129.0,1.091155,714.0,-11.253539,141.8,20.6,1.271604938271605,5.815533980582524,716.0,0.0,0.0,0.004189944134078212,0.0,6.152330138749686,0.0,0.0,0.0,0.6699029126213593,0.0,0.0,0.0,0.0,0.0,6.0,0.0,0.0,2.0,2.0,15.0,0.02094972067039106,0.0,0.00980392156862745,0.0,0.21359223300970875,0.0,0.0,0.0,5.0,0.7864077669902912,81.0,0.0,103.0
-0.255631,173.0,1.291276,923.0,-44.224149,307.0,43.333333333333336,1.1206896551724137,6.023076923076923,923.0,0.0,0.0,0.0021668472372697724,0.0,6.773409905516145,0.0,0.0,0.0,0.8153846153846154,1.0,0.007692307692307693,0.0,0.0,0.0,5.0,0.0,0.0,0.0,1.0,15.0,0.016251354279523293,0.0,0.007751937984496124,0.0,0.10769230769230764,0.0,0.0,0.0,3.0,0.8923076923076924,116.0,0.0,130.0
-0.100365,537.0,1.105574,1357.0,-53.895831,192.71428571428572,23.571428571428573,1.375,7.066666666666666,1361.0,0.0,0.0,0.010286554004408524,0.0,6.681863444733407,0.0,7.0,0.04242424242424243,0.5757575757575758,0.0,0.0,0.0,0.0,0.0,7.0,0.0,0.0,4.0,3.0,25.0,0.018368846436443792,0.0,0.06097560975609756,0.03067484662576687,0.2727272727272727,0.0,0.0,0.0,7.0,0.7272727272727273,120.0,0.0,165.0
-0.208329,1225.0,1.231618,3472.0,-255.203134,163.38095238095238,19.952380952380953,1.8539823008849559,6.7326968973747015,3498.0,0.0,0.006003430531732418,0.008576329331046312,0.002287021154945683,7.390302156613079,0.0,10.0,0.02386634844868735,0.3436754176610978,0.0,0.0,18.0,20.0,0.0,17.0,0.0,0.0,26.0,7.0,170.0,0.04859919954259577,0.0,0.21052631578947367,0.15587529976019185,0.4606205250596659,0.0,0.0,0.0,21.0,0.5393794749403341,226.0,0.01909307875894988,419.0
-0.072035,361.0,1.074693,1872.0,-26.004776,154.58333333333334,22.916666666666668,1.9784172661870503,5.621818181818182,1884.0,0.0,0.0,0.013800424628450107,0.0,6.644343591349667,0.0,0.0,0.0,0.32727272727272727,0.0,0.0,0.0,0.0,0.0,14.0,1.0,0.0036363636363636364,12.0,7.0,53.0,0.02813163481953291,0.0,0.1678832116788321,0.08424908424908426,0.4945454545454545,0.0,0.0,0.0,12.0,0.5054545454545455,139.0,0.0,275.0
-0.293891,455.0,1.341637,2386.0,-133.72026,197.91666666666666,26.916666666666668,1.205223880597015,6.222910216718266,2392.0,0.0,0.0004180602006688963,0.010033444816053512,0.0,7.866788972538224,0.0004180602006688963,0.0,0.0,0.7492260061919505,4.0,0.01238390092879257,0.0,0.0,0.0,12.0,0.0,0.0,6.0,4.0,50.0,0.020903010033444816,0.0,0.006211180124223602,0.0,0.1702786377708978,0.0,0.0,0.0004180602006688963,12.0,0.8297213622291022,268.0,0.0,323.0
-0.1561415,0.0,1.1689919999999998,149.0,-77.5851265,74.0,10.0,1.1111111111111112,6.25,149.0,0.0,0.0,0.020134228187919462,0.0,4.1219280948873624,0.0,0.0,0.0,0.8,0.0,0.0,0.0,0.0,0.0,2.0,1.0,0.05,0.0,1.0,5.0,0.03355704697986577,0.0,0.0,0.0,0.09999999999999998,0.0,0.0,0.0,2.0,0.9,18.0,0.0,20.0
-0.13343,664.0,1.142741,1710.0,-88.597306,154.1818181818182,19.181818181818183,1.6614173228346456,6.95260663507109,1718.0,0.0,0.0,0.010477299185098952,0.0,6.596205380973534,0.0,9.0,0.04265402843601896,0.43601895734597157,0.0,0.0,0.0,0.0,0.0,10.0,1.0,0.004739336492890996,8.0,5.0,29.0,0.016880093131548313,0.0,0.13333333333333333,0.05741626794258373,0.3981042654028436,0.0,0.0,0.0,11.0,0.6018957345971564,127.0,0.0,211.0
-0.13616,420.0,1.145865,1212.0,-57.187253,202.0,23.833333333333332,2.072463768115942,7.244755244755245,1216.0,0.0,0.001644736842105263,0.018914473684210526,0.0,5.732868044187279,0.0,0.0,0.0,0.2937062937062937,0.0,0.0,0.0,0.0,0.0,9.0,0.0,0.0,4.0,2.0,33.0,0.027138157894736843,0.0,0.3380281690140845,0.2553191489361702,0.5174825174825175,0.0,0.0,0.0,6.0,0.4825174825174825,69.0,0.0,143.0
-0.103726,107.0,1.109297,532.0,-11.098686,176.66666666666666,29.333333333333332,1.353846153846154,4.965909090909091,532.0,0.0,0.0,0.005639097744360902,0.0,5.718962761151727,0.0,0.0,0.0,0.625,0.0,0.0,0.0,0.0,0.0,8.0,0.0,0.0,0.0,1.0,8.0,0.015037593984962405,0.0,0.034482758620689655,0.023255813953488372,0.26136363636363635,0.0,0.0,0.0,3.0,0.7386363636363636,65.0,0.0,88.0
-0.165913,117.0,1.180471,625.0,-19.41185,207.66666666666666,30.333333333333332,1.1097560975609757,5.791208791208791,625.0,0.0,0.0,0.0032,0.0,6.262030596499793,0.0,0.0,0.0,0.8461538461538461,0.0,0.0,0.0,0.0,0.0,5.0,1.0,0.01098901098901099,0.0,1.0,10.0,0.016,0.0,0.0,0.0,0.09890109890109888,1.0,0.01098901098901099,0.0016,3.0,0.9010989010989011,82.0,0.0,91.0
-0.185169,131.0,1.203422,329.0,-24.257199,109.0,14.666666666666666,1.1,6.363636363636363,329.0,0.0,0.0,0.00911854103343465,0.0,5.260456902679037,0.0,3.0,0.06818181818181818,0.8409090909090909,0.0,0.0,0.0,0.0,0.0,3.0,1.0,0.022727272727272728,0.0,1.0,6.0,0.0182370820668693,0.0,0.0,0.0,0.09090909090909094,0.0,0.0,0.0,3.0,0.9090909090909091,40.0,0.0,44.0
-0.28286,226.0,1.32692,636.0,-63.92646,126.2,17.2,1.178082191780822,6.255813953488372,638.0,0.0,0.0,0.0109717868338558,0.0,6.0743500743940695,0.0,1.0,0.011627906976744186,0.7558139534883721,0.0,0.0,0.0,0.0,0.0,4.0,0.0,0.0,2.0,2.0,12.0,0.018808777429467086,0.0,0.023529411764705882,0.0,0.15116279069767447,0.0,0.0,0.0,5.0,0.8488372093023255,73.0,0.0,86.0
-0.158454,186.0,1.171698,995.0,-29.472362,164.83333333333334,24.166666666666668,1.576086956521739,5.793103448275862,997.0,0.0,0.0020060180541624875,0.0020060180541624875,0.0,6.110717238449426,0.0,0.0,0.0,0.503448275862069,3.0,0.020689655172413793,0.0,0.0,0.0,9.0,1.0,0.006896551724137931,2.0,2.0,12.0,0.012036108324974924,0.0,0.10416666666666667,0.04895104895104895,0.3655172413793103,0.0,0.0,0.0,6.0,0.6344827586206897,92.0,0.0,145.0
-0.243096,179.0,1.275191,943.0,-43.514202,187.6,26.4,1.0731707317073171,6.0606060606060606,945.0,0.0,0.0,0.006349206349206349,0.0,6.902311638281458,0.0,0.0,0.0,0.8712121212121212,2.0,0.015151515151515152,0.0,0.0,0.0,3.0,1.0,0.007575757575757576,2.0,2.0,12.0,0.012698412698412698,0.0,0.0,0.0,0.06818181818181823,0.0,0.0,0.0,5.0,0.9318181818181818,123.0,0.0,132.0
-0.1561415,0.0,1.1689919999999998,1507.0,-77.5851265,88.05882352941177,12.058823529411764,2.0098039215686274,6.0,1518.0,0.0,0.003952569169960474,0.017127799736495388,0.002635046113306983,6.146294433335814,0.0,4.0,0.01951219512195122,0.33170731707317075,0.0,0.0,4.0,4.0,0.0,17.0,2.0,0.00975609756097561,11.0,5.0,68.0,0.04479578392621871,0.0,0.29411764705882354,0.21674876847290642,0.5024390243902439,0.0,0.0,0.0,17.0,0.4975609756097561,102.0,0.0,205.0
-0.132002,647.0,1.141111,1590.0,-85.405251,83.0,11.368421052631579,1.815126050420168,6.185185185185185,1601.0,0.0,0.0012492192379762648,0.008744534665833853,0.004996876951905059,6.430570981396557,0.0,5.0,0.023148148148148147,0.38425925925925924,0.0,0.0,8.0,0.0,0.0,16.0,1.0,0.004629629629629629,11.0,3.0,37.0,0.0231105559025609,0.0,0.1813953488372093,0.07009345794392523,0.44907407407407407,0.0,0.0,0.0,19.0,0.5509259259259259,119.0,0.013888888888888888,216.0
-0.21518,415.0,1.240085,1118.0,-89.299521,78.92857142857143,10.857142857142858,1.6170212765957446,6.131578947368421,1127.0,0.0,0.0008873114463176575,0.015084294587400177,0.00354924578527063,6.329842809353884,0.0,3.0,0.019736842105263157,0.3815789473684211,0.0,0.0,4.0,0.0,0.0,8.0,4.0,0.02631578947368421,9.0,4.0,32.0,0.02839396628216504,0.0,0.1456953642384106,0.1,0.381578947368421,0.0,0.0,0.0,14.0,0.618421052631579,94.0,0.0,152.0
-0.080499,88.0,1.083828,462.0,-7.083894,114.5,17.0,1.446808510638298,5.661764705882353,464.0,0.0,0.004310344827586207,0.00646551724137931,0.0,5.346808018065041,0.0,0.0,0.0,0.5,0.0,0.0,0.0,0.0,0.0,5.0,0.0,0.0,2.0,2.0,9.0,0.01939655172413793,0.0,0.05970149253731343,0.030303030303030304,0.3088235294117647,0.0,0.0,0.0,4.0,0.6911764705882353,47.0,0.0,68.0
-0.188495,123.0,1.207431,670.0,-23.184892,223.0,30.333333333333332,1.1097560975609757,6.274725274725275,674.0,0.0,0.002967359050445104,0.002967359050445104,0.0,6.262030596499793,0.0,0.0,0.0,0.8461538461538461,0.0,0.0,0.0,0.0,0.0,5.0,0.0,0.0,4.0,2.0,8.0,0.011869436201780416,0.0,0.0,0.0,0.09890109890109888,0.0,0.0,0.001483679525222552,3.0,0.9010989010989011,82.0,0.0,91.0
-0.083652,196.0,1.087251,487.0,-16.395827,120.75,15.75,1.26,6.571428571428571,489.0,0.0,0.0,0.012269938650306749,0.0,5.532835479055472,0.0,2.0,0.031746031746031744,0.6190476190476191,0.0,0.0,0.0,0.0,0.0,4.0,0.0,0.0,2.0,2.0,10.0,0.02044989775051125,0.0,0.0967741935483871,0.06557377049180328,0.2063492063492064,0.0,0.0,0.0,4.0,0.7936507936507936,50.0,0.0,63.0
-0.22945,332.0,1.257908,879.0,-76.177323,124.85714285714286,15.857142857142858,1.5,6.702702702702703,881.0,0.0,0.0022701475595913734,0.012485811577752554,0.0,6.0411758620759,0.0,5.0,0.04504504504504504,0.4144144144144144,0.0,0.0,0.0,0.0,0.0,5.0,0.0,0.0,2.0,2.0,24.0,0.02724177071509648,0.0,0.22727272727272727,0.1834862385321101,0.33333333333333337,0.0,0.0,0.0,7.0,0.6666666666666666,74.0,0.0,111.0
-0.147102,229.0,1.158473,1257.0,-33.686459,178.42857142857142,25.571428571428573,1.504201680672269,5.910614525139665,1261.0,0.0,0.0,0.00951625693893735,0.0,6.549555724654097,0.0,0.0,0.0,0.5139664804469274,2.0,0.0111731843575419,0.0,0.0,0.0,12.0,1.0,0.00558659217877095,4.0,3.0,19.0,0.01506740681998414,0.0,0.05056179775280899,0.0,0.33519553072625696,0.0,0.0,0.0,7.0,0.664804469273743,119.0,0.0,179.0
-0.067108,3072.0,1.069411,5783.0,-206.156824,825.2857142857143,56.142857142857146,1.0287958115183247,13.674300254452927,5785.0,0.0,0.00017286084701815038,0.0006914433880726015,0.4312878133102852,8.55731679996853,0.00017286084701815038,0.0,0.0,0.9491094147582697,1.0,0.002544529262086514,0.0,0.0,0.0,4.0,0.0,0.0,2.0,2.0,18.0,0.003111495246326707,0.00017286084701815038,0.0,0.0,0.027989821882951627,0.0,0.0,0.00017286084701815038,7.0,0.9720101781170484,382.0,0.0,393.0
-0.116479,331.0,1.123534,823.0,-38.554465,136.83333333333334,18.333333333333332,1.1827956989247312,6.2727272727272725,825.0,0.0,0.0012121212121212121,0.012121212121212121,0.0,6.433499145283838,0.0,0.0,0.0,0.7363636363636363,0.0,0.0,0.0,0.0,0.0,4.0,1.0,0.00909090909090909,2.0,2.0,23.0,0.027878787878787878,0.0,0.01834862385321101,0.0,0.15454545454545454,0.0,0.0,0.0,6.0,0.8454545454545455,93.0,0.0,110.0
-0.054366,2695.0,1.055871,7301.0,-146.516184,60.91525423728814,8.830508474576272,6.058139534883721,5.820537428023033,7361.0,0.0,0.00013585110718652356,0.00991713082461622,0.013856812933025405,5.808674704728725,0.0,112.0,0.10748560460652591,0.10652591170825336,0.0,0.0,55.0,0.0,0.0,112.0,0.0,0.0,60.0,3.0,194.0,0.026355114794185574,0.0,0.7367915465898175,0.6798076923076923,0.8349328214971209,0.0,0.0,0.0,118.0,0.16506717850287908,172.0,0.0,1042.0
-0.1561415,0.0,1.1689919999999998,2185.0,-77.5851265,103.19047619047619,16.571428571428573,2.4166666666666665,5.0488505747126435,2203.0,0.0,0.004993191103041307,0.004539264639128461,0.0027235587834770767,6.462982927662194,0.0,1.0,0.0028735632183908046,0.23850574712643677,11.0,0.031609195402298854,6.0,8.0,0.0,25.0,1.0,0.0028735632183908046,18.0,8.0,81.0,0.03676804357694054,0.0,0.2132564841498559,0.07803468208092486,0.5862068965517242,1.0,0.0028735632183908046,0.0,21.0,0.41379310344827586,144.0,0.0,348.0
-0.090473,114.0,1.094692,620.0,-10.313893,205.66666666666666,31.666666666666668,1.4615384615384615,5.442105263157894,622.0,0.0,0.003215434083601286,0.00482315112540193,0.0,5.769444029201392,0.0,0.0,0.0,0.5157894736842106,1.0,0.010526315789473684,0.0,0.0,0.0,6.0,0.0,0.0,2.0,2.0,8.0,0.012861736334405145,0.0,0.10638297872340426,0.021505376344086023,0.3157894736842105,0.0,0.0,0.0,3.0,0.6842105263157895,65.0,0.0,95.0
-0.190925,235.0,1.210368,1222.0,-44.867306,203.0,28.0,1.2173913043478262,6.160714285714286,1226.0,0.0,0.0016313213703099511,0.0016313213703099511,0.0,6.901819637100735,0.0,0.0,0.0,0.7440476190476191,0.0,0.0,0.0,0.0,0.0,9.0,0.0,0.0,4.0,2.0,22.0,0.01794453507340946,0.0,0.011976047904191617,0.0,0.1785714285714286,1.0,0.005952380952380952,0.0,6.0,0.8214285714285714,138.0,0.0,168.0
-0.112293,390.0,1.118841,987.0,-43.794448,196.4,25.0,1.3157894736842106,6.76,989.0,0.0,0.0,0.012133468149646108,0.0,6.410711660780054,0.0,1.0,0.008,0.6,0.0,0.0,0.0,0.0,0.0,5.0,1.0,0.008,2.0,2.0,17.0,0.017189079878665317,0.0,0.06451612903225806,0.008130081300813009,0.24,0.0,0.0,0.0,5.0,0.76,95.0,0.0,125.0
-0.155891,1035.0,1.168698,2935.0,-161.346835,145.85,19.9,2.313953488372093,6.188442211055277,2946.0,0.0,0.0027155465037338763,0.013917175831636116,0.0023761031907671417,6.650122426825194,0.0,0.0,0.0,0.30402010050251255,0.0,0.0,5.0,0.0,0.0,24.0,6.0,0.01507537688442211,11.0,3.0,71.0,0.024100475220638153,0.0,0.380352644836272,0.33080808080808083,0.5678391959798995,0.0,0.0,0.0,20.0,0.4321608040201005,172.0,0.0,398.0
-0.1561415,0.0,1.1689919999999998,150.0,-77.5851265,74.5,12.0,1.1428571428571428,5.208333333333333,150.0,0.0,0.0,0.0,0.0,4.334962500721156,0.0,1.0,0.041666666666666664,0.75,0.0,0.0,0.0,0.0,0.0,2.0,1.0,0.041666666666666664,0.0,1.0,3.0,0.02,0.0,0.0,0.0,0.125,1.0,0.041666666666666664,0.0,2.0,0.875,21.0,0.0,24.0
-0.13801,277.0,1.147987,1511.0,-38.228774,166.55555555555554,24.555555555555557,1.8264462809917354,5.6968325791855206,1519.0,0.0,0.0,0.012508229098090849,0.0,6.388038373046809,0.0,0.0,0.0,0.38461538461538464,3.0,0.013574660633484163,0.0,0.0,0.0,16.0,1.0,0.004524886877828055,8.0,5.0,33.0,0.021724818959842,0.0,0.13636363636363635,0.0639269406392694,0.4524886877828054,0.0,0.0,0.0,9.0,0.5475113122171946,121.0,0.0,221.0
-0.239082,200.0,1.270083,1018.0,-47.816439,144.71428571428572,21.714285714285715,1.1515151515151516,5.532894736842105,1022.0,0.0,0.0009784735812133072,0.007827788649706457,0.0,6.9385883686498095,0.0,0.0,0.0,0.7894736842105263,0.0,0.0,0.0,0.0,0.0,4.0,0.0,0.0,4.0,3.0,24.0,0.023483365949119372,0.0,0.0,0.0,0.13157894736842102,1.0,0.006578947368421052,0.0009784735812133072,7.0,0.868421052631579,132.0,0.0,152.0
-0.088154,881.0,1.092156,2274.0,-77.663427,107.42857142857143,13.80952380952381,2.0422535211267605,6.641379310344828,2286.0,0.0,0.0030621172353455816,0.011811023622047244,0.0021872265966754157,6.606000721520298,0.0,26.0,0.0896551724137931,0.2827586206896552,0.0,0.0,5.0,0.0,0.0,26.0,0.0,0.0,12.0,5.0,55.0,0.024059492563429572,0.0,0.2664359861591695,0.16666666666666666,0.5103448275862069,0.0,0.0,0.0,21.0,0.4896551724137931,142.0,0.0,290.0
-0.195418,646.0,1.215819,1797.0,-126.240134,111.1875,15.0625,1.8976377952755905,6.236514522821577,1808.0,0.0,0.0005530973451327434,0.01825221238938053,0.00165929203539823,6.594920355289565,0.0,1.0,0.004149377593360996,0.34024896265560167,0.0,0.0,3.0,0.0,0.0,10.0,0.0,0.0,11.0,5.0,50.0,0.02765486725663717,0.0,0.24166666666666667,0.16736401673640167,0.4730290456431535,0.0,0.0,0.0,16.0,0.5269709543568465,127.0,0.0,241.0
-0.093527,234.0,1.09804,1098.0,-21.885295,121.22222222222223,19.333333333333332,1.6893203883495145,5.149425287356322,1114.0,0.0,0.0008976660682226212,0.004488330341113106,0.0,6.245518410239635,0.0,11.0,0.06321839080459771,0.4367816091954023,0.0,0.0,0.0,0.0,0.0,12.0,0.0,0.0,16.0,8.0,22.0,0.019748653500897665,0.0,0.08670520231213873,0.01744186046511628,0.40804597701149425,9.0,0.05172413793103448,0.0,9.0,0.5919540229885057,103.0,0.0,174.0
-0.118429,3072.0,1.125727,8164.0,-363.812822,679.25,63.0,1.042758620689655,9.75,8178.0,0.0,0.00012227928588897041,0.0009782342871117633,0.23575446319393495,9.468169123323236,0.00024455857177794083,7.0,0.009259259259259259,0.9298941798941799,1.0,0.0013227513227513227,0.0,0.0,0.0,5.0,1.0,0.0013227513227513227,14.0,8.0,29.0,0.0035460992907801418,0.0,0.0013245033112582781,0.0,0.041005291005291045,5.0,0.006613756613756613,0.00012227928588897041,12.0,0.958994708994709,725.0,0.0026455026455026454,756.0
-0.1561415,0.0,1.1689919999999998,516.0,-77.5851265,85.5,12.333333333333334,1.2333333333333334,5.702702702702703,527.0,0.0,0.0018975332068311196,0.011385199240986717,0.0,5.766819750734849,0.0,1.0,0.013513513513513514,0.6891891891891891,0.0,0.0,0.0,0.0,0.0,4.0,2.0,0.02702702702702703,11.0,6.0,16.0,0.030360531309297913,0.0,0.0547945205479452,0.0,0.18918918918918914,0.0,0.0,0.0,6.0,0.8108108108108109,60.0,0.0,74.0
-0.099261,171.0,1.104355,785.0,-16.973691,97.75,15.75,1.4651162790697674,5.031746031746032,798.0,0.0,0.0012531328320802004,0.006265664160401002,0.0,6.173436967030518,0.0,9.0,0.07142857142857142,0.5158730158730159,0.0,0.0,0.0,0.0,0.0,6.0,0.0,0.0,13.0,6.0,22.0,0.02756892230576441,0.0,0.024,0.0,0.31746031746031744,8.0,0.06349206349206349,0.0,8.0,0.6825396825396826,86.0,0.0,126.0
-0.119049,137.0,1.126425,584.0,-16.309711,82.85714285714286,13.428571428571429,1.1325301204819278,5.0,593.0,0.0,0.003372681281618887,0.00505902192242833,0.0,6.304484862269904,0.0,7.0,0.07446808510638298,0.7872340425531915,0.0,0.0,0.0,0.0,0.0,3.0,1.0,0.010638297872340425,9.0,5.0,17.0,0.02866779089376054,0.0,0.0,0.0,0.11702127659574468,5.0,0.05319148936170213,0.0016863406408094434,7.0,0.8829787234042553,83.0,0.0,94.0
-0.053682,210.0,1.055149,977.0,-11.273236,107.88888888888889,17.0,1.6813186813186813,5.209150326797386,991.0,0.0,0.0010090817356205853,0.005045408678102927,0.0,6.16392232016881,0.0,9.0,0.058823529411764705,0.42483660130718953,1.0,0.006535947712418301,0.0,0.0,0.0,8.0,2.0,0.013071895424836602,14.0,7.0,22.0,0.022199798183652877,0.0,0.07236842105263158,0.026490066225165563,0.40522875816993464,9.0,0.058823529411764705,0.0,9.0,0.5947712418300654,91.0,0.0,153.0
-0.224566,336.0,1.25178,1651.0,-75.454306,136.91666666666666,19.5,1.225130890052356,5.867521367521367,1669.0,0.0,0.0005991611743559018,0.007189934092270821,0.0005991611743559018,7.388449523128242,0.0,9.0,0.038461538461538464,0.7222222222222222,2.0,0.008547008547008548,0.0,0.0,0.0,9.0,0.0,0.0,18.0,9.0,36.0,0.02156980227681246,0.0,0.0,0.0,0.18376068376068377,7.0,0.029914529914529916,0.0005991611743559018,12.0,0.8162393162393162,191.0,0.004273504273504274,234.0
-0.075562,189.0,1.07849,862.0,-14.281224,95.33333333333333,15.666666666666666,1.4842105263157894,4.921985815602837,875.0,0.0,0.001142857142857143,0.006857142857142857,0.0,6.225593753529161,0.0,10.0,0.07092198581560284,0.5390070921985816,0.0,0.0,0.0,0.0,0.0,10.0,1.0,0.0070921985815602835,13.0,6.0,24.0,0.027428571428571427,0.0,0.04285714285714286,0.014388489208633094,0.3262411347517731,8.0,0.05673758865248227,0.0,9.0,0.6737588652482269,95.0,0.0,141.0
-0.107311,2196.0,1.11328,6089.0,-235.654399,113.94339622641509,16.49056603773585,5.233532934131737,5.7929061784897025,6116.0,0.0,0.0009810333551340746,0.00948332243296272,0.0,5.861988388671781,0.0,34.0,0.038901601830663615,0.10983981693363844,0.0,0.0,0.0,0.0,8.0,39.0,3.0,0.003432494279176201,27.0,10.0,133.0,0.021746239372138654,0.0,0.7445589919816724,0.7282110091743119,0.8089244851258581,0.0,0.0,0.0,53.0,0.19107551487414187,167.0,0.0,874.0
-0.183966,83.0,1.201975,450.0,-15.269177,149.33333333333334,23.333333333333332,1.1475409836065573,5.3428571428571425,450.0,0.0,0.0,0.008888888888888889,0.0,5.850571945454582,0.0,3.0,0.04285714285714286,0.7714285714285715,4.0,0.05714285714285714,0.0,0.0,0.0,3.0,0.0,0.0,0.0,1.0,8.0,0.017777777777777778,0.0,0.0,0.0,0.12857142857142856,3.0,0.04285714285714286,0.0,3.0,0.8714285714285714,61.0,0.0,70.0
-0.233958,40.0,1.263591,216.0,-9.358304,107.5,16.0,1.032258064516129,5.71875,216.0,0.0,0.0,0.0,0.0,4.9375,0.0,3.0,0.09375,0.9375,3.0,0.09375,0.0,0.0,0.0,2.0,0.0,0.0,0.0,1.0,2.0,0.009259259259259259,0.004629629629629629,0.0,0.0,0.03125,0.0,0.0,0.0,2.0,0.96875,31.0,0.0,32.0
-0.178293,57.0,1.195175,140.0,-10.162694,69.5,9.0,1.0588235294117647,6.666666666666667,140.0,0.0,0.0,0.007142857142857143,0.0,4.058813890331201,0.0,0.0,0.0,0.8888888888888888,0.0,0.0,0.0,0.0,0.0,2.0,0.0,0.0,0.0,1.0,3.0,0.02142857142857143,0.0,0.0,0.0,0.05555555555555558,0.0,0.0,0.0,2.0,0.9444444444444444,17.0,0.0,18.0
-0.28738,79.0,1.33293,206.0,-22.702999,206.0,33.0,1.064516129032258,5.151515151515151,206.0,0.0,0.0,0.014563106796116505,0.0,4.923181998146332,0.0,1.0,0.030303030303030304,0.8787878787878788,0.0,0.0,0.0,0.0,0.0,2.0,1.0,0.030303030303030304,0.0,1.0,4.0,0.019417475728155338,0.0,0.0,0.0,0.06060606060606055,0.0,0.0,0.0,1.0,0.9393939393939394,31.0,0.0,33.0
-0.1561415,0.0,1.1689919999999998,618.0,-77.5851265,124.6,19.4,1.4696969696969697,5.185567010309279,626.0,0.0,0.003194888178913738,0.003194888178913738,0.0,5.7773308840240265,0.0,7.0,0.07216494845360824,0.5257731958762887,2.0,0.020618556701030927,3.0,0.0,0.0,7.0,0.0,0.0,8.0,4.0,17.0,0.027156549520766772,0.0,0.020833333333333332,0.0,0.31958762886597936,0.0,0.0,0.0,5.0,0.6804123711340206,66.0,0.0,97.0
-0.118817,80.0,1.126163,400.0,-9.505334,99.25,15.75,1.125,5.26984126984127,400.0,0.0,0.0,0.005,0.0,5.73109301866933,0.0,4.0,0.06349206349206349,0.8095238095238095,1.0,0.015873015873015872,0.0,0.0,0.0,3.0,0.0,0.0,0.0,1.0,10.0,0.025,0.0,0.0,0.0,0.11111111111111116,1.0,0.015873015873015872,0.0,4.0,0.8888888888888888,56.0,0.0,63.0
-0.285313,60.0,1.330178,327.0,-17.118768,108.33333333333333,15.666666666666666,1.0217391304347827,5.872340425531915,327.0,0.0,0.0,0.0030581039755351682,0.0,5.512035660188276,0.0,4.0,0.0851063829787234,0.9574468085106383,2.0,0.0425531914893617,0.0,0.0,0.0,2.0,0.0,0.0,0.0,1.0,6.0,0.01834862385321101,0.0,0.0,0.0,0.021276595744680882,1.0,0.02127659574468085,0.0030581039755351682,3.0,0.9787234042553191,46.0,0.0,47.0
-0.210085,56.0,1.233782,276.0,-11.764738,68.25,11.75,1.119047619047619,4.787234042553192,276.0,0.0,0.0,0.0036231884057971015,0.0,5.325761458014585,0.0,1.0,0.02127659574468085,0.8085106382978723,3.0,0.06382978723404255,0.0,0.0,0.0,3.0,1.0,0.02127659574468085,0.0,1.0,6.0,0.021739130434782608,0.0,0.0,0.0,0.1063829787234043,1.0,0.02127659574468085,0.0,4.0,0.8936170212765957,42.0,0.0,47.0
-0.306319,315.0,1.358415,774.0,-96.490455,76.7,9.9,1.2073170731707317,6.616161616161616,780.0,0.0,0.001282051282051282,0.011538461538461539,0.00641025641025641,6.194815710901288,0.0,4.0,0.04040404040404041,0.7373737373737373,0.0,0.0,5.0,0.0,0.0,6.0,0.0,0.0,6.0,2.0,20.0,0.02564102564102564,0.0,0.0,0.0,0.1717171717171717,0.0,0.0,0.0,10.0,0.8282828282828283,82.0,0.0,99.0
-0.158155,195.0,1.171348,918.0,-30.840196,90.8,14.8,1.48,5.027027027027027,929.0,0.0,0.0,0.007534983853606028,0.0,6.354417301818246,0.0,9.0,0.060810810810810814,0.5202702702702703,1.0,0.006756756756756757,0.0,0.0,0.0,8.0,0.0,0.0,11.0,6.0,24.0,0.02583423035522067,0.0,0.047619047619047616,0.0136986301369863,0.32432432432432434,12.0,0.08108108108108109,0.0,10.0,0.6756756756756757,100.0,0.0,148.0
-0.295547,61.0,1.343861,362.0,-18.028341,120.0,17.666666666666668,1.0816326530612246,5.7924528301886795,362.0,0.0,0.0,0.0,0.0,5.562733897918606,0.0,4.0,0.07547169811320754,0.8679245283018868,0.0,0.0,0.0,0.0,0.0,3.0,0.0,0.0,0.0,1.0,4.0,0.011049723756906077,0.0,0.0,0.0,0.07547169811320753,0.0,0.0,0.0,3.0,0.9245283018867925,49.0,0.0,53.0
-0.1561415,0.0,1.1689919999999998,392.0,-77.5851265,98.0,13.0,1.0833333333333333,6.3076923076923075,394.0,0.0,0.0025380710659898475,0.015228426395939087,0.0,5.546593564294938,0.0,0.0,0.0,0.8461538461538461,0.0,0.0,0.0,0.0,0.0,2.0,1.0,0.019230769230769232,2.0,2.0,12.0,0.030456852791878174,0.0,0.0196078431372549,0.0,0.07692307692307687,0.0,0.0,0.0,4.0,0.9230769230769231,48.0,0.0,52.0
-0.138583,162.0,1.148645,402.0,-22.450423,133.33333333333334,19.0,1.163265306122449,5.964912280701754,402.0,0.0,0.0,0.007462686567164179,0.0,5.5389446193899445,0.0,1.0,0.017543859649122806,0.7368421052631579,0.0,0.0,0.0,0.0,0.0,3.0,0.0,0.0,0.0,1.0,6.0,0.014925373134328358,0.0,0.03571428571428571,0.0,0.14035087719298245,0.0,0.0,0.0,3.0,0.8596491228070176,49.0,0.0,57.0
-0.291072,208.0,1.33786,571.0,-60.542901,94.33333333333333,13.166666666666666,1.144927536231884,6.025316455696203,573.0,0.0,0.0,0.015706806282722512,0.0,6.03150511521094,0.0,2.0,0.02531645569620253,0.7721518987341772,0.0,0.0,0.0,0.0,0.0,3.0,3.0,0.0379746835443038,2.0,2.0,16.0,0.027923211169284468,0.0,0.0,0.0,0.12658227848101267,0.0,0.0,0.0,6.0,0.8734177215189873,69.0,0.0,79.0
-0.143963,118.0,1.154841,594.0,-16.987629,117.8,19.0,1.3013698630136987,5.147368421052631,596.0,0.0,0.0,0.0050335570469798654,0.0,6.0079179453282725,0.0,2.0,0.021052631578947368,0.6421052631578947,2.0,0.021052631578947368,0.0,0.0,0.0,5.0,0.0,0.0,2.0,2.0,10.0,0.016778523489932886,0.0,0.0,0.0,0.2315789473684211,6.0,0.06315789473684211,0.0,5.0,0.7684210526315789,73.0,0.0,95.0
-0.304021,125.0,1.355298,632.0,-38.002651,210.0,34.0,1.0736842105263158,5.098039215686274,632.0,0.0,0.0,0.0015822784810126582,0.0,6.499781807908389,0.0015822784810126582,2.0,0.0196078431372549,0.8921568627450981,0.0,0.0,0.0,0.0,0.0,5.0,0.0,0.0,0.0,1.0,12.0,0.0189873417721519,0.0,0.0,0.0,0.06862745098039214,1.0,0.00980392156862745,0.0015822784810126582,3.0,0.9313725490196079,95.0,0.0,102.0
-0.085909,153.0,1.089707,397.0,-13.144008,98.5,13.75,1.0784313725490196,6.109090909090909,397.0,0.0,0.0,0.007556675062972292,0.0,5.635905168070114,0.0,2.0,0.03636363636363636,0.8545454545454545,0.0,0.0,0.0,0.0,0.0,2.0,0.0,0.0,0.0,1.0,7.0,0.017632241813602016,0.0,0.0,0.0,0.07272727272727275,1.0,0.01818181818181818,0.0,4.0,0.9272727272727272,51.0,0.0,55.0
-0.240619,767.0,1.272036,2400.0,-184.554541,198.83333333333334,23.916666666666668,1.543010752688172,7.128919860627177,2413.0,0.0,0.0004144218814753419,0.012432656444260257,0.0,7.20276994938326,0.0,3.0,0.010452961672473868,0.5052264808362369,0.0,0.0,4.0,0.0,0.0,9.0,0.0,0.0,13.0,5.0,60.0,0.024865312888520515,0.0,0.11538461538461539,0.04912280701754386,0.3519163763066202,0.0,0.0,0.0,12.0,0.6480836236933798,186.0,0.010452961672473868,287.0
-0.065049,62.0,1.067212,266.0,-4.03306,88.0,13.666666666666666,1.28125,5.2439024390243905,272.0,0.0,0.0,0.011029411764705883,0.0,4.863291943484171,0.0,0.0,0.0,0.6341463414634146,0.0,0.0,0.0,0.0,0.0,3.0,0.0,0.0,6.0,3.0,9.0,0.03308823529411765,0.0,0.025,0.0,0.2195121951219512,4.0,0.0975609756097561,0.0,3.0,0.7804878048780488,32.0,0.0,41.0
-0.15553,52.0,1.168277,257.0,-8.087577,128.0,20.5,1.1081081081081081,5.219512195121951,257.0,0.0,0.0,0.0038910505836575876,0.0,5.162430053398571,0.0,3.0,0.07317073170731707,0.8048780487804879,0.0,0.0,0.0,0.0,0.0,2.0,0.0,0.0,0.0,1.0,3.0,0.011673151750972763,0.0,0.0,0.0,0.09756097560975607,2.0,0.04878048780487805,0.0,2.0,0.9024390243902439,37.0,0.0,41.0
-0.139443,136.0,1.149633,297.0,-18.964265,99.66666666666667,14.666666666666666,1.0731707317073171,5.386363636363637,307.0,0.0,0.0,0.013029315960912053,0.0,5.3230679822736615,0.0,3.0,0.06818181818181818,0.8636363636363636,0.0,0.0,0.0,0.0,0.0,2.0,0.0,0.0,10.0,4.0,15.0,0.048859934853420196,0.0,0.0,0.0,0.06818181818181823,0.0,0.0,0.0,3.0,0.9318181818181818,41.0,0.0,44.0
-0.315185,66.0,1.370513,176.0,-20.802232,176.0,25.0,1.0416666666666667,5.96,176.0,0.0,0.0,0.011363636363636364,0.0,4.563856189774725,0.0,1.0,0.04,0.92,0.0,0.0,0.0,0.0,0.0,2.0,0.0,0.0,0.0,1.0,3.0,0.017045454545454544,0.0,0.0,0.0,0.040000000000000036,0.0,0.0,0.0,1.0,0.96,24.0,0.0,25.0
-0.1561415,0.0,1.1689919999999998,150.0,-77.5851265,150.0,27.0,1.2272727272727273,4.555555555555555,150.0,0.0,0.0,0.0,0.0,4.310443057719024,0.0,2.0,0.07407407407407407,0.7037037037037037,0.0,0.0,0.0,0.0,0.0,4.0,0.0,0.0,0.0,1.0,1.0,0.006666666666666667,0.0,0.0,0.0,0.18518518518518523,0.0,0.0,0.0,1.0,0.8148148148148148,22.0,0.0,27.0
-0.15084,47.0,1.162811,235.0,-7.089489,116.5,18.0,1.0909090909090908,5.444444444444445,237.0,0.0,0.0,0.004219409282700422,0.0,4.982289237493326,0.0,0.0,0.0,0.8611111111111112,0.0,0.0,0.0,0.0,0.0,3.0,0.0,0.0,2.0,2.0,4.0,0.016877637130801686,0.0,0.0,0.0,0.08333333333333337,2.0,0.05555555555555555,0.0,2.0,0.9166666666666666,33.0,0.0,36.0
-0.141475,78.0,1.151972,367.0,-11.035059,183.0,29.0,1.0545454545454545,5.241379310344827,367.0,0.0,0.0,0.005449591280653951,0.0,5.754532719265503,0.0,2.0,0.034482758620689655,0.896551724137931,0.0,0.0,0.0,0.0,0.0,2.0,1.0,0.017241379310344827,0.0,1.0,8.0,0.021798365122615803,0.0,0.0,0.0,0.051724137931034475,2.0,0.034482758620689655,0.0,2.0,0.9482758620689655,55.0,0.0,58.0
-0.1561415,0.0,1.1689919999999998,156.0,-77.5851265,79.0,10.0,1.0526315789473684,6.6,158.0,0.0,0.006329113924050633,0.0,0.0,4.221928094887363,0.0,1.0,0.05,0.9,0.0,0.0,0.0,0.0,0.0,2.0,0.0,0.0,2.0,2.0,4.0,0.02531645569620253,0.0,0.0,0.0,0.050000000000000044,0.0,0.0,0.0,2.0,0.95,19.0,0.0,20.0
-0.076039,84.0,1.079004,292.0,-6.387254,96.66666666666667,14.0,1.05,5.785714285714286,294.0,0.0,0.003401360544217687,0.006802721088435374,0.0,5.297079327540665,0.0,1.0,0.023809523809523808,0.9047619047619048,0.0,0.0,0.0,0.0,0.0,2.0,0.0,0.0,2.0,2.0,7.0,0.023809523809523808,0.0,0.0,0.0,0.04761904761904767,0.0,0.0,0.0,3.0,0.9523809523809523,40.0,0.0,42.0
-0.339789,642.0,1.404652,1647.0,-218.144842,137.41666666666666,17.666666666666668,1.2325581395348837,6.39622641509434,1679.0,2.0,0.0023823704586063135,0.01012507444907683,0.005955926146515783,7.245935504245351,0.0,5.0,0.02358490566037736,0.7122641509433962,0.0,0.0,4.0,0.0,0.0,7.0,1.0,0.0047169811320754715,32.0,13.0,66.0,0.039309112567004166,0.0,0.023696682464454975,0.004761904761904762,0.18867924528301883,0.0,0.0,0.001786777843954735,12.0,0.8113207547169812,172.0,0.0047169811320754715,212.0
-0.1561415,0.0,1.1689919999999998,164.0,-77.5851265,168.0,20.0,1.0,6.7,168.0,0.0,0.005952380952380952,0.0,0.0,4.321928094887363,0.0,0.0,0.0,1.0,0.0,0.0,2.0,0.0,0.0,1.0,0.0,0.0,4.0,2.0,4.0,0.023809523809523808,0.0,0.0,0.0,0.0,0.0,0.0,0.0,1.0,1.0,20.0,0.0,20.0
-0.160984,32.0,1.174666,165.0,-5.151473,165.0,22.0,1.0476190476190477,6.363636363636363,165.0,0.0,0.006060606060606061,0.006060606060606061,0.0,4.3685225277282065,0.0,0.0,0.0,0.9090909090909091,0.0,0.0,0.0,0.0,0.0,2.0,0.0,0.0,0.0,1.0,4.0,0.024242424242424242,0.0,0.0,0.0,0.045454545454545414,0.0,0.0,0.006060606060606061,1.0,0.9545454545454546,21.0,0.0,22.0
-0.257695,42.0,1.293944,204.0,-10.823184,206.0,23.0,1.0,7.608695652173913,206.0,0.0,0.0048543689320388345,0.0048543689320388345,0.0,4.523561956057013,0.0,0.0,0.0,1.0,0.0,0.0,0.0,0.0,0.0,1.0,0.0,0.0,2.0,2.0,6.0,0.02912621359223301,0.0,0.0,0.0,0.0,0.0,0.0,0.0048543689320388345,1.0,1.0,23.0,0.0,23.0
-0.1561415,0.0,1.1689919999999998,142.0,-77.5851265,146.0,15.0,1.0,7.866666666666666,146.0,0.0,0.0136986301369863,0.00684931506849315,0.0,3.906890595608519,0.0,0.0,0.0,1.0,0.0,0.0,3.0,0.0,0.0,1.0,0.0,0.0,4.0,2.0,6.0,0.0410958904109589,0.0,0.0,0.0,0.0,0.0,0.0,0.0,1.0,1.0,15.0,0.0,15.0
-0.105575,76.0,1.11135,192.0,-8.023714,197.0,23.0,1.0454545454545454,6.956521739130435,197.0,0.0,0.005076142131979695,0.0,0.0,4.436605434317883,0.0,0.0,0.0,0.9130434782608695,0.0,0.0,4.0,0.0,0.0,2.0,0.0,0.0,5.0,2.0,5.0,0.025380710659898477,0.0,0.0,0.0,0.04347826086956519,0.0,0.0,0.0,1.0,0.9565217391304348,22.0,0.0,23.0
-0.331921,36.0,1.393642,107.0,-11.949143,107.0,16.0,1.0,5.625,107.0,0.0,0.0,0.009345794392523364,0.0,4.0,0.0,0.0,0.0,1.0,0.0,0.0,0.0,0.0,0.0,1.0,1.0,0.0625,0.0,1.0,2.0,0.018691588785046728,0.0,0.0,0.0,0.0,0.0,0.0,0.0,1.0,1.0,16.0,0.0,16.0
-0.1561415,0.0,1.1689919999999998,262.0,-77.5851265,88.0,10.666666666666666,1.2307692307692308,6.71875,268.0,0.0,0.0037313432835820895,0.0,0.0,4.601409765557392,0.0,0.0,0.0,0.65625,0.0,0.0,3.0,1.0,0.0,3.0,0.0,0.0,6.0,3.0,11.0,0.041044776119402986,0.0,0.03225806451612903,0.0,0.1875,0.0,0.0,0.0,3.0,0.8125,26.0,0.0,32.0
-0.119102,42.0,1.126485,243.0,-5.002299,121.0,17.5,1.206896551724138,5.857142857142857,243.0,0.0,0.0,0.00823045267489712,0.0,4.683293289103914,0.0,0.0,0.0,0.7428571428571429,0.0,0.0,0.0,0.0,0.0,5.0,0.0,0.0,0.0,1.0,4.0,0.01646090534979424,0.0,0.0,0.0,0.17142857142857137,0.0,0.0,0.0,2.0,0.8285714285714286,29.0,0.0,35.0
-0.261028,59.0,1.298264,276.0,-15.400669,137.5,19.0,1.0555555555555556,6.157894736842105,276.0,0.0,0.0,0.007246376811594203,0.0,5.142664355548849,0.0,3.0,0.07894736842105263,0.8947368421052632,0.0,0.0,0.0,0.0,0.0,2.0,0.0,0.0,0.0,1.0,6.0,0.021739130434782608,0.0,0.0,0.0,0.052631578947368474,1.0,0.02631578947368421,0.0036231884057971015,2.0,0.9473684210526315,36.0,0.0,38.0
-0.060939,78.0,1.062834,197.0,-4.753218,197.0,22.0,1.0476190476190477,7.863636363636363,197.0,0.0,0.0,0.01015228426395939,0.0,4.3685225277282065,0.0,0.0,0.0,0.9090909090909091,0.0,0.0,0.0,0.0,0.0,2.0,0.0,0.0,0.0,1.0,3.0,0.015228426395939087,0.0,0.0,0.0,0.045454545454545414,0.0,0.0,0.0,1.0,0.9545454545454546,21.0,0.0,22.0
-0.376777,95.0,1.45758,280.0,-35.79386,139.5,18.5,1.088235294117647,6.45945945945946,280.0,0.0,0.0,0.010714285714285714,0.0,5.047291203466789,0.0,0.0,0.0,0.8378378378378378,0.0,0.0,0.0,0.0,0.0,2.0,0.0,0.0,0.0,1.0,5.0,0.017857142857142856,0.0,0.0,0.0,0.08108108108108103,0.0,0.0,0.0,2.0,0.918918918918919,34.0,0.0,37.0
-0.10684,251.0,1.112756,1427.0,-26.81675,177.125,25.75,1.5606060606060606,5.79126213592233,1433.0,0.0,0.0,0.011863224005582694,0.0,6.716769369936335,0.0,0.0,0.0,0.49029126213592233,3.0,0.014563106796116505,0.0,0.0,0.0,8.0,3.0,0.014563106796116505,6.0,4.0,28.0,0.019539427773900907,0.0,0.05853658536585366,0.00980392156862745,0.35922330097087374,0.0,0.0,0.0006978367062107466,8.0,0.6407766990291263,132.0,0.0048543689320388345,206.0
-0.309411,3072.0,1.362622,15509.0,-950.510759,909.1764705882352,108.23529411764706,1.16382036685642,6.898369565217391,15517.0,0.0,6.444544692917445e-05,0.0010311271508667912,0.006122317458271573,10.368369363497715,6.444544692917445e-05,2.0,0.0010869565217391304,0.7777173913043478,4.0,0.002173913043478261,0.0,0.0,0.0,66.0,3.0,0.0016304347826086956,44.0,6.0,67.0,0.004317844944254689,6.444544692917445e-05,0.044589450788472,0.022850924918389554,0.14076086956521738,0.0,0.0,6.444544692917445e-05,17.0,0.8592391304347826,1581.0,0.002717391304347826,1840.0
-0.1561415,0.0,1.1689919999999998,1370.0,-77.5851265,79.82352941176471,10.588235294117647,1.5789473684210527,6.2444444444444445,1381.0,0.0,0.004344677769732078,0.013758146270818247,0.002896451846488052,6.601420146469479,0.0,1.0,0.005555555555555556,0.4222222222222222,0.0,0.0,7.0,4.0,0.0,6.0,4.0,0.022222222222222223,11.0,4.0,61.0,0.044170890658942794,0.0,0.1564245810055866,0.10112359550561797,0.3666666666666667,0.0,0.0,0.0,17.0,0.6333333333333333,114.0,0.0,180.0
-0.120994,491.0,1.128618,1228.0,-59.408025,135.33333333333334,18.666666666666668,1.3770491803278688,6.113095238095238,1234.0,0.0,0.0,0.01620745542949757,0.0,6.679528101577246,0.0,8.0,0.047619047619047616,0.5952380952380952,0.0,0.0,0.0,0.0,0.0,8.0,5.0,0.02976190476190476,6.0,4.0,30.0,0.024311183144246355,0.0,0.03592814371257485,0.0,0.27380952380952384,0.0,0.0,0.0,9.0,0.7261904761904762,122.0,0.0,168.0
-0.328231,376.0,1.38851,1057.0,-123.414899,210.4,30.2,1.3727272727272728,5.8344370860927155,1059.0,0.0,0.0,0.018885741265344664,0.0,6.5164209644333315,0.0,4.0,0.026490066225165563,0.6026490066225165,0.0,0.0,0.0,0.0,0.0,8.0,3.0,0.019867549668874173,2.0,2.0,25.0,0.023607176581680833,0.0,0.04666666666666667,0.006711409395973154,0.2715231788079471,0.0,0.0,0.0,5.0,0.7284768211920529,110.0,0.0,151.0
-0.114319,348.0,1.121109,1802.0,-39.782859,94.0,14.157894736842104,1.781456953642384,5.557620817843866,1809.0,0.0,0.003869541182974019,0.006633499170812604,0.003316749585406302,6.81265355502367,0.0,0.0,0.0,0.379182156133829,7.0,0.026022304832713755,6.0,0.0,0.0,13.0,5.0,0.01858736059479554,7.0,2.0,45.0,0.024875621890547265,0.0,0.11194029850746269,0.018726591760299626,0.4386617100371747,0.0,0.0,0.0,19.0,0.5613382899628253,151.0,0.0,269.0
-0.222596,258.0,1.249316,1462.0,-57.429749,291.6,39.6,1.1647058823529413,6.297979797979798,1462.0,0.0,0.0,0.006839945280437756,0.0,7.306759130276948,0.0,0.0,0.0,0.7575757575757576,2.0,0.010101010101010102,0.0,0.0,0.0,5.0,4.0,0.020202020202020204,0.0,1.0,24.0,0.016415868673050615,0.0,0.005076142131979695,0.0,0.14141414141414144,0.0,0.0,0.0,5.0,0.8585858585858586,170.0,0.0,198.0
-0.119088,820.0,1.126469,2052.0,-97.652302,113.11111111111111,15.11111111111111,1.5632183908045978,6.360294117647059,2062.0,0.0,0.0038797284190106693,0.011154219204655674,0.0033947623666343357,7.022438516914031,0.0,6.0,0.022058823529411766,0.5110294117647058,0.0,0.0,7.0,0.0,0.0,13.0,2.0,0.007352941176470588,10.0,3.0,50.0,0.02424830261881668,0.0,0.12177121771217712,0.04814814814814815,0.3602941176470589,0.0,0.0,0.0,18.0,0.6397058823529411,174.0,0.0,272.0
-0.234063,501.0,1.263724,1308.0,-117.265459,108.16666666666667,15.166666666666666,1.4796747967479675,5.983516483516484,1315.0,0.0,0.0038022813688212928,0.014448669201520912,0.003041825095057034,6.6797169782186705,0.0,2.0,0.01098901098901099,0.510989010989011,0.0,0.0,4.0,0.0,0.0,7.0,2.0,0.01098901098901099,7.0,3.0,36.0,0.02737642585551331,0.0,0.10497237569060773,0.05555555555555555,0.32417582417582413,0.0,0.0,0.0,12.0,0.6758241758241759,123.0,0.0,182.0
-0.1561415,0.0,1.1689919999999998,2321.0,-77.5851265,109.71428571428571,16.476190476190474,2.621212121212121,5.465317919075145,2336.0,0.0,0.003424657534246575,0.007277397260273972,0.0025684931506849314,6.336318062681164,0.0,0.0,0.0,0.22254335260115607,4.0,0.011560693641618497,11.0,6.0,0.0,35.0,4.0,0.011560693641618497,15.0,4.0,83.0,0.03553082191780822,0.0,0.34202898550724636,0.18604651162790697,0.6184971098265897,3.0,0.008670520231213872,0.0,21.0,0.3815028901734104,132.0,0.0,346.0
-0.13976,702.0,1.149997,3597.0,-98.111198,108.06060606060606,16.575757575757574,2.103846153846154,5.435100548446069,3610.0,0.0,0.0030470914127423824,0.00886426592797784,0.0030470914127423824,7.212584420515671,0.0,0.0,0.0,0.33089579524680074,14.0,0.025594149908592323,10.0,0.0,0.0,43.0,5.0,0.009140767824497258,13.0,3.0,82.0,0.022714681440443214,0.0,0.17765567765567766,0.07155963302752294,0.5246800731261426,4.0,0.007312614259597806,0.0,33.0,0.4753199268738574,260.0,0.0,547.0
-0.339094,3072.0,1.403675,15778.0,-1041.69663,875.3888888888889,91.66666666666667,1.057014734144779,8.52848484848485,15795.0,0.0,6.331117442228554e-05,0.0006964229186451409,0.0005064893953782843,10.538903189540465,0.0,1.0,0.0006060606060606061,0.9181818181818182,3.0,0.0018181818181818182,7.0,0.0,0.0,13.0,6.0,0.0036363636363636364,17.0,9.0,41.0,0.002595758151313707,0.0,0.008489993935718617,0.0036407766990291263,0.053939393939393954,1.0,0.0006060606060606061,6.331117442228554e-05,18.0,0.946060606060606,1561.0,0.0012121212121212121,1650.0
-0.138674,499.0,1.14875,1291.0,-69.198306,75.17647058823529,10.470588235294118,1.5478260869565217,6.00561797752809,1298.0,0.0,0.00539291217257319,0.012326656394453005,0.004622496147919877,6.501810698178245,0.0,1.0,0.0056179775280898875,0.4887640449438202,0.0,0.0,6.0,0.0,0.0,10.0,10.0,0.056179775280898875,7.0,2.0,44.0,0.03389830508474576,0.0,0.13559322033898305,0.06818181818181818,0.3539325842696629,0.0,0.0,0.0,17.0,0.6460674157303371,115.0,0.0,178.0
-0.242683,231.0,1.274665,651.0,-56.059877,162.0,23.0,1.2777777777777777,5.945652173913044,651.0,0.0,0.0,0.013824884792626729,0.0,5.9732446681973315,0.0,1.0,0.010869565217391304,0.6630434782608695,0.0,0.0,0.0,0.0,0.0,6.0,2.0,0.021739130434782608,0.0,1.0,13.0,0.019969278033794162,0.0,0.03296703296703297,0.011111111111111112,0.21739130434782605,0.0,0.0,0.0,4.0,0.782608695652174,72.0,0.0,92.0
-0.1561415,0.0,1.1689919999999998,2454.0,-77.5851265,90.07407407407408,13.814814814814815,2.3167701863354035,5.281501340482574,2474.0,0.0,0.005658852061438965,0.006063055780113177,0.00444624090541633,6.7630737499045415,0.0,0.0,0.0,0.24128686327077747,7.0,0.01876675603217158,11.0,11.0,0.0,27.0,6.0,0.0160857908847185,20.0,7.0,110.0,0.0444624090541633,0.0004042037186742118,0.20698924731182797,0.12668463611859837,0.5683646112600536,0.0,0.0,0.0,27.0,0.4316353887399464,161.0,0.0,373.0
-0.129261,345.0,1.137988,1748.0,-44.595216,115.4,18.4,1.9166666666666667,5.188405797101449,1760.0,0.0,0.003409090909090909,0.006818181818181818,0.002840909090909091,6.520108207979237,0.0,0.0,0.0,0.38405797101449274,6.0,0.021739130434782608,5.0,0.0,0.0,23.0,1.0,0.0036231884057971015,12.0,7.0,41.0,0.023295454545454546,0.0,0.18545454545454546,0.10583941605839416,0.4782608695652174,0.0,0.0,0.0,15.0,0.5217391304347826,144.0,0.0,276.0
-0.176504,727.0,1.19304,3750.0,-128.31869,143.07692307692307,20.46153846153846,1.4777777777777779,5.904135338345864,3768.0,0.0,0.0021231422505307855,0.00583864118895966,0.0021231422505307855,8.005590234989953,0.0,2.0,0.0037593984962406013,0.5582706766917294,4.0,0.007518796992481203,6.0,2.0,0.0,27.0,4.0,0.007518796992481203,18.0,10.0,76.0,0.020169851380042462,0.0,0.06779661016949153,0.02830188679245283,0.32330827067669177,2.0,0.0037593984962406013,0.0002653927813163482,26.0,0.6766917293233082,360.0,0.0,532.0
-0.095407,739.0,1.100106,1931.0,-70.505451,100.73684210526316,13.842105263157896,2.0873015873015874,6.171102661596958,1939.0,0.0,0.0030943785456420837,0.009798865394533264,0.0025786487880350697,6.523858817621946,0.0,1.0,0.0038022813688212928,0.27756653992395436,0.0,0.0,5.0,0.0,0.0,12.0,10.0,0.03802281368821293,8.0,3.0,44.0,0.022692109334708613,0.0,0.2633587786259542,0.13793103448275862,0.5209125475285171,0.0,0.0,0.0,19.0,0.4790874524714829,126.0,0.0,263.0
-0.221752,648.0,1.248262,1727.0,-143.695241,132.0,18.846153846153847,1.7753623188405796,5.779591836734694,1735.0,0.0,0.0005763688760806917,0.012103746397694525,0.002881844380403458,6.550904563555852,0.0,3.0,0.012244897959183673,0.44081632653061226,0.0,0.0,5.0,5.0,0.0,14.0,6.0,0.024489795918367346,8.0,3.0,60.0,0.0345821325648415,0.0,0.23770491803278687,0.16049382716049382,0.43673469387755104,0.0,0.0,0.0,13.0,0.563265306122449,138.0,0.0,245.0
-0.107662,328.0,1.113671,1527.0,-35.313195,94.375,16.375,1.8194444444444444,4.687022900763359,1537.0,0.0,0.0032530904359141183,0.007807417046193884,0.002602472348731295,6.67671710411633,0.0,0.0,0.0,0.3893129770992366,4.0,0.015267175572519083,4.0,0.0,0.0,13.0,1.0,0.003816793893129771,10.0,6.0,40.0,0.026024723487312947,0.0006506180871828237,0.12260536398467432,0.057692307692307696,0.45038167938931295,13.0,0.04961832061068702,0.0,16.0,0.549618320610687,144.0,0.0,262.0
-0.187748,243.0,1.20653,1240.0,-45.622821,176.42857142857142,27.142857142857142,1.2258064516129032,5.394736842105263,1240.0,0.0,0.0,0.0064516129032258064,0.0,7.062468092573537,0.0,1.0,0.005263157894736842,0.7315789473684211,2.0,0.010526315789473684,0.0,0.0,0.0,9.0,1.0,0.005263157894736842,0.0,1.0,27.0,0.021774193548387097,0.0,0.015873015873015872,0.005319148936170213,0.1842105263157895,1.0,0.005263157894736842,0.0008064516129032258,7.0,0.8157894736842105,155.0,0.005263157894736842,190.0
-0.118819,255.0,1.126166,653.0,-30.298902,129.8,17.0,1.1486486486486487,6.552941176470588,653.0,0.0,0.0,0.010719754977029096,0.0,6.1328053478515026,0.0,1.0,0.011764705882352941,0.7647058823529411,0.0,0.0,0.0,0.0,0.0,3.0,3.0,0.03529411764705882,0.0,1.0,12.0,0.018376722817764167,0.0,0.023809523809523808,0.0,0.12941176470588234,0.0,0.0,0.0,5.0,0.8705882352941177,74.0,0.0,85.0
-0.30923,105.0,1.362376,493.0,-32.469159,163.33333333333334,24.0,1.1076923076923078,5.777777777777778,495.0,0.0,0.0,0.00202020202020202,0.0,5.964996008356708,0.0,0.0,0.0,0.8194444444444444,0.0,0.0,0.0,0.0,0.0,3.0,0.0,0.0,2.0,2.0,5.0,0.010101010101010102,0.0,0.0,0.0,0.09722222222222221,0.0,0.0,0.0,3.0,0.9027777777777778,65.0,0.0,72.0
-0.137173,358.0,1.147026,1724.0,-49.10777,89.73684210526316,14.736842105263158,1.6766467065868262,4.996428571428571,1736.0,0.0,0.0034562211981566822,0.008064516129032258,0.002880184331797235,6.8569067030370485,0.0,0.0,0.0,0.4607142857142857,4.0,0.014285714285714285,5.0,0.0,0.0,16.0,5.0,0.017857142857142856,12.0,7.0,48.0,0.027649769585253458,0.0,0.08243727598566308,0.02158273381294964,0.4035714285714286,1.0,0.0035714285714285713,0.0,19.0,0.5964285714285714,167.0,0.0,280.0
-0.212282,660.0,1.236497,3142.0,-140.106277,115.29629629629629,16.22222222222222,1.2997032640949555,5.906392694063927,3162.0,0.0,0.0031625553447185324,0.008538899430740038,0.0031625553447185324,8.11372562862081,0.0,1.0,0.00228310502283105,0.6666666666666666,4.0,0.0091324200913242,8.0,9.0,0.0,13.0,3.0,0.00684931506849315,20.0,11.0,117.0,0.03700189753320683,0.0,0.016018306636155607,0.0,0.23059360730593603,3.0,0.00684931506849315,0.00031625553447185326,27.0,0.769406392694064,337.0,0.0,438.0
-0.132932,170.0,1.142172,425.0,-22.59844,212.0,32.0,1.1428571428571428,5.484375,425.0,0.0,0.0,0.021176470588235293,0.0,5.71875,0.0,1.0,0.015625,0.78125,0.0,0.0,0.0,0.0,0.0,4.0,1.0,0.015625,0.0,1.0,11.0,0.02588235294117647,0.0,0.031746031746031744,0.0,0.125,0.0,0.0,0.0,2.0,0.875,56.0,0.0,64.0
-0.320891,178.0,1.378355,830.0,-57.118589,206.75,31.5,1.1150442477876106,5.444444444444445,832.0,0.0,0.002403846153846154,0.004807692307692308,0.0,6.69822230874809,0.0,0.0,0.0,0.8492063492063492,1.0,0.007936507936507936,0.0,0.0,0.0,7.0,2.0,0.015873015873015872,2.0,2.0,20.0,0.02403846153846154,0.0,0.0,0.0,0.10317460317460314,1.0,0.007936507936507936,0.0,4.0,0.8968253968253969,113.0,0.0,126.0
-0.115792,319.0,1.122762,1561.0,-36.937546,103.0,16.0,1.5384615384615385,5.35,1571.0,0.0,0.003182686187141948,0.008274984086569064,0.002546148949713558,6.979039333394344,0.0,0.0,0.0,0.49166666666666664,6.0,0.025,4.0,0.0,0.0,8.0,4.0,0.016666666666666666,10.0,6.0,40.0,0.025461489497135583,0.0,0.07112970711297072,0.02100840336134454,0.35,0.0,0.0,0.0,15.0,0.65,156.0,0.0,240.0
-0.174033,159.0,1.190094,900.0,-27.671188,149.33333333333334,21.5,1.1217391304347826,5.891472868217054,900.0,0.0,0.0,0.0033333333333333335,0.0,6.7514615577152925,0.0,0.0,0.0,0.8294573643410853,2.0,0.015503875968992248,0.0,0.0,0.0,4.0,4.0,0.031007751937984496,0.0,1.0,14.0,0.015555555555555555,0.0,0.0,0.0,0.10852713178294571,0.0,0.0,0.0011111111111111111,6.0,0.8914728682170543,115.0,0.0,129.0
-0.173371,178.0,1.189308,448.0,-30.860112,111.25,15.75,1.1666666666666667,5.968253968253968,448.0,0.0,0.0,0.013392857142857142,0.0,5.655618613873084,0.0,2.0,0.031746031746031744,0.7619047619047619,0.0,0.0,0.0,0.0,0.0,3.0,3.0,0.047619047619047616,0.0,1.0,10.0,0.022321428571428572,0.0,0.0,0.0,0.1428571428571429,0.0,0.0,0.0,4.0,0.8571428571428571,54.0,0.0,63.0
-0.216978,170.0,1.242316,857.0,-36.886196,215.0,33.5,1.2072072072072073,5.268656716417911,861.0,0.0,0.0023228803716608595,0.003484320557491289,0.0,6.670420906811101,0.0,1.0,0.007462686567164179,0.7164179104477612,1.0,0.007462686567164179,0.0,0.0,0.0,4.0,0.0,0.0,4.0,3.0,18.0,0.020905923344947737,0.0,0.007518796992481203,0.0,0.17164179104477617,2.0,0.014925373134328358,0.0011614401858304297,4.0,0.8283582089552238,111.0,0.0,134.0
-0.123397,564.0,1.131333,2903.0,-69.595828,102.89285714285714,15.75,1.9427312775330396,5.442176870748299,2913.0,0.0,0.0027463096464126332,0.00789564023343632,0.002403020940611054,7.195627294479557,0.0,0.0,0.0,0.35827664399092973,6.0,0.013605442176870748,7.0,0.0,0.0,20.0,3.0,0.006802721088435374,10.0,3.0,71.0,0.02437349811191212,0.0,0.1590909090909091,0.06605922551252848,0.4852607709750567,0.0,0.0,0.0,28.0,0.5147392290249433,227.0,0.0,441.0
-0.303398,2616.0,1.354453,13238.0,-793.688239,471.64285714285717,58.464285714285715,1.1487719298245613,7.018937080024435,13256.0,0.0,0.0006789378394689197,0.0015087507543753772,0.0006789378394689197,10.378803604785613,0.0,4.0,0.002443494196701283,0.7697006719609041,7.0,0.004276114844227245,8.0,8.0,0.0,11.0,2.0,0.0012217470983506415,18.0,10.0,110.0,0.008298129149064574,0.0,0.011002444987775062,0.005504587155963303,0.129505192425168,2.0,0.0012217470983506415,7.543753771876886e-05,28.0,0.870494807574832,1425.0,0.007330482590103849,1637.0
-0.1561415,0.0,1.1689919999999998,1797.0,-77.5851265,88.95,12.95,2.105691056910569,5.621621621621622,1807.0,0.0,0.004427227448810182,0.01383508577753182,0.00387382401770891,6.503131128271421,0.0,3.0,0.011583011583011582,0.277992277992278,0.0,0.0,7.0,7.0,0.0,9.0,9.0,0.03474903474903475,10.0,3.0,81.0,0.0448256779192031,0.0,0.2441860465116279,0.14785992217898833,0.5250965250965252,0.0,0.0,0.0,20.0,0.4749034749034749,123.0,0.0,259.0
-0.101926,775.0,1.107302,1900.0,-78.993019,134.92857142857142,18.428571428571427,2.3035714285714284,6.209302325581396,1907.0,0.0,0.0036706869428421605,0.009963293130571578,0.003146303093864709,6.35297638091015,0.0,5.0,0.01937984496124031,0.2364341085271318,0.0,0.0,6.0,0.0,0.0,11.0,9.0,0.03488372093023256,7.0,2.0,40.0,0.02097535395909806,0.0,0.39299610894941633,0.31640625,0.5658914728682171,0.0,0.0,0.0,14.0,0.43410852713178294,112.0,0.0,258.0
-0.229684,849.0,1.258202,2390.0,-195.001582,131.66666666666666,17.27777777777778,1.94375,6.485530546623794,2403.0,0.0,0.0004161464835622139,0.011652101539741989,0.0020807324178110697,6.813288675012013,0.0,5.0,0.01607717041800643,0.3408360128617363,0.0,0.0,5.0,0.0,0.0,14.0,0.0,0.0,13.0,5.0,54.0,0.02247191011235955,0.0,0.2064516129032258,0.0970873786407767,0.48553054662379425,0.0,0.0,0.0,18.0,0.5144694533762058,160.0,0.0,311.0
-0.148689,410.0,1.160313,2022.0,-60.962673,117.76470588235294,18.352941176470587,1.8352941176470587,5.330128205128205,2036.0,0.0,0.00343811394891945,0.008349705304518664,0.0029469548133595285,6.701329065350023,0.0,0.0,0.0,0.4166666666666667,6.0,0.019230769230769232,6.0,0.0,0.0,28.0,3.0,0.009615384615384616,14.0,8.0,49.0,0.02406679764243615,0.0,0.16720257234726688,0.07741935483870968,0.4551282051282052,1.0,0.003205128205128205,0.0,17.0,0.5448717948717948,170.0,0.035256410256410256,312.0
-0.338849,2583.0,1.403331,13660.0,-875.246062,524.2307692307693,60.46153846153846,1.0686607749830048,7.630407124681934,13676.0,0.0,0.000584966364434045,0.0008043287510968119,0.000584966364434045,10.442353671275523,7.312079555425563e-05,0.0,0.0,0.9039440203562341,5.0,0.0031806615776081423,7.0,7.0,0.0,11.0,5.0,0.0031806615776081423,16.0,9.0,92.0,0.006727113190991518,0.0,0.005092297899427116,0.0,0.06424936386768443,1.0,0.0006361323155216285,7.312079555425563e-05,26.0,0.9357506361323156,1471.0,0.005089058524173028,1572.0
-0.112989,646.0,1.119619,1654.0,-72.990774,102.25,14.5,1.4591194968553458,5.935344827586207,1666.0,0.0,0.003601440576230492,0.010804321728691477,0.003001200480192077,6.967810711097307,0.0,2.0,0.008620689655172414,0.5603448275862069,0.0,0.0,5.0,0.0,0.0,8.0,8.0,0.034482758620689655,12.0,7.0,40.0,0.024009603841536616,0.0,0.08225108225108226,0.017391304347826087,0.31465517241379315,0.0,0.0,0.0,16.0,0.6853448275862069,159.0,0.021551724137931036,232.0
-0.275892,221.0,1.317705,556.0,-60.972123,277.5,39.5,1.2153846153846153,5.8734177215189876,556.0,0.0,0.0,0.02158273381294964,0.0,5.904922836729927,0.0,1.0,0.012658227848101266,0.6962025316455697,0.0,0.0,0.0,0.0,0.0,4.0,1.0,0.012658227848101266,0.0,1.0,14.0,0.025179856115107913,0.0,0.0,0.0,0.17721518987341767,0.0,0.0,0.0,2.0,0.8227848101265823,65.0,0.02531645569620253,79.0
-0.124943,436.0,1.133084,2092.0,-54.475209,90.08695652173913,14.521739130434783,1.7671957671957672,5.116766467065868,2103.0,0.0,0.005230622919638612,0.007132667617689016,0.005230622919638612,7.034258122840469,0.0,0.0,0.0,0.4221556886227545,14.0,0.041916167664670656,10.0,0.0,0.0,16.0,5.0,0.014970059880239521,11.0,2.0,54.0,0.025677603423680456,0.0,0.08108108108108109,0.009036144578313253,0.43413173652694614,2.0,0.005988023952095809,0.0,23.0,0.5658682634730539,189.0,0.03293413173652695,334.0
-0.222775,661.0,1.249539,3410.0,-147.254048,125.22222222222223,16.48148148148148,1.1439588688946016,6.444943820224719,3429.0,0.0,0.0023330417031204435,0.0032079323417906094,0.0026246719160104987,8.496225648353947,0.00029163021289005544,0.0,0.0,0.7955056179775281,4.0,0.008988764044943821,7.0,7.0,0.0,6.0,1.0,0.0022471910112359553,19.0,10.0,90.0,0.026246719160104987,0.0,0.0022522522522522522,0.0,0.12584269662921344,0.0,0.0,0.00029163021289005544,27.0,0.8741573033707866,389.0,0.011235955056179775,445.0
-0.1561415,0.0,1.1689919999999998,1422.0,-77.5851265,108.46153846153847,15.23076923076923,2.357142857142857,5.929292929292929,1430.0,0.0,0.002797202797202797,0.011888111888111888,0.002097902097902098,5.866261874650049,0.0,1.0,0.005050505050505051,0.2727272727272727,0.0,0.0,3.0,3.0,0.0,11.0,9.0,0.045454545454545456,8.0,4.0,48.0,0.033566433566433566,0.0006993006993006993,0.3756345177664975,0.29081632653061223,0.5757575757575757,0.0,0.0,0.0,13.0,0.42424242424242425,84.0,0.020202020202020204,198.0
-0.107881,547.0,1.113915,1317.0,-59.010682,81.4375,12.0625,1.4846153846153847,5.6217616580310885,1326.0,0.0,0.0007541478129713424,0.014328808446455505,0.004524886877828055,6.716542141565174,0.0,0.0,0.0,0.5233160621761658,0.0,0.0,6.0,0.0,0.0,8.0,8.0,0.04145077720207254,9.0,3.0,39.0,0.029411764705882353,0.0,0.08854166666666667,0.031413612565445025,0.3264248704663213,0.0,0.0,0.0,16.0,0.6735751295336787,130.0,0.025906735751295335,193.0
-0.101437,1909.0,1.10676,5214.0,-193.643476,178.58620689655172,26.517241379310345,4.77639751552795,5.615084525357608,5236.0,0.0,0.0003819709702062643,0.014323911382734911,0.00267379679144385,6.557127307079121,0.0,14.0,0.018205461638491547,0.08192457737321196,0.0,0.0,0.0,0.0,0.0,36.0,17.0,0.022106631989596878,22.0,11.0,122.0,0.023300229182582125,0.0,0.6588541666666666,0.5958279009126467,0.7906371911573472,0.0,0.0,0.0,29.0,0.2093628088426528,161.0,0.027308192457737322,769.0
-0.180424,289.0,1.197726,1489.0,-52.142636,123.16666666666667,18.5,1.4605263157894737,5.54954954954955,1504.0,0.0,0.0006648936170212766,0.00997340425531915,0.0,6.855717375749701,0.0,15.0,0.06756756756756757,0.5585585585585585,1.0,0.0045045045045045045,0.0,0.0,0.0,15.0,0.0,0.0,15.0,8.0,31.0,0.020611702127659573,0.0,0.03167420814479638,0.004545454545454545,0.3153153153153153,5.0,0.02252252252252252,0.0,12.0,0.6846846846846847,152.0,0.0,222.0
-0.142988,49.0,1.153716,266.0,-7.006415,132.5,19.0,1.0,5.947368421052632,266.0,0.0,0.0,0.0037593984962406013,0.0,5.247927513443585,0.0,2.0,0.05263157894736842,1.0,2.0,0.05263157894736842,0.0,0.0,0.0,1.0,0.0,0.0,0.0,1.0,4.0,0.015037593984962405,0.0,0.0,0.0,0.0,0.0,0.0,0.0,2.0,1.0,38.0,0.0,38.0
-0.1561415,0.0,1.1689919999999998,356.0,-77.5851265,88.25,13.0,1.1818181818181819,5.711538461538462,356.0,0.0,0.0,0.011235955056179775,0.0,5.339768804637949,0.0,4.0,0.07692307692307693,0.75,0.0,0.0,0.0,0.0,0.0,4.0,1.0,0.019230769230769232,0.0,1.0,8.0,0.02247191011235955,0.0056179775280898875,0.0,0.0,0.15384615384615385,0.0,0.0,0.0,4.0,0.8461538461538461,44.0,0.0,52.0
-0.126182,354.0,1.134489,1731.0,-44.668415,81.38095238095238,12.571428571428571,1.4915254237288136,5.371212121212121,1750.0,0.0,0.0034285714285714284,0.006285714285714286,0.002857142857142857,7.072422718251274,0.0,9.0,0.03409090909090909,0.5378787878787878,1.0,0.003787878787878788,5.0,0.0,0.0,14.0,0.0,0.0,19.0,10.0,45.0,0.025714285714285714,0.0,0.057034220532319393,0.019083969465648856,0.3295454545454546,3.0,0.011363636363636364,0.0,21.0,0.6704545454545454,177.0,0.0,264.0
-0.308653,251.0,1.36159,700.0,-77.472015,139.4,20.4,1.2592592592592593,5.686274509803922,704.0,0.0,0.0014204545454545455,0.015625,0.0,6.206643234085937,0.0,1.0,0.00980392156862745,0.6470588235294118,0.0,0.0,0.0,0.0,0.0,4.0,3.0,0.029411764705882353,4.0,3.0,17.0,0.024147727272727272,0.0,0.0297029702970297,0.0,0.20588235294117652,0.0,0.0,0.0,5.0,0.7941176470588235,81.0,0.0,102.0
-0.149662,381.0,1.161442,1988.0,-57.021356,93.61904761904762,13.714285714285714,1.5319148936170213,5.725694444444445,2007.0,0.0,0.0029895366218236174,0.007473841554559043,0.002491280518186348,7.134237741113023,0.0,11.0,0.03819444444444445,0.5138888888888888,4.0,0.013888888888888888,5.0,0.0,0.0,16.0,0.0,0.0,19.0,10.0,44.0,0.02192326856003986,0.0,0.03484320557491289,0.006993006993006993,0.3472222222222222,3.0,0.010416666666666666,0.0,21.0,0.6527777777777778,188.0,0.0,288.0
-0.165921,41.0,1.18048,207.0,-6.802757,207.0,29.0,1.0,6.068965517241379,207.0,0.0,0.0,0.004830917874396135,0.0,4.857980995127572,0.0,2.0,0.06896551724137931,1.0,0.0,0.0,0.0,0.0,0.0,1.0,0.0,0.0,0.0,1.0,4.0,0.01932367149758454,0.0,0.0,0.0,0.0,1.0,0.034482758620689655,0.004830917874396135,1.0,1.0,29.0,0.0,29.0
-0.134135,567.0,1.143547,1427.0,-76.054642,70.45,9.3,1.3880597014925373,6.419354838709677,1439.0,0.0,0.0006949270326615705,0.004864489228630994,0.006254343293954135,6.7234078192315865,0.0,12.0,0.06451612903225806,0.6021505376344086,0.0,0.0,9.0,0.0,0.0,12.0,0.0,0.0,12.0,3.0,37.0,0.02571230020847811,0.0,0.02702702702702703,0.0,0.27956989247311825,0.0,0.0,0.0,20.0,0.7204301075268817,134.0,0.0,186.0
-0.29142,523.0,1.338327,1455.0,-152.412843,130.63636363636363,17.0,1.4274809160305344,6.406417112299465,1465.0,0.0,0.0013651877133105802,0.012969283276450512,0.0013651877133105802,6.709544526939551,0.0,9.0,0.0481283422459893,0.5721925133689839,0.0,0.0,6.0,2.0,0.0,9.0,0.0,0.0,10.0,4.0,50.0,0.034129692832764506,0.0,0.03225806451612903,0.005405405405405406,0.2994652406417112,0.0,0.0,0.0,11.0,0.7005347593582888,131.0,0.0053475935828877,187.0
-0.139219,169.0,1.149375,827.0,-23.527935,91.0,14.555555555555555,1.3789473684210527,5.1679389312977095,836.0,0.0,0.0,0.007177033492822967,0.0,6.267921666136734,0.0,13.0,0.09923664122137404,0.6183206106870229,0.0,0.0,0.0,0.0,0.0,8.0,0.0,0.0,9.0,5.0,16.0,0.019138755980861243,0.0,0.007692307692307693,0.0,0.2748091603053435,6.0,0.04580152671755725,0.0,9.0,0.7251908396946565,95.0,0.0,131.0
-0.205478,82.0,1.228112,406.0,-16.849194,100.75,16.0,1.1228070175438596,5.265625,406.0,0.0,0.0,0.0049261083743842365,0.0,5.769454882778696,0.0,4.0,0.0625,0.796875,0.0,0.0,0.0,0.0,0.0,3.0,0.0,0.0,0.0,1.0,7.0,0.017241379310344827,0.0,0.0,0.0,0.109375,3.0,0.046875,0.0,4.0,0.890625,57.0,0.0,64.0
-0.101321,143.0,1.106632,704.0,-14.488919,99.57142857142857,16.0,1.3493975903614457,5.125,715.0,0.0,0.0,0.005594405594405594,0.0,6.169997082903549,0.0,9.0,0.08035714285714286,0.6071428571428571,0.0,0.0,0.0,0.0,0.0,5.0,1.0,0.008928571428571428,11.0,6.0,15.0,0.02097902097902098,0.0,0.009009009009009009,0.0,0.2589285714285714,7.0,0.0625,0.0,7.0,0.7410714285714286,83.0,0.0,112.0
-0.214386,95.0,1.239101,238.0,-20.36666,119.5,15.5,1.0689655172413792,6.483870967741935,240.0,0.0,0.004166666666666667,0.0125,0.0,4.825164052322358,0.0,0.0,0.0,0.8709677419354839,0.0,0.0,0.0,0.0,0.0,2.0,0.0,0.0,2.0,2.0,6.0,0.025,0.0,0.0,0.0,0.06451612903225812,0.0,0.0,0.0,2.0,0.9354838709677419,29.0,0.0,31.0
-0.1561415,0.0,1.1689919999999998,747.0,-77.5851265,82.55555555555556,13.333333333333334,1.5789473684210527,4.966666666666667,757.0,0.0,0.0,0.002642007926023778,0.0,5.97427890395656,0.0,7.0,0.058333333333333334,0.45,2.0,0.016666666666666666,3.0,3.0,0.0,6.0,1.0,0.008333333333333333,10.0,5.0,25.0,0.03302509907529723,0.001321003963011889,0.04201680672268908,0.0,0.3666666666666667,5.0,0.041666666666666664,0.0,9.0,0.6333333333333333,76.0,0.0,120.0
-0.060896,115.0,1.062788,535.0,-7.003003,88.66666666666667,14.5,1.359375,5.022988505747127,540.0,0.0,0.0,0.005555555555555556,0.0,5.735083623142131,0.0,6.0,0.06896551724137931,0.632183908045977,1.0,0.011494252873563218,0.0,0.0,0.0,5.0,0.0,0.0,5.0,3.0,10.0,0.018518518518518517,0.0,0.011627906976744186,0.0,0.26436781609195403,9.0,0.10344827586206896,0.0,6.0,0.735632183908046,64.0,0.0,87.0
-0.219977,122.0,1.246048,583.0,-26.837165,116.0,17.8,1.2714285714285714,5.426966292134831,587.0,0.0,0.0,0.0068143100511073255,0.0,5.978377672466506,0.0,8.0,0.0898876404494382,0.651685393258427,0.0,0.0,0.0,0.0,0.0,4.0,0.0,0.0,4.0,3.0,10.0,0.017035775127768313,0.0,0.011363636363636364,0.0,0.2134831460674157,5.0,0.056179775280898875,0.0,5.0,0.7865168539325843,70.0,0.0,89.0
-0.1561415,0.0,1.1689919999999998,362.0,-77.5851265,72.2,9.4,1.0930232558139534,6.51063829787234,364.0,0.0,0.0027472527472527475,0.005494505494505495,0.0,5.3843760857201906,0.0,2.0,0.0425531914893617,0.8297872340425532,0.0,0.0,0.0,0.0,0.0,2.0,0.0,0.0,2.0,2.0,9.0,0.024725274725274724,0.0,0.0,0.0,0.08510638297872342,0.0,0.0,0.0,5.0,0.9148936170212766,43.0,0.0,47.0
-0.073322,153.0,1.076077,376.0,-11.218298,124.66666666666667,17.0,1.0408163265306123,6.235294117647059,376.0,0.0,0.0026595744680851063,0.010638297872340425,0.0,5.593993969422475,0.0,2.0,0.0392156862745098,0.9215686274509803,0.0,0.0,0.0,0.0,0.0,2.0,1.0,0.0196078431372549,0.0,1.0,8.0,0.02127659574468085,0.0,0.0,0.0,0.039215686274509776,1.0,0.0196078431372549,0.0,3.0,0.9607843137254902,49.0,0.0,51.0
-0.29482,187.0,1.342885,505.0,-55.131365,100.6,12.8,1.1228070175438596,6.71875,507.0,0.0,0.0019723865877712033,0.009861932938856016,0.0,5.757659765557392,0.0,3.0,0.046875,0.8125,0.0,0.0,0.0,0.0,0.0,3.0,1.0,0.015625,2.0,2.0,11.0,0.021696252465483234,0.0,0.031746031746031744,0.016129032258064516,0.109375,0.0,0.0,0.0,5.0,0.890625,57.0,0.0,64.0
-0.149404,331.0,1.161142,1732.0,-49.45275,100.82352941176471,14.882352941176471,1.65359477124183,5.707509881422925,1740.0,0.0,0.0028735632183908046,0.006896551724137931,0.0028735632183908046,6.891025405612483,0.0,0.0,0.0,0.4268774703557312,5.0,0.019762845849802372,5.0,0.0,0.0,9.0,2.0,0.007905138339920948,8.0,3.0,41.0,0.023563218390804597,0.0,0.10317460317460317,0.035856573705179286,0.3952569169960475,0.0,0.0,0.0,17.0,0.6047430830039525,153.0,0.0,253.0
-0.309801,3072.0,1.363154,16012.0,-951.709223,431.0,51.24324324324324,1.099767981438515,7.17035864978903,16023.0,1.0,0.0006865131373650378,0.00218435998252512,0.0006865131373650378,10.64508570208413,6.241028521500344e-05,8.0,0.004219409282700422,0.8612869198312236,7.0,0.003691983122362869,2.0,2.0,1.0,15.0,4.0,0.002109704641350211,54.0,17.0,238.0,0.014853647881170816,6.241028521500344e-05,0.00474934036939314,0.0,0.09071729957805907,11.0,0.0058016877637130804,6.241028521500344e-05,37.0,0.9092827004219409,1724.0,0.0005274261603375527,1896.0
-0.1561415,0.0,1.1689919999999998,1335.0,-77.5851265,88.13333333333334,11.8,1.5391304347826087,6.209039548022599,1342.0,0.0,0.0037257824143070045,0.014903129657228018,0.0029806259314456036,6.6198365531998835,0.0,4.0,0.022598870056497175,0.4406779661016949,0.0,0.0,4.0,4.0,0.0,7.0,7.0,0.03954802259887006,7.0,3.0,58.0,0.043219076005961254,0.0007451564828614009,0.10795454545454546,0.06857142857142857,0.3502824858757062,0.0,0.0,0.0,15.0,0.6497175141242938,115.0,0.0,177.0
-0.127769,214.0,1.13629,568.0,-27.342526,141.25,20.25,1.265625,5.8765432098765435,568.0,0.0,0.0,0.014084507042253521,0.0,5.8520750028312065,0.0,1.0,0.012345679012345678,0.654320987654321,0.0,0.0,0.0,0.0,0.0,4.0,4.0,0.04938271604938271,0.0,1.0,12.0,0.02112676056338028,0.0,0.025,0.0,0.2098765432098766,0.0,0.0,0.0,4.0,0.7901234567901234,64.0,0.0,81.0
-0.246955,199.0,1.280122,539.0,-49.144097,107.0,16.4,1.3898305084745763,5.390243902439025,539.0,0.0,0.0,0.02040816326530612,0.0,5.691342364580392,0.0,1.0,0.012195121951219513,0.5487804878048781,0.0,0.0,0.0,0.0,0.0,5.0,1.0,0.012195121951219513,0.0,1.0,16.0,0.029684601113172542,0.0,0.09876543209876543,0.075,0.2804878048780488,0.0,0.0,0.0,5.0,0.7195121951219512,59.0,0.0,82.0
-0.130736,427.0,1.139667,2069.0,-55.824395,107.73684210526316,16.0,1.7471264367816093,5.608552631578948,2083.0,0.0,0.003360537686029765,0.012962073931829092,0.0028804608737397984,7.010597692050403,0.0,0.0,0.0,0.40131578947368424,6.0,0.019736842105263157,6.0,0.0,0.0,13.0,3.0,0.009868421052631578,14.0,8.0,66.0,0.03168506961113778,0.0,0.07590759075907591,0.019867549668874173,0.4276315789473685,0.0,0.0,0.0,19.0,0.5723684210526315,174.0,0.0,304.0
-0.280008,668.0,1.32314,3301.0,-187.045387,148.72727272727272,19.681818181818183,1.1671159029649596,6.413394919168591,3317.0,0.0,0.002411817907747965,0.0030147723846849564,0.0021103406692794696,8.387277784322263,0.00030147723846849563,0.0,0.0,0.7806004618937644,3.0,0.006928406466512702,7.0,7.0,0.0,7.0,1.0,0.0023094688221709007,16.0,9.0,86.0,0.025927042508290626,0.0,0.006944444444444444,0.0,0.14318706697459582,2.0,0.004618937644341801,0.00030147723846849563,22.0,0.8568129330254042,371.0,0.0,433.0
-0.1561415,0.0,1.1689919999999998,2062.0,-77.5851265,97.33333333333333,12.904761904761905,1.8689655172413793,6.236162361623617,2078.0,0.0,0.005774783445620789,0.008180943214629451,0.0028873917228103944,6.756519326201142,0.0,9.0,0.033210332103321034,0.34686346863468637,0.0,0.0,10.0,10.0,0.0,10.0,7.0,0.025830258302583026,16.0,5.0,94.0,0.04523580365736285,0.0019249278152069298,0.17037037037037037,0.10408921933085502,0.4649446494464945,0.0,0.0,0.0,21.0,0.5350553505535055,145.0,0.0,271.0
-0.128132,331.0,1.136703,849.0,-42.41156,120.14285714285714,17.428571428571427,1.525,5.778688524590164,853.0,0.0,0.0,0.016412661195779603,0.0,6.068759801015918,0.0,3.0,0.02459016393442623,0.4672131147540984,0.0,0.0,0.0,0.0,0.0,7.0,4.0,0.03278688524590164,4.0,3.0,21.0,0.0246189917936694,0.0,0.10743801652892562,0.06666666666666667,0.34426229508196726,0.0,0.0,0.0,7.0,0.6557377049180327,80.0,0.0,122.0
-0.164411,714.0,1.178699,2069.0,-117.389665,171.41666666666666,23.5,1.9859154929577465,6.166666666666667,2078.0,0.0,0.0019249278152069298,0.012993262752646775,0.0014436958614051972,6.713887464199655,0.0,13.0,0.04609929078014184,0.30851063829787234,0.0,0.0,3.0,0.0,0.0,13.0,0.0,0.0,9.0,5.0,45.0,0.02165543792107796,0.0,0.3274021352313167,0.26785714285714285,0.4964539007092199,0.0,0.0,0.0,12.0,0.5035460992907801,142.0,0.0,282.0
-0.098944,409.0,1.104004,2063.0,-40.467913,88.52173913043478,13.26086956521739,1.6576086956521738,5.590163934426229,2079.0,0.0,0.003848003848003848,0.007215007215007215,0.003367003367003367,7.07312784101298,0.0,0.0,0.0,0.4491803278688525,5.0,0.01639344262295082,7.0,0.0,0.0,14.0,4.0,0.013114754098360656,16.0,9.0,52.0,0.025012025012025013,0.0,0.06578947368421052,0.019801980198019802,0.3967213114754098,0.0,0.0,0.0,23.0,0.6032786885245902,184.0,0.0,305.0
-0.345305,3072.0,1.41242,14751.0,-1060.775436,350.64285714285717,30.285714285714285,1.0779661016949154,10.343553459119496,14762.0,0.0,6.774149844194554e-05,0.0006774149844194553,0.0012193469719550196,10.146479847640686,0.0002032244953258366,9.0,0.007075471698113208,0.8757861635220126,5.0,0.003930817610062893,6.0,0.0,0.0,7.0,3.0,0.0023584905660377358,23.0,7.0,185.0,0.012532177211759924,6.774149844194554e-05,0.0055074744295830055,0.0,0.07232704402515722,3.0,0.0023584905660377358,0.0008128979813033464,42.0,0.9276729559748428,1180.0,0.0015723270440251573,1272.0
-0.100272,822.0,1.105471,2108.0,-82.423333,86.95833333333333,12.416666666666666,1.7325581395348837,5.909395973154362,2117.0,0.0,0.004251299008030231,0.007557864903164856,0.003778932451582428,6.886060629657408,0.0,10.0,0.03355704697986577,0.4429530201342282,0.0,0.0,8.0,0.0,0.0,13.0,7.0,0.02348993288590604,9.0,2.0,49.0,0.023145961265942372,0.0,0.13468013468013468,0.057432432432432436,0.42281879194630867,0.0,0.0,0.0,24.0,0.5771812080536913,172.0,0.0,298.0
-0.219263,217.0,1.245159,685.0,-47.580147,136.2,19.0,1.1875,6.094736842105263,685.0,0.0,0.0,0.010218978102189781,0.0,6.209174950367891,0.0,2.0,0.021052631578947368,0.7368421052631579,0.0,0.0,0.0,0.0,0.0,4.0,2.0,0.021052631578947368,0.0,1.0,12.0,0.017518248175182483,0.0,0.02127659574468085,0.0,0.1578947368421053,0.0,0.0,0.0,5.0,0.8421052631578947,80.0,0.0,95.0
-0.138364,380.0,1.148394,1904.0,-52.578424,99.05263157894737,15.0,1.6285714285714286,5.515789473684211,1918.0,0.0,0.0036496350364963502,0.0072992700729927005,0.0031282586027111575,7.00606795876351,0.0,0.0,0.0,0.4666666666666667,5.0,0.017543859649122806,6.0,0.0,0.0,12.0,4.0,0.014035087719298246,14.0,8.0,50.0,0.026068821689259645,0.0,0.06690140845070422,0.01060070671378092,0.38596491228070173,0.0,0.0,0.0005213764337851929,19.0,0.6140350877192983,175.0,0.0,285.0
-0.233487,733.0,1.262997,3749.0,-171.146039,119.7741935483871,16.032258064516128,1.236318407960199,6.309859154929577,3769.0,0.0,0.0026532236667551074,0.0050411249668347044,0.0026532236667551074,8.48338133646457,0.0002653223666755107,0.0,0.0,0.6901408450704225,4.0,0.008048289738430584,9.0,9.0,0.0,9.0,3.0,0.006036217303822937,20.0,11.0,116.0,0.030777394534359247,0.0,0.006048387096774193,0.0,0.1911468812877264,1.0,0.002012072434607646,0.0002653223666755107,31.0,0.8088531187122736,402.0,0.004024144869215292,497.0
-0.1561415,0.0,1.1689919999999998,1837.0,-77.5851265,72.6,9.92,1.7588652482269505,6.008064516129032,1852.0,0.0,0.005939524838012959,0.011879049676025918,0.004859611231101512,6.7542080950892185,0.0,8.0,0.03225806451612903,0.3911290322580645,0.0,0.0,9.0,9.0,0.0,8.0,5.0,0.020161290322580645,15.0,5.0,96.0,0.05183585313174946,0.0,0.13765182186234817,0.07723577235772358,0.43145161290322576,0.0,0.0,0.0,25.0,0.5685483870967742,141.0,0.0,248.0
-0.099975,374.0,1.105143,913.0,-37.390478,151.0,20.666666666666668,1.3191489361702127,6.217741935483871,917.0,0.0,0.0,0.009814612868047983,0.0,6.385411431249932,0.0,4.0,0.03225806451612903,0.6129032258064516,0.0,0.0,0.0,0.0,0.0,4.0,4.0,0.03225806451612903,4.0,3.0,17.0,0.018538713195201745,0.0,0.008130081300813009,0.0,0.24193548387096775,0.0,0.0,0.0,6.0,0.7580645161290323,94.0,0.0,124.0
-0.175948,695.0,1.192376,1859.0,-122.28377,96.94736842105263,13.947368421052632,2.12,5.818867924528302,1867.0,0.0,0.0032137118371719335,0.013926084627745045,0.002678093197643278,6.38823055043919,0.0,3.0,0.011320754716981131,0.30943396226415093,0.0,0.0,5.0,0.0,0.0,16.0,7.0,0.026415094339622643,8.0,3.0,51.0,0.027316550615961437,0.0,0.2727272727272727,0.19391634980988592,0.5283018867924528,0.0,0.0,0.0,19.0,0.4716981132075472,125.0,0.0,265.0
-0.184926,292.0,1.203129,1379.0,-53.9984,114.0,18.833333333333332,1.516778523489933,4.95575221238938,1394.0,0.0,0.0007173601147776184,0.007890961262553802,0.0,6.806393797696034,0.0,23.0,0.10176991150442478,0.5265486725663717,2.0,0.008849557522123894,0.0,0.0,0.0,13.0,1.0,0.004424778761061947,15.0,8.0,29.0,0.02080344332855093,0.0,0.035555555555555556,0.0,0.3407079646017699,7.0,0.030973451327433628,0.0,12.0,0.6592920353982301,149.0,0.0,226.0
-0.155107,141.0,1.167783,623.0,-21.870041,77.0,12.125,1.1411764705882352,5.237113402061856,630.0,0.0,0.0,0.006349206349206349,0.0,6.316306914307469,0.0,7.0,0.07216494845360824,0.7938144329896907,3.0,0.030927835051546393,0.0,0.0,0.0,4.0,0.0,0.0,7.0,4.0,16.0,0.025396825396825397,0.0015873015873015873,0.010416666666666666,0.0,0.12371134020618557,6.0,0.061855670103092786,0.0,8.0,0.8762886597938144,85.0,0.0,97.0
-0.145715,135.0,1.156867,326.0,-19.671554,80.75,11.0,1.0232558139534884,6.204545454545454,332.0,0.0,0.0,0.012048192771084338,0.0,5.413977073182752,0.0,0.0,0.0,0.9545454545454546,0.0,0.0,0.0,0.0,0.0,2.0,1.0,0.022727272727272728,6.0,4.0,7.0,0.02108433734939759,0.0,0.0,0.0,0.022727272727272707,0.0,0.0,0.0,4.0,0.9772727272727273,43.0,0.0,44.0
-0.331589,104.0,1.39318,260.0,-34.485248,86.66666666666667,12.333333333333334,1.0571428571428572,5.864864864864865,262.0,0.0,0.003816793893129771,0.007633587786259542,0.0,5.101345257520842,0.0,1.0,0.02702702702702703,0.8918918918918919,0.0,0.0,0.0,0.0,0.0,2.0,1.0,0.02702702702702703,2.0,2.0,6.0,0.022900763358778626,0.0,0.0,0.0,0.05405405405405406,0.0,0.0,0.0,3.0,0.9459459459459459,35.0,0.0,37.0
-0.112642,326.0,1.119231,1537.0,-36.721244,95.375,15.625,1.5527950310559007,5.008,1555.0,0.0,0.0012861736334405145,0.005787781350482315,0.0019292604501607716,6.9243989783918956,0.0,16.0,0.064,0.512,1.0,0.004,3.0,0.0,0.0,11.0,1.0,0.004,18.0,9.0,31.0,0.019935691318327974,0.0,0.024096385542168676,0.0,0.356,6.0,0.024,0.0,16.0,0.644,161.0,0.0,250.0
-0.188879,110.0,1.207895,536.0,-20.77672,106.8,16.6,1.077922077922078,5.373493975903615,538.0,0.0,0.0,0.0018587360594795538,0.0,6.2304611180939125,0.0018587360594795538,7.0,0.08433734939759036,0.8554216867469879,0.0,0.0,0.0,0.0,0.0,2.0,1.0,0.012048192771084338,2.0,2.0,8.0,0.01486988847583643,0.0,0.012195121951219513,0.0,0.07228915662650603,4.0,0.04819277108433735,0.0018587360594795538,5.0,0.927710843373494,77.0,0.0,83.0
-0.1561415,0.0,1.1689919999999998,239.0,-77.5851265,59.0,9.25,1.0277777777777777,5.243243243243243,239.0,0.0,0.0,0.02092050209205021,0.0,5.155399311574897,0.0,0.0,0.0,0.9459459459459459,0.0,0.0,0.0,0.0,0.0,2.0,1.0,0.02702702702702703,0.0,1.0,9.0,0.03765690376569038,0.008368200836820083,0.0,0.0,0.027027027027026973,0.0,0.0,0.0,4.0,0.972972972972973,36.0,0.0,37.0
-0.036163,127.0,1.036825,566.0,-4.59272,93.66666666666667,16.0,1.28,4.739583333333333,573.0,0.0,0.0,0.006980802792321117,0.0,6.066478776650142,0.0,10.0,0.10416666666666667,0.6354166666666666,2.0,0.020833333333333332,0.0,0.0,0.0,6.0,0.0,0.0,7.0,4.0,15.0,0.02617801047120419,0.0,0.0,0.0,0.21875,5.0,0.052083333333333336,0.0,6.0,0.78125,75.0,0.0,96.0
-0.045432,3072.0,1.04648,8383.0,-139.567929,74.55855855855856,11.423423423423424,9.606060606060606,5.418769716088328,8457.0,0.0,0.0009459619250325174,0.00934137400969611,0.008158921603405462,5.122133766568228,0.0,4.0,0.0031545741324921135,0.06466876971608833,0.0,0.0,55.0,0.0,0.0,112.0,4.0,0.0031545741324921135,74.0,9.0,221.0,0.026132198179023295,0.0,0.829518547750592,0.8025276461295419,0.8958990536277602,0.0,0.0,0.0,111.0,0.10410094637223975,132.0,0.0,1268.0
-0.081887,31.0,1.085333,153.0,-2.538504,153.0,21.0,1.05,6.142857142857143,153.0,0.0,0.006535947712418301,0.006535947712418301,0.0,4.297079327540665,0.0,0.0,0.0,0.9047619047619048,0.0,0.0,0.0,0.0,0.0,2.0,0.0,0.0,0.0,1.0,4.0,0.026143790849673203,0.0,0.0,0.0,0.04761904761904767,1.0,0.047619047619047616,0.006535947712418301,1.0,0.9523809523809523,20.0,0.0,21.0
-0.189107,38.0,1.208171,192.0,-7.186078,193.0,22.0,1.0,7.590909090909091,193.0,0.0,0.0051813471502590676,0.0051813471502590676,0.0,4.459431618637297,0.0,0.0,0.0,1.0,0.0,0.0,0.0,0.0,0.0,1.0,0.0,0.0,1.0,1.0,5.0,0.025906735751295335,0.0,0.0,0.0,0.0,1.0,0.045454545454545456,0.0051813471502590676,1.0,1.0,22.0,0.0,22.0
-0.1561415,0.0,1.1689919999999998,165.0,-77.5851265,169.0,17.0,1.0,8.117647058823529,169.0,0.0,0.011834319526627219,0.005917159763313609,0.0,4.087462841250339,0.0,0.0,0.0,1.0,0.0,0.0,3.0,0.0,0.0,1.0,0.0,0.0,4.0,2.0,7.0,0.04142011834319527,0.0,0.0,0.0,0.0,0.0,0.0,0.0,1.0,1.0,17.0,0.0,17.0
-0.032586,71.0,1.033122,173.0,-2.313571,177.0,20.0,1.0,7.3,177.0,0.0,0.005649717514124294,0.0,0.0,4.321928094887363,0.0,1.0,0.05,1.0,0.0,0.0,3.0,0.0,0.0,1.0,0.0,0.0,4.0,2.0,4.0,0.022598870056497175,0.0,0.0,0.0,0.0,0.0,0.0,0.0,1.0,1.0,20.0,0.0,20.0
-0.442354,186.0,1.556367,504.0,-82.277932,100.8,13.8,1.1129032258064515,6.057971014492754,507.0,0.0,0.0,0.01972386587771203,0.0,5.883745108889372,0.0,0.0,0.0,0.8260869565217391,0.0,0.0,0.0,0.0,0.0,3.0,1.0,0.014492753623188406,3.0,2.0,16.0,0.03155818540433925,0.0,0.014705882352941176,0.0,0.10144927536231885,0.0,0.0,0.0,5.0,0.8985507246376812,62.0,0.0,69.0
-0.1561415,0.0,1.1689919999999998,246.0,-77.5851265,82.0,10.333333333333334,1.24,6.483870967741935,250.0,0.0,0.0,0.004,0.0,4.542748326446118,0.0,0.0,0.0,0.6451612903225806,0.0,0.0,3.0,1.0,0.0,3.0,0.0,0.0,4.0,2.0,11.0,0.044,0.0,0.03333333333333333,0.0,0.19354838709677424,0.0,0.0,0.0,3.0,0.8064516129032258,25.0,0.0,31.0
-0.209226,44.0,1.232723,249.0,-9.205932,124.0,18.0,1.2,5.833333333333333,249.0,0.0,0.0,0.008032128514056224,0.0,4.760067015271105,0.0,0.0,0.0,0.75,0.0,0.0,0.0,0.0,0.0,4.0,0.0,0.0,0.0,1.0,4.0,0.01606425702811245,0.0,0.0,0.0,0.16666666666666663,0.0,0.0,0.0,2.0,0.8333333333333334,30.0,0.0,36.0
-0.267144,65.0,1.306228,332.0,-17.36433,165.5,21.5,1.048780487804878,6.627906976744186,332.0,0.0,0.0,0.006024096385542169,0.0,5.333241498888144,0.0,1.0,0.023255813953488372,0.9069767441860465,0.0,0.0,0.0,0.0,0.0,2.0,0.0,0.0,0.0,1.0,6.0,0.018072289156626505,0.0,0.0,0.0,0.046511627906976716,0.0,0.0,0.0030120481927710845,2.0,0.9534883720930233,41.0,0.0,43.0
-0.087981,79.0,1.091968,195.0,-6.950535,97.0,10.5,1.0,8.19047619047619,195.0,0.0,0.0,0.005128205128205128,0.0,4.392317422778761,0.0,0.0,0.0,1.0,0.0,0.0,0.0,0.0,0.0,1.0,0.0,0.0,0.0,1.0,3.0,0.015384615384615385,0.0,0.0,0.0,0.0,0.0,0.0,0.0,2.0,1.0,21.0,0.0,21.0
-0.301081,79.0,1.351318,225.0,-23.785382,112.0,14.0,1.0,6.892857142857143,225.0,0.0,0.0,0.0044444444444444444,0.0,4.807354922057605,0.0,0.0,0.0,1.0,0.0,0.0,0.0,0.0,0.0,1.0,0.0,0.0,0.0,1.0,4.0,0.017777777777777778,0.0,0.0,0.0,0.0,0.0,0.0,0.0,2.0,1.0,28.0,0.0,28.0
-0.1561415,0.0,1.1689919999999998,1859.0,-77.5851265,102.16666666666667,16.333333333333332,2.1777777777777776,5.105442176870748,1871.0,0.0,0.003206841261357563,0.008017103153393906,0.002672367717797969,6.621472612895569,0.0,0.0,0.0,0.2585034013605442,8.0,0.027210884353741496,5.0,5.0,0.0,15.0,7.0,0.023809523809523808,12.0,7.0,63.0,0.03367183324425441,0.0,0.21843003412969283,0.11301369863013698,0.5408163265306123,0.0,0.0,0.0,18.0,0.45918367346938777,135.0,0.0,294.0
-0.116907,142.0,1.124015,705.0,-16.600763,140.4,22.4,1.2307692307692308,5.178571428571429,705.0,0.0,0.0,0.009929078014184398,0.0,6.347676855491854,0.0,0.0,0.0,0.7053571428571429,2.0,0.017857142857142856,0.0,0.0,0.0,5.0,1.0,0.008928571428571428,0.0,1.0,18.0,0.02553191489361702,0.0,0.009009009009009009,0.0,0.1875,0.0,0.0,0.0,5.0,0.8125,91.0,0.0,112.0
-0.215495,237.0,1.240476,1250.0,-51.072332,207.5,29.0,1.144736842105263,6.074712643678161,1252.0,0.0,0.0,0.005591054313099041,0.0,7.133080582280374,0.0,0.0,0.0,0.7931034482758621,3.0,0.017241379310344827,0.0,0.0,0.0,7.0,0.0,0.0,2.0,2.0,24.0,0.019169329073482427,0.0,0.0,0.0,0.12643678160919536,0.0,0.0,0.0007987220447284345,6.0,0.8735632183908046,152.0,0.0,174.0
-0.119257,165.0,1.12666,421.0,-19.677471,104.5,16.25,1.2264150943396226,5.369230769230769,421.0,0.0,0.0,0.009501187648456057,0.0,5.641523389918247,0.0,2.0,0.03076923076923077,0.6461538461538462,0.0,0.0,0.0,0.0,0.0,3.0,2.0,0.03076923076923077,0.0,1.0,8.0,0.019002375296912115,0.0,0.03125,0.0,0.18461538461538463,0.0,0.0,0.0,4.0,0.8153846153846154,53.0,0.0,65.0
-0.246983,233.0,1.280158,1209.0,-57.547152,241.6,34.6,1.1689189189189189,5.826589595375722,1215.0,0.0,0.0008230452674897119,0.0049382716049382715,0.0,7.095153915768512,0.0,0.0,0.0,0.7572254335260116,2.0,0.011560693641618497,0.0,0.0,0.0,5.0,1.0,0.005780346820809248,6.0,4.0,29.0,0.023868312757201648,0.0,0.023255813953488372,0.005847953216374269,0.1445086705202312,0.0,0.0,0.0008230452674897119,5.0,0.8554913294797688,148.0,0.0,173.0
-0.1561415,0.0,1.1689919999999998,1848.0,-77.5851265,87.04761904761905,13.666666666666666,2.2777777777777777,5.2160278745644595,1859.0,0.0,0.0037654653039268424,0.0053792361484669175,0.0032275416890801506,6.369078074720743,0.0,0.0,0.0,0.2787456445993031,11.0,0.03832752613240418,6.0,6.0,0.0,16.0,6.0,0.020905923344947737,11.0,4.0,68.0,0.03657880580957504,0.0,0.2902097902097902,0.18596491228070175,0.5609756097560976,3.0,0.010452961672473868,0.0,21.0,0.43902439024390244,126.0,0.0,287.0
-0.122893,267.0,1.130763,1456.0,-32.812418,180.75,28.0,1.7230769230769232,5.401785714285714,1462.0,0.0,0.0,0.006839945280437756,0.0,6.6721141032815385,0.0,0.0,0.0,0.38839285714285715,4.0,0.017857142857142856,0.0,0.0,0.0,8.0,3.0,0.013392857142857142,6.0,4.0,24.0,0.016415868673050615,0.0,0.09865470852017937,0.036036036036036036,0.4196428571428571,4.0,0.017857142857142856,0.0,8.0,0.5803571428571429,130.0,0.0,224.0
-0.203514,617.0,1.225703,3136.0,-125.568303,148.0,20.047619047619047,1.2132564841498559,6.209026128266033,3152.0,0.0,0.00031725888324873094,0.007931472081218274,0.0019035532994923859,8.269831782968234,0.0,3.0,0.007125890736342043,0.7197149643705463,4.0,0.009501187648456057,6.0,6.0,0.0,10.0,3.0,0.007125890736342043,16.0,9.0,86.0,0.02728426395939086,0.0,0.014285714285714285,0.002386634844868735,0.17577197149643708,3.0,0.007125890736342043,0.00031725888324873094,21.0,0.8242280285035629,347.0,0.0,421.0
-0.1074,249.0,1.11338,603.0,-26.742674,119.8,17.6,1.2394366197183098,5.681818181818182,603.0,0.0,0.0,0.014925373134328358,0.0,6.055911448133582,0.0,1.0,0.011363636363636364,0.6363636363636364,0.0,0.0,0.0,0.0,0.0,3.0,2.0,0.022727272727272728,0.0,1.0,16.0,0.026533996683250415,0.0,0.034482758620689655,0.0,0.19318181818181823,0.0,0.0,0.0,5.0,0.8068181818181818,71.0,0.0,88.0
-0.114332,876.0,1.121124,2301.0,-100.154844,143.125,20.375,2.8596491228070176,5.858895705521473,2312.0,0.0,0.0034602076124567475,0.016003460207612456,0.009083044982698962,6.482577638018951,0.0,4.0,0.012269938650306749,0.11349693251533742,0.0,0.0,4.0,0.0,0.0,10.0,2.0,0.006134969325153374,11.0,5.0,64.0,0.02768166089965398,0.0,0.5169230769230769,0.4444444444444444,0.6503067484662577,0.0,0.0,0.0,16.0,0.3496932515337423,114.0,0.0,326.0
-0.14135,492.0,1.151827,2524.0,-69.544035,113.68181818181819,17.363636363636363,1.854368932038835,5.471204188481676,2538.0,0.0,0.0027580772261623326,0.00591016548463357,0.002364066193853428,7.073547876813607,0.0,0.0,0.0,0.4031413612565445,8.0,0.020942408376963352,6.0,0.0,0.0,28.0,4.0,0.010471204188481676,14.0,8.0,56.0,0.02206461780929866,0.0,0.10761154855643044,0.02894736842105263,0.46073298429319376,1.0,0.002617801047120419,0.0003940110323089047,22.0,0.5392670157068062,206.0,0.013089005235602094,382.0
-0.3362,2954.0,1.39962,14437.0,-993.136268,554.0384615384615,58.34615384615385,1.0929394812680115,8.43968358602505,14451.0,0.0,0.0005535949069268562,0.0013147879039512836,0.0007611929970244274,10.31549140449648,0.0,1.0,0.0006591957811470006,0.8806855636123929,3.0,0.001977587343441002,6.0,4.0,0.0,16.0,4.0,0.0026367831245880024,18.0,9.0,97.0,0.006712338246488132,0.0,0.007255936675461741,0.0006600660066006601,0.08503625576796303,2.0,0.0013183915622940012,6.919936336585703e-05,26.0,0.914963744232037,1388.0,0.005932762030323006,1517.0
-0.1561415,0.0,1.1689919999999998,1437.0,-77.5851265,88.9375,12.875,1.8070175438596492,5.665048543689321,1446.0,0.0,0.004840940525587829,0.011065006915629323,0.004149377593360996,6.379608190982117,0.0,5.0,0.024271844660194174,0.41262135922330095,0.0,0.0,6.0,6.0,0.0,9.0,7.0,0.03398058252427184,9.0,3.0,63.0,0.043568464730290454,0.0,0.2,0.13725490196078433,0.44660194174757284,0.0,0.0,0.0,16.0,0.5533980582524272,114.0,0.043689320388349516,206.0
-0.164292,641.0,1.178558,1632.0,-105.310915,115.78571428571429,16.0,1.4177215189873418,6.111607142857143,1639.0,0.0,0.004270896888346553,0.010982306284319707,0.0036607687614399025,7.025325779526019,0.0,3.0,0.013392857142857142,0.5580357142857143,0.0,0.0,6.0,0.0,0.0,9.0,9.0,0.04017857142857143,7.0,2.0,39.0,0.023794996949359364,0.0,0.05829596412556054,0.018018018018018018,0.2946428571428571,0.0,0.0,0.0,14.0,0.7053571428571429,158.0,0.017857142857142856,224.0
-0.291611,267.0,1.338582,785.0,-77.860164,261.0,33.333333333333336,1.1904761904761905,6.72,785.0,0.0,0.0,0.014012738853503185,0.0,6.30120956470982,0.0,0.0,0.0,0.71,0.0,0.0,0.0,0.0,0.0,3.0,1.0,0.01,0.0,1.0,14.0,0.017834394904458598,0.0,0.030303030303030304,0.0,0.16000000000000003,0.0,0.0,0.0,3.0,0.84,84.0,0.01,100.0
-0.138229,424.0,1.148238,2078.0,-58.608892,89.56521739130434,14.0,1.6428571428571428,5.295031055900621,2089.0,0.0,0.005265677357587362,0.007659167065581618,0.005265677357587362,7.132148352790254,0.0,0.0,0.0,0.4782608695652174,12.0,0.037267080745341616,10.0,0.0,0.0,17.0,4.0,0.012422360248447204,11.0,2.0,53.0,0.02537099090473911,0.0,0.0778816199376947,0.01875,0.3913043478260869,2.0,0.006211180124223602,0.0,23.0,0.6086956521739131,196.0,0.024844720496894408,322.0
-0.231799,3072.0,1.260867,15648.0,-712.087593,822.421052631579,87.94736842105263,1.4245524296675192,8.320167564332735,15662.0,0.0,0.0005107904482186183,0.00031924403013663645,0.0005107904482186183,8.609565743763527,0.0,2.0,0.0011968880909634949,0.6714542190305206,4.0,0.0023937761819269898,6.0,6.0,0.0,237.0,3.0,0.0017953321364452424,14.0,8.0,74.0,0.004724811646022219,0.0,0.2562874251497006,0.25404433792690234,0.2980251346499102,0.0,0.0,6.384880602732728e-05,19.0,0.7019748653500898,1173.0,0.0017953321364452424,1671.0
-0.102089,597.0,1.107482,1480.0,-60.947322,112.76923076923077,16.153846153846153,1.7796610169491525,5.852380952380952,1488.0,0.0,0.003360215053763441,0.01478494623655914,0.003360215053763441,6.474860216108773,0.0,4.0,0.01904761904761905,0.38571428571428573,0.0,0.0,5.0,0.0,0.0,11.0,3.0,0.014285714285714285,8.0,3.0,40.0,0.026881720430107527,0.0,0.19617224880382775,0.1346153846153846,0.4380952380952381,0.0,0.0,0.0,13.0,0.5619047619047619,118.0,0.03333333333333333,210.0
-0.215707,447.0,1.240739,1898.0,-96.42098,191.1,25.6,1.2307692307692308,6.0625,1918.0,1.0,0.0031282586027111575,0.0020855057351407717,0.0010427528675703858,7.560923328148797,0.0,1.0,0.00390625,0.6875,2.0,0.0078125,0.0,0.0,2.0,6.0,3.0,0.01171875,20.0,6.0,86.0,0.04483837330552659,0.0,0.00392156862745098,0.0,0.1875,2.0,0.0078125,0.0005213764337851929,10.0,0.8125,208.0,0.0234375,256.0
-0.1561415,0.0,1.1689919999999998,985.0,-77.5851265,165.16666666666666,25.5,1.7586206896551724,5.26797385620915,1001.0,0.0,0.002997002997002997,0.000999000999000999,0.0,6.057557843950727,0.0,7.0,0.0457516339869281,0.37254901960784315,1.0,0.006535947712418301,5.0,0.0,0.0,10.0,0.0,0.0,16.0,7.0,23.0,0.022977022977022976,0.0,0.10526315789473684,0.052980132450331126,0.43137254901960786,4.0,0.026143790849673203,0.0,6.0,0.5686274509803921,87.0,0.0,153.0
-0.141241,175.0,1.151702,849.0,-24.717194,105.125,16.75,1.4408602150537635,5.156716417910448,860.0,0.0,0.0,0.00813953488372093,0.0,6.25239096329615,0.0,9.0,0.06716417910447761,0.5597014925373134,0.0,0.0,0.0,0.0,0.0,7.0,0.0,0.0,11.0,6.0,22.0,0.02558139534883721,0.0,0.0,0.0,0.30597014925373134,8.0,0.05970149253731343,0.0,8.0,0.6940298507462687,93.0,0.0,134.0
-0.227756,72.0,1.255779,386.0,-16.398444,128.0,19.666666666666668,1.1346153846153846,5.4576271186440675,386.0,0.0,0.0,0.0051813471502590676,0.0,5.606970803489123,0.0,4.0,0.06779661016949153,0.8135593220338984,0.0,0.0,0.0,0.0,0.0,3.0,0.0,0.0,0.0,1.0,7.0,0.018134715025906734,0.0,0.0,0.0,0.11864406779661019,2.0,0.03389830508474576,0.0025906735751295338,3.0,0.8813559322033898,52.0,0.0,59.0
-0.106605,119.0,1.112495,611.0,-12.686018,86.42857142857143,13.714285714285714,1.3714285714285714,5.21875,620.0,0.0,0.0,0.004838709677419355,0.0,5.890908433188962,0.0,8.0,0.08333333333333333,0.59375,0.0,0.0,0.0,0.0,0.0,6.0,0.0,0.0,9.0,5.0,11.0,0.017741935483870968,0.0,0.010526315789473684,0.0,0.27083333333333337,7.0,0.07291666666666667,0.0,7.0,0.7291666666666666,70.0,0.0,96.0
-0.297558,375.0,1.346567,1254.0,-111.58427,95.3076923076923,14.615384615384615,1.2179487179487178,5.457894736842105,1261.0,0.0,0.0,0.00951625693893735,0.0,7.142043963514399,0.0007930214115781126,7.0,0.03684210526315789,0.7105263157894737,0.0,0.0,0.0,0.0,0.0,6.0,3.0,0.015789473684210527,7.0,4.0,25.0,0.019825535289452814,0.0,0.021164021164021163,0.005319148936170213,0.17894736842105263,4.0,0.021052631578947368,0.0,13.0,0.8210526315789474,156.0,0.005263157894736842,190.0
-0.057331,94.0,1.059007,448.0,-5.389146,89.0,13.8,1.2545454545454546,5.333333333333333,455.0,0.0,0.0,0.006593406593406593,0.0,5.640920652336279,0.0,5.0,0.07246376811594203,0.6666666666666666,1.0,0.014492753623188406,0.0,0.0,0.0,4.0,0.0,0.0,7.0,4.0,9.0,0.01978021978021978,0.0,0.0,0.0,0.2028985507246377,6.0,0.08695652173913043,0.0,5.0,0.7971014492753623,55.0,0.0,69.0
-0.20989,132.0,1.233542,682.0,-27.705441,136.0,21.0,1.2209302325581395,5.419047619047619,684.0,0.0,0.0,0.0043859649122807015,0.0,6.216486827128119,0.0,6.0,0.05714285714285714,0.7428571428571429,0.0,0.0,0.0,0.0,0.0,8.0,0.0,0.0,2.0,2.0,8.0,0.011695906432748537,0.0,0.0,0.0,0.18095238095238098,5.0,0.047619047619047616,0.0,5.0,0.819047619047619,86.0,0.0,105.0
-0.158842,407.0,1.172153,1014.0,-64.64869,111.55555555555556,15.444444444444445,1.1779661016949152,6.107913669064748,1024.0,0.0,0.0009765625,0.01171875,0.0,6.780670928776358,0.0,6.0,0.04316546762589928,0.7410071942446043,0.0,0.0,0.0,0.0,0.0,4.0,0.0,0.0,10.0,6.0,22.0,0.021484375,0.0,0.021739130434782608,0.0,0.15107913669064743,2.0,0.014388489208633094,0.0,9.0,0.8489208633093526,118.0,0.0,139.0
-0.235777,144.0,1.265892,756.0,-33.951841,189.25,27.0,1.1020408163265305,5.87962962962963,759.0,0.0,0.002635046113306983,0.0013175230566534915,0.0,6.551183798459764,0.0,1.0,0.009259259259259259,0.8333333333333334,2.0,0.018518518518518517,0.0,0.0,0.0,4.0,0.0,0.0,3.0,2.0,13.0,0.017127799736495388,0.0,0.0,0.0,0.09259259259259256,1.0,0.009259259259259259,0.0013175230566534915,4.0,0.9074074074074074,98.0,0.009259259259259259,108.0
-0.212271,218.0,1.236483,1113.0,-46.275041,137.875,19.875,1.394736842105263,5.849056603773585,1119.0,0.0,0.0,0.012511170688114389,0.0,6.532034037558437,0.0,0.0,0.0,0.5974842767295597,2.0,0.012578616352201259,0.0,0.0,0.0,8.0,1.0,0.006289308176100629,6.0,4.0,30.0,0.02680965147453083,0.0,0.03164556962025317,0.012738853503184714,0.28301886792452835,0.0,0.0,0.0,8.0,0.7169811320754716,114.0,0.0,159.0
-0.284319,3072.0,1.328857,15235.0,-873.428407,245.3709677419355,29.387096774193548,1.1219211822660098,7.132272228320527,15260.0,1.0,0.0007208387942332896,0.002490170380078637,0.000982961992136304,10.546045771624364,0.0002621231979030144,6.0,0.003293084522502744,0.8358946212952799,3.0,0.001646542261251372,7.0,7.0,0.0,9.0,3.0,0.001646542261251372,25.0,11.0,424.0,0.027785058977719528,0.0,0.009335529928610654,0.001098901098901099,0.10867178924259058,3.0,0.001646542261251372,0.0022280471821756226,62.0,0.8913282107574094,1624.0,0.0027442371020856204,1822.0
-0.127281,191.0,1.135736,490.0,-24.31064,121.75,17.25,1.3018867924528301,5.927536231884058,490.0,0.0,0.0,0.018367346938775512,0.0,5.600994746507823,0.0,2.0,0.028985507246376812,0.5942028985507246,0.0,0.0,0.0,0.0,0.0,3.0,3.0,0.043478260869565216,0.0,1.0,13.0,0.026530612244897958,0.0,0.08823529411764706,0.05970149253731343,0.23188405797101452,0.0,0.0,0.0,4.0,0.7681159420289855,53.0,0.0,69.0
-0.276712,304.0,1.318786,738.0,-84.120414,104.57142857142857,14.285714285714286,1.2658227848101267,5.78,745.0,0.0,0.0013422818791946308,0.010738255033557046,0.0,6.157564284943818,0.0,2.0,0.02,0.65,0.0,0.0,5.0,0.0,0.0,5.0,1.0,0.01,7.0,2.0,50.0,0.06711409395973154,0.0,0.06060606060606061,0.01020408163265306,0.20999999999999996,0.0,0.0,0.0,7.0,0.79,79.0,0.0,100.0
-0.098473,444.0,1.103484,2063.0,-43.721913,84.83333333333333,13.375,1.9337349397590362,5.2398753894081,2077.0,0.0,0.003370245546461242,0.011073663938372653,0.004814636494944632,6.838585927055183,0.0,0.0,0.0,0.35202492211838005,4.0,0.012461059190031152,6.0,0.0,0.0,15.0,2.0,0.006230529595015576,14.0,8.0,62.0,0.029850746268656716,0.0,0.159375,0.05956112852664577,0.4828660436137072,0.0,0.0,0.0,24.0,0.5171339563862928,166.0,0.0,321.0
-0.314372,655.0,1.369398,3439.0,-205.913363,244.57142857142858,31.571428571428573,1.078048780487805,6.6923076923076925,3449.0,0.0,0.0017396346767178893,0.0017396346767178893,0.0014496955639315744,8.614533350153671,0.0,0.0,0.0,0.8800904977375565,3.0,0.006787330316742082,5.0,0.0,0.0,6.0,3.0,0.006787330316742082,10.0,6.0,35.0,0.01014786894752102,0.0,0.0045351473922902496,0.0,0.07239819004524883,1.0,0.0022624434389140274,0.00028993911278631486,14.0,0.9276018099547512,410.0,0.0,442.0
-0.1561415,0.0,1.1689919999999998,1794.0,-77.5851265,111.75,15.3125,1.7253521126760563,5.987755102040817,1811.0,0.0,0.004417448923246825,0.011595803423522915,0.0033130866924351186,6.77575332111245,0.0,9.0,0.036734693877551024,0.4122448979591837,0.0,0.0,11.0,6.0,0.0,9.0,4.0,0.0163265306122449,17.0,5.0,74.0,0.040861402540033134,0.0,0.14754098360655737,0.07818930041152264,0.42040816326530617,0.0,0.0,0.0,16.0,0.5795918367346938,142.0,0.0,245.0
-0.119653,474.0,1.127106,1151.0,-56.715544,192.66666666666666,27.166666666666668,1.4173913043478261,5.809815950920245,1167.0,0.0,0.000856898029134533,0.011139674378748929,0.0,6.562882462069617,0.0,11.0,0.06748466257668712,0.5644171779141104,0.0,0.0,9.0,0.0,0.0,11.0,4.0,0.024539877300613498,16.0,5.0,29.0,0.024850042844901457,0.0,0.06172839506172839,0.031055900621118012,0.29447852760736193,0.0,0.0,0.0,6.0,0.7055214723926381,115.0,0.0,163.0
-0.180066,1020.0,1.197297,3508.0,-183.667538,96.27027027027027,9.675675675675675,1.7463414634146341,6.768156424581005,3578.0,1.0,0.0016769144773616546,0.005310229178311906,0.001956400223588597,7.35387105301077,0.0005589714924538849,3.0,0.008379888268156424,0.3715083798882682,0.0,0.0,2.0,0.0,0.0,12.0,0.0,0.0,70.0,16.0,212.0,0.05925097820011179,0.00027948574622694243,0.10644257703081232,0.03651685393258427,0.4273743016759777,0.0,0.0,0.005310229178311906,37.0,0.5726256983240223,205.0,0.00558659217877095,358.0
-0.1561415,0.0,1.1689919999999998,3525.0,-77.5851265,75.8695652173913,12.304347826086957,3.215909090909091,4.8021201413427566,3569.0,0.0,0.010367049593723731,0.0030820958251611096,0.015130288596245448,6.575851043147162,0.0,0.0,0.0,0.13957597173144876,0.0,0.0,23.0,30.0,0.0,37.0,1.0,0.0017667844522968198,44.0,15.0,241.0,0.06752591762398431,0.0,0.30619469026548674,0.1773049645390071,0.6890459363957597,0.0,0.0,0.0,46.0,0.31095406360424027,176.0,0.0,566.0
-0.1561415,0.0,1.1689919999999998,3034.0,-77.5851265,68.18181818181819,10.136363636363637,2.840764331210191,5.273542600896861,3079.0,0.0,0.00974342318934719,0.006495615459564794,0.00974342318934719,6.485202244854298,0.0,0.0,0.0,0.17488789237668162,0.0,0.0,21.0,30.0,0.0,39.0,0.0,0.0,45.0,16.0,232.0,0.07534913933095161,0.0,0.2651685393258427,0.11486486486486487,0.647982062780269,2.0,0.004484304932735426,0.0,44.0,0.35201793721973096,157.0,0.0,446.0
-0.1561415,0.0,1.1689919999999998,2994.0,-77.5851265,84.57142857142857,12.742857142857142,2.287179487179487,5.3408071748878925,3019.0,0.0,0.0059622391520370984,0.009274594236502154,0.00364359059291156,6.743721491276197,0.0,0.0,0.0,0.2825112107623318,1.0,0.002242152466367713,19.0,15.0,0.0,38.0,0.0,0.0,25.0,5.0,160.0,0.052997681351440874,0.0,0.1842696629213483,0.07432432432432433,0.5627802690582959,1.0,0.002242152466367713,0.0,35.0,0.437219730941704,195.0,0.0,446.0
-0.1561415,0.0,1.1689919999999998,1325.0,-77.5851265,87.2,11.2,1.8064516129032258,6.488095238095238,1338.0,0.0,0.0037369207772795215,0.005979073243647235,0.0029895366218236174,6.153727966205197,0.0,2.0,0.011904761904761904,0.34523809523809523,0.0,0.0,4.0,4.0,0.0,11.0,0.0,0.0,13.0,6.0,67.0,0.05007473841554559,0.0,0.23353293413173654,0.12650602409638553,0.4464285714285714,4.0,0.023809523809523808,0.0,15.0,0.5535714285714286,93.0,0.047619047619047616,168.0
-0.1561415,0.0,1.1689919999999998,2179.0,-77.5851265,71.83333333333333,11.466666666666667,2.023529411764706,4.843023255813954,2219.0,0.0,0.008562415502478594,0.003605227579990987,0.015322217214961695,6.867006919976179,0.0,0.0,0.0,0.311046511627907,0.0,0.0,29.0,11.0,0.0,20.0,0.0,0.0,40.0,8.0,142.0,0.06399278954484001,0.0,0.13994169096209913,0.043859649122807015,0.5058139534883721,16.0,0.046511627906976744,0.0,30.0,0.4941860465116279,170.0,0.0,344.0
-0.1561415,0.0,1.1689919999999998,2087.0,-77.5851265,71.58620689655173,10.03448275862069,1.8774193548387097,5.594501718213058,2114.0,0.0,0.010406811731315043,0.012771996215704825,0.01608325449385052,6.856399321711113,0.0,8.0,0.027491408934707903,0.33676975945017185,0.0,0.0,20.0,8.0,0.0,11.0,1.0,0.003436426116838488,27.0,6.0,142.0,0.06717123935666983,0.0004730368968779565,0.1482758620689655,0.06920415224913495,0.46735395189003437,1.0,0.003436426116838488,0.0,29.0,0.5326460481099656,155.0,0.0,291.0
-0.1561415,0.0,1.1689919999999998,1725.0,-77.5851265,68.2,8.44,1.49645390070922,6.402843601895735,1771.0,0.0,0.00564652738565782,0.009599096555618294,0.003952569169960474,6.798822174999623,0.0,9.0,0.04265402843601896,0.5308056872037915,1.0,0.004739336492890996,23.0,7.0,0.0,9.0,0.0,0.0,46.0,16.0,122.0,0.06888763410502541,0.0,0.0380952380952381,0.014354066985645933,0.33175355450236965,0.0,0.0,0.0,25.0,0.6682464454976303,141.0,0.018957345971563982,211.0
-0.1561415,0.0,1.1689919999999998,2403.0,-77.5851265,74.21875,11.3125,1.81,5.204419889502763,2423.0,0.0,0.008254230293025175,0.004127115146512587,0.007841518778373916,7.0625672646222775,0.0,0.0,0.0,0.39226519337016574,0.0,0.0,17.0,17.0,0.0,22.0,0.0,0.0,20.0,3.0,151.0,0.062319438712340074,0.0033016921172100704,0.08587257617728532,0.019444444444444445,0.4475138121546961,6.0,0.016574585635359115,0.0,32.0,0.5524861878453039,200.0,0.0,362.0
-0.1561415,0.0,1.1689919999999998,1959.0,-77.5851265,62.225806451612904,7.645161290322581,1.6013513513513513,6.565400843881856,1976.0,0.0,0.010121457489878543,0.012651821862348178,0.004048582995951417,6.8211356566660255,0.0,4.0,0.016877637130801686,0.4767932489451477,0.0,0.0,16.0,16.0,0.0,10.0,0.0,0.0,17.0,2.0,150.0,0.07591093117408906,0.005060728744939271,0.1228813559322034,0.03404255319148936,0.3755274261603375,0.0,0.0,0.0,31.0,0.6244725738396625,148.0,0.0,237.0
-0.1561415,0.0,1.1689919999999998,1248.0,-77.5851265,160.75,19.5,1.8795180722891567,6.288461538461538,1293.0,0.0,0.0007733952049497294,0.0007733952049497294,0.014694508894044857,5.8805399400412774,0.0,16.0,0.10256410256410256,0.36538461538461536,0.0,0.0,20.0,8.0,0.0,16.0,0.0,0.0,45.0,17.0,82.0,0.0634184068058778,0.0,0.14838709677419354,0.06493506493506493,0.46794871794871795,0.0,0.0,0.0,8.0,0.532051282051282,83.0,0.0,156.0
-0.1561415,0.0,1.1689919999999998,3098.0,-77.5851265,90.20588235294117,13.794117647058824,2.3217821782178216,5.292110874200427,3118.0,0.0,0.005131494547787043,0.009621552277100705,0.003527902501603592,6.889843436025145,0.0,0.0,0.0,0.2622601279317697,1.0,0.0021321961620469083,14.0,14.0,0.0,28.0,0.0,0.0,20.0,5.0,143.0,0.045862732520846695,0.0,0.17735042735042736,0.06852248394004283,0.5692963752665245,19.0,0.04051172707889126,0.0,34.0,0.43070362473347545,202.0,0.0,469.0
-0.1561415,0.0,1.1689919999999998,2127.0,-77.5851265,88.41666666666667,11.708333333333334,1.75625,6.0355871886121,2154.0,0.0,0.0064995357474466105,0.01160631383472609,0.00510677808727948,6.933582898671045,0.0,11.0,0.03914590747330961,0.37722419928825623,0.0,0.0,24.0,10.0,0.0,11.0,1.0,0.0035587188612099642,27.0,3.0,121.0,0.05617455896007428,0.0,0.14642857142857144,0.07885304659498207,0.43060498220640564,1.0,0.0035587188612099642,0.0,24.0,0.5693950177935944,160.0,0.0,281.0
-0.1561415,0.0,1.1689919999999998,2478.0,-77.5851265,62.743589743589745,8.0,2.0,6.387820512820513,2511.0,0.0,0.0067702110712863405,0.009159697331740343,0.006371963361210673,6.705750006978386,0.0,16.0,0.05128205128205128,0.34294871794871795,0.0,0.0,16.0,21.0,0.0,16.0,0.0,0.0,33.0,12.0,163.0,0.06491437674233373,0.0,0.18971061093247588,0.08064516129032258,0.5,0.0,0.0,0.0,39.0,0.5,156.0,0.009615384615384616,312.0
-0.1561415,0.0,1.1689919999999998,2891.0,-77.5851265,60.765957446808514,8.808510638297872,2.6369426751592355,5.369565217391305,2941.0,0.0,0.011900714042842571,0.003740224413464808,0.015980958857531452,6.561291378300679,0.0,0.0,0.0,0.20048309178743962,1.0,0.0024154589371980675,26.0,30.0,0.0,36.0,0.0,0.0,50.0,17.0,246.0,0.08364501870112206,0.0,0.19128329297820823,0.07524271844660194,0.6207729468599034,0.0,0.0,0.0,47.0,0.37922705314009664,157.0,0.0024154589371980675,414.0
-0.1561415,0.0,1.1689919999999998,2588.0,-77.5851265,55.5,8.130434782608695,2.1129943502824857,5.307486631016043,2626.0,0.0,0.00952018278750952,0.01408987052551409,0.012185833968012186,6.636226220704198,0.0,1.0,0.00267379679144385,0.32887700534759357,1.0,0.00267379679144385,18.0,24.0,0.0,33.0,0.0,0.0,38.0,14.0,231.0,0.08796648895658797,0.0,0.12064343163538874,0.024193548387096774,0.5267379679144385,0.0,0.0,0.0,46.0,0.4732620320855615,177.0,0.013368983957219251,374.0
-0.1561415,0.0,1.1689919999999998,2252.0,-77.5851265,60.108108108108105,7.783783783783784,1.92,6.166666666666667,2285.0,0.0,0.01050328227571116,0.011378555798687089,0.010065645514223195,6.80984446781564,0.0,12.0,0.041666666666666664,0.3159722222222222,0.0,0.0,18.0,23.0,0.0,12.0,0.0,0.0,33.0,11.0,179.0,0.07833698030634573,0.0,0.09407665505226481,0.024475524475524476,0.47916666666666663,0.0,0.0,0.0,37.0,0.5208333333333334,150.0,0.0,288.0
-0.1561415,0.0,1.1689919999999998,2505.0,-77.5851265,40.278688524590166,6.557377049180328,2.366863905325444,4.815,2567.0,0.0,0.008180755746007013,0.006622516556291391,0.02415270744059213,6.386431114141414,0.0,0.0,0.0,0.295,1.0,0.0025,30.0,10.0,0.0,36.0,0.0,0.0,62.0,22.0,174.0,0.06778340475262953,0.0,0.21052631578947367,0.10552763819095477,0.5775,0.0,0.0,0.0,61.0,0.4225,169.0,0.0,400.0
-0.1561415,0.0,1.1689919999999998,3068.0,-77.5851265,82.37837837837837,12.08108108108108,2.138755980861244,5.422818791946309,3105.0,0.0,0.005797101449275362,0.010950080515297906,0.005797101449275362,6.94269149714434,0.0,0.0,0.0,0.31096196868008946,0.0,0.0,20.0,21.0,0.0,26.0,0.0,0.0,37.0,12.0,193.0,0.06215780998389694,0.0,0.1412556053811659,0.029213483146067417,0.5324384787472036,5.0,0.011185682326621925,0.0,37.0,0.46756152125279643,209.0,0.0,447.0
-0.1561415,0.0,1.1689919999999998,1571.0,-77.5851265,48.625,5.5625,1.5478260869565217,6.943820224719101,1606.0,0.0,0.0062266500622665,0.00560398505603985,0.0037359900373599006,6.480751114122882,0.0,3.0,0.016853932584269662,0.48314606741573035,0.0,0.0,26.0,9.0,0.0,15.0,0.0,0.0,35.0,7.0,120.0,0.074719800747198,0.0,0.07909604519774012,0.022727272727272728,0.3539325842696629,0.0,0.0,0.0,32.0,0.6460674157303371,115.0,0.0,178.0
-0.1561415,0.0,1.1689919999999998,1924.0,-77.5851265,51.24324324324324,6.945945945945946,1.822695035460993,5.766536964980545,1957.0,0.0,0.012263668880940215,0.010730710270822688,0.011752682677567705,6.743340843882128,0.0,7.0,0.027237354085603113,0.377431906614786,0.0,0.0,18.0,23.0,0.0,9.0,1.0,0.0038910505836575876,33.0,11.0,176.0,0.08993357179356157,0.0,0.08984375,0.023529411764705882,0.4513618677042801,0.0,0.0,0.0,37.0,0.5486381322957199,141.0,0.0,257.0
-0.1561415,0.0,1.1689919999999998,2036.0,-77.5851265,207.1,25.4,2.015873015873016,6.303149606299213,2095.0,0.0,0.012410501193317422,0.006205250596658711,0.00954653937947494,6.565939802161194,0.0,15.0,0.05905511811023622,0.2755905511811024,0.0,0.0,35.0,7.0,0.0,14.0,0.0,0.0,59.0,17.0,113.0,0.05393794749403341,0.0009546539379474941,0.1857707509881423,0.06746031746031746,0.5039370078740157,0.0,0.0,0.0,10.0,0.49606299212598426,126.0,0.0,254.0
-0.1561415,0.0,1.1689919999999998,2526.0,-77.5851265,75.84848484848484,11.696969696969697,2.0,5.209844559585492,2544.0,0.0,0.00589622641509434,0.008647798742138365,0.003537735849056604,6.914616110724432,0.0,0.0,0.0,0.33419689119170987,1.0,0.0025906735751295338,12.0,9.0,0.0,27.0,0.0,0.0,18.0,5.0,128.0,0.050314465408805034,0.0,0.15324675324675324,0.057291666666666664,0.5,0.0,0.0,0.0,33.0,0.5,193.0,0.0,386.0
-0.1561415,0.0,1.1689919999999998,3207.0,-77.5851265,70.53333333333333,10.022222222222222,2.2107843137254903,5.596452328159645,3246.0,0.0,0.007085643869377696,0.008934072704867528,0.005545286506469501,6.896372850254703,0.0,2.0,0.004434589800443459,0.28159645232815966,0.0,0.0,22.0,28.0,0.0,28.0,1.0,0.0022172949002217295,39.0,12.0,230.0,0.07085643869377696,0.0,0.15555555555555556,0.051224944320712694,0.5476718403547671,1.0,0.0022172949002217295,0.0,45.0,0.4523281596452328,204.0,0.0,451.0
-0.1561415,0.0,1.1689919999999998,2377.0,-77.5851265,61.73684210526316,8.210526315789474,2.1517241379310343,6.153846153846154,2403.0,0.0,0.0070744902205576365,0.00749063670411985,0.0070744902205576365,6.7726009586929115,0.0,12.0,0.038461538461538464,0.24358974358974358,0.0,0.0,12.0,16.0,0.0,13.0,0.0,0.0,26.0,10.0,137.0,0.0570120682480233,0.0016645859342488557,0.21221864951768488,0.14516129032258066,0.5352564102564102,0.0,0.0,0.0,38.0,0.46474358974358976,145.0,0.0,312.0
-0.1561415,0.0,1.1689919999999998,2220.0,-77.5851265,75.62068965517241,9.827586206896552,1.8627450980392157,6.4070175438596495,2233.0,0.0,0.0049261083743842365,0.010747872816838333,0.0049261083743842365,6.799824661459059,0.0,9.0,0.031578947368421054,0.3508771929824561,0.0,0.0,10.0,10.0,0.0,12.0,2.0,0.007017543859649123,13.0,3.0,108.0,0.0483654276757725,0.0,0.17253521126760563,0.0706713780918728,0.4631578947368421,0.0,0.0,0.0,29.0,0.5368421052631579,153.0,0.0,285.0
-0.1561415,0.0,1.1689919999999998,422.0,-77.5851265,139.66666666666666,19.333333333333332,1.16,6.086206896551724,424.0,0.0,0.0,0.018867924528301886,0.0,5.556088322639177,0.0,0.0,0.0,0.7586206896551724,0.0,0.0,0.0,0.0,0.0,3.0,0.0,0.0,2.0,2.0,11.0,0.025943396226415096,0.0,0.017543859649122806,0.0,0.13793103448275867,0.0,0.0,0.0,3.0,0.8620689655172413,50.0,0.0,58.0
-0.1561415,0.0,1.1689919999999998,687.0,-77.5851265,170.75,25.75,1.5147058823529411,5.427184466019417,689.0,0.0,0.002902757619738752,0.00725689404934688,0.0,5.829182444427897,0.0,0.0,0.0,0.4563106796116505,1.0,0.009708737864077669,0.0,2.0,0.0,9.0,0.0,0.0,2.0,2.0,27.0,0.03918722786647315,0.0,0.06862745098039216,0.019801980198019802,0.3398058252427184,0.0,0.0,0.0,4.0,0.6601941747572816,68.0,0.0,103.0
-0.1561415,0.0,1.1689919999999998,899.0,-77.5851265,111.5,14.875,1.451219512195122,6.319327731092437,907.0,0.0,0.0011025358324145535,0.012127894156560088,0.0,6.139219889686989,0.0,7.0,0.058823529411764705,0.4957983193277311,0.0,0.0,3.0,0.0,0.0,7.0,0.0,0.0,8.0,4.0,23.0,0.025358324145534728,0.0,0.07627118644067797,0.03418803418803419,0.31092436974789917,0.0,0.0,0.0,8.0,0.6890756302521008,82.0,0.0,119.0
-0.1561415,0.0,1.1689919999999998,1132.0,-77.5851265,112.4,14.6,1.5698924731182795,6.445205479452055,1147.0,0.0,0.0017436791630340018,0.013077593722755012,0.0017436791630340018,6.2615845350945945,0.0,5.0,0.03424657534246575,0.4589041095890411,0.0,0.0,7.0,0.0,0.0,6.0,0.0,0.0,15.0,6.0,34.0,0.02964254577157803,0.0,0.11724137931034483,0.041666666666666664,0.363013698630137,0.0,0.0,0.0,10.0,0.636986301369863,93.0,0.00684931506849315,146.0
-0.1561415,0.0,1.1689919999999998,1678.0,-77.5851265,111.4,14.533333333333333,1.6641221374045803,6.467889908256881,1691.0,0.0,0.0029568302779420462,0.008870490833826138,0.0011827321111768185,6.7016449753682,0.0,9.0,0.04128440366972477,0.38990825688073394,0.0,0.0,2.0,2.0,0.0,11.0,1.0,0.0045871559633027525,13.0,7.0,45.0,0.026611472501478415,0.0,0.17972350230414746,0.1111111111111111,0.3990825688073395,0.0,0.0,0.0,15.0,0.6009174311926605,131.0,0.0,218.0
-0.1561415,0.0,1.1689919999999998,1105.0,-77.5851265,121.88888888888889,16.88888888888889,1.4074074074074074,6.0131578947368425,1112.0,0.0,0.0035971223021582736,0.012589928057553957,0.0017985611510791368,6.542110325843952,0.0,6.0,0.039473684210526314,0.5328947368421053,0.0,0.0,2.0,2.0,0.0,6.0,1.0,0.006578947368421052,7.0,4.0,37.0,0.03327338129496403,0.0,0.10596026490066225,0.06,0.2894736842105263,2.0,0.013157894736842105,0.0,9.0,0.7105263157894737,108.0,0.0,152.0
-0.1561415,0.0,1.1689919999999998,1367.0,-77.5851265,104.23076923076923,14.153846153846153,1.5081967213114753,6.1521739130434785,1376.0,0.0,0.003633720930232558,0.010901162790697675,0.0029069767441860465,6.677785277020156,0.0,5.0,0.02717391304347826,0.4891304347826087,0.0,0.0,4.0,4.0,0.0,6.0,3.0,0.016304347826086956,9.0,4.0,49.0,0.03561046511627907,0.0,0.14207650273224043,0.08241758241758242,0.3369565217391305,0.0,0.0,0.0,13.0,0.6630434782608695,122.0,0.0,184.0
-0.1561415,0.0,1.1689919999999998,402.0,-77.5851265,43.77777777777778,7.555555555555555,1.7894736842105263,4.676470588235294,410.0,0.0,0.0024390243902439024,0.00975609756097561,0.007317073170731708,4.947038208579241,0.0,1.0,0.014705882352941176,0.3088235294117647,2.0,0.029411764705882353,3.0,0.0,0.0,9.0,0.0,0.0,8.0,4.0,18.0,0.04390243902439024,0.0,0.23880597014925373,0.18181818181818182,0.4411764705882353,1.0,0.014705882352941176,0.0,9.0,0.5588235294117647,38.0,0.0,68.0
-0.1561415,0.0,1.1689919999999998,1770.0,-77.5851265,109.9375,17.625,2.238095238095238,5.053191489361702,1783.0,0.0,0.003925967470555244,0.006730229949523275,0.002243409983174425,6.206385161646025,0.0,0.0,0.0,0.2695035460992908,4.0,0.014184397163120567,4.0,6.0,0.0,40.0,1.0,0.0035460992907801418,13.0,6.0,65.0,0.03645541222658441,0.0,0.2704626334519573,0.14285714285714285,0.5531914893617021,2.0,0.0070921985815602835,0.0,16.0,0.44680851063829785,126.0,0.0,282.0
-0.1561415,0.0,1.1689919999999998,1238.0,-77.5851265,137.44444444444446,17.444444444444443,1.5392156862745099,6.56687898089172,1253.0,0.0,0.0039904229848363925,0.009577015163607342,0.0023942537909018356,6.416974570918246,0.0,2.0,0.012738853503184714,0.46496815286624205,0.0,0.0,7.0,3.0,0.0,7.0,0.0,0.0,15.0,6.0,42.0,0.0335195530726257,0.0,0.14102564102564102,0.05806451612903226,0.35031847133757965,0.0,0.0,0.0,9.0,0.6496815286624203,102.0,0.0,157.0
-0.1561415,0.0,1.1689919999999998,2013.0,-77.5851265,124.9375,17.5625,3.3058823529411763,5.889679715302491,2021.0,0.0,0.0029688273132112814,0.01682335477486393,0.002474022761009401,5.700978185618852,0.0,0.0,0.0,0.1423487544483986,0.0,0.0,5.0,5.0,0.0,21.0,10.0,0.03558718861209965,8.0,3.0,76.0,0.0376051459673429,0.0,0.4607142857142857,0.3548387096774194,0.697508896797153,0.0,0.0,0.0,16.0,0.302491103202847,85.0,0.0,281.0
-0.1561415,0.0,1.1689919999999998,1602.0,-77.5851265,122.61538461538461,18.46153846153846,1.791044776119403,5.445833333333334,1615.0,0.0,0.0043343653250774,0.0043343653250774,0.002476780185758514,6.644362171238259,0.0,0.0,0.0,0.35833333333333334,4.0,0.016666666666666666,4.0,6.0,0.0,14.0,0.0,0.0,13.0,6.0,56.0,0.0346749226006192,0.0,0.12133891213389121,0.029411764705882353,0.44166666666666665,0.0,0.0,0.0,13.0,0.5583333333333333,134.0,0.0,240.0
-0.1561415,0.0,1.1689919999999998,1992.0,-77.5851265,116.41176470588235,15.941176470588236,2.168,6.1402214022140225,2006.0,0.0,0.003489531405782652,0.007976071784646061,0.0014955134596211367,6.527169987519853,0.0,11.0,0.04059040590405904,0.25092250922509224,0.0,0.0,3.0,3.0,0.0,12.0,1.0,0.0036900369003690036,14.0,7.0,55.0,0.027417746759720838,0.0,0.3111111111111111,0.22676579925650558,0.5387453874538746,0.0,0.0,0.0,17.0,0.4612546125461255,125.0,0.0,271.0
-0.1561415,0.0,1.1689919999999998,670.0,-77.5851265,133.0,20.2,1.6290322580645162,5.485148514851486,672.0,0.0,0.002976190476190476,0.011904761904761904,0.0,5.739459131073861,0.0,0.0,0.0,0.37623762376237624,0.0,0.0,0.0,0.0,0.0,6.0,3.0,0.0297029702970297,2.0,2.0,16.0,0.023809523809523808,0.0,0.11,0.04040404040404041,0.38613861386138615,0.0,0.0,0.0,5.0,0.6138613861386139,62.0,0.0,101.0
-0.1561415,0.0,1.1689919999999998,350.0,-77.5851265,116.0,16.0,1.170731707317073,6.145833333333333,350.0,0.0,0.0,0.014285714285714285,0.0,5.2775690110927505,0.0,2.0,0.041666666666666664,0.7291666666666666,0.0,0.0,0.0,0.0,0.0,3.0,2.0,0.041666666666666664,0.0,1.0,8.0,0.022857142857142857,0.0,0.0,0.0,0.14583333333333337,0.0,0.0,0.0,3.0,0.8541666666666666,41.0,0.0,48.0
-0.1561415,0.0,1.1689919999999998,115.0,-77.5851265,57.0,8.0,1.0,5.9375,115.0,0.0,0.0,0.02608695652173913,0.0,4.0,0.0,1.0,0.0625,1.0,0.0,0.0,0.0,0.0,0.0,1.0,1.0,0.0625,0.0,1.0,5.0,0.043478260869565216,0.0,0.0,0.0,0.0,0.0,0.0,0.0,2.0,1.0,16.0,0.0,16.0
-0.1561415,0.0,1.1689919999999998,1392.0,-77.5851265,154.0,22.666666666666668,1.9065420560747663,5.632352941176471,1400.0,0.0,0.002857142857142857,0.005,0.0014285714285714286,6.34628429117068,0.0,0.0,0.0,0.3284313725490196,3.0,0.014705882352941176,2.0,4.0,0.0,10.0,2.0,0.00980392156862745,8.0,5.0,43.0,0.030714285714285715,0.0,0.18719211822660098,0.09405940594059406,0.47549019607843135,0.0,0.0,0.0,9.0,0.5245098039215687,107.0,0.0,204.0
-0.1561415,0.0,1.1689919999999998,1313.0,-77.5851265,144.88888888888889,19.666666666666668,2.1325301204819276,6.1807909604519775,1321.0,0.0,0.002271006813020439,0.014383043149129448,0.001514004542013626,5.98528476591829,0.0,0.0,0.0,0.2598870056497175,0.0,0.0,2.0,2.0,0.0,11.0,4.0,0.022598870056497175,8.0,5.0,39.0,0.029523088569265707,0.0,0.32386363636363635,0.22857142857142856,0.5310734463276836,0.0,0.0,0.0,9.0,0.4689265536723164,83.0,0.0,177.0
-0.1561415,0.0,1.1689919999999998,99.0,-77.5851265,49.0,7.0,1.0,5.785714285714286,99.0,0.0,0.0,0.030303030303030304,0.0,3.807354922057604,0.0,1.0,0.07142857142857142,1.0,0.0,0.0,0.0,0.0,0.0,1.0,1.0,0.07142857142857142,0.0,1.0,5.0,0.050505050505050504,0.0,0.0,0.0,0.0,0.0,0.0,0.0,2.0,1.0,14.0,0.0,14.0
-0.1561415,0.0,1.1689919999999998,1784.0,-77.5851265,177.8,27.7,2.0984848484848486,5.245487364620939,1797.0,0.0,0.0005564830272676684,0.0077907623817473565,0.0,6.401882979458529,0.0,0.0,0.0,0.3249097472924188,2.0,0.007220216606498195,4.0,0.0,0.0,22.0,4.0,0.01444043321299639,13.0,6.0,48.0,0.02671118530884808,0.0,0.17391304347826086,0.09090909090909091,0.5234657039711191,0.0,0.0,0.0,10.0,0.47653429602888087,132.0,0.0,277.0
-0.1561415,0.0,1.1689919999999998,149.0,-77.5851265,74.0,13.0,1.1304347826086956,4.6923076923076925,149.0,0.0,0.0,0.0,0.0,4.469670487371861,0.0,1.0,0.038461538461538464,0.7692307692307693,0.0,0.0,0.0,0.0,0.0,2.0,1.0,0.038461538461538464,0.0,1.0,2.0,0.013422818791946308,0.0,0.0,0.0,0.11538461538461542,1.0,0.038461538461538464,0.0,2.0,0.8846153846153846,23.0,0.0,26.0
-0.1561415,0.0,1.1689919999999998,1062.0,-77.5851265,131.75,18.125,1.3942307692307692,6.151724137931034,1070.0,0.0,0.0009345794392523365,0.012149532710280374,0.0,6.4773276901464705,0.0,6.0,0.041379310344827586,0.5586206896551724,0.0,0.0,0.0,0.0,0.0,6.0,4.0,0.027586206896551724,8.0,5.0,22.0,0.020560747663551402,0.0,0.09027777777777778,0.03496503496503497,0.2827586206896552,0.0,0.0,0.0,8.0,0.7172413793103448,104.0,0.0,145.0
-0.1561415,0.0,1.1689919999999998,2116.0,-77.5851265,123.82352941176471,18.470588235294116,2.0657894736842106,5.506369426751593,2133.0,0.0,0.003750586029067042,0.006563525550867323,0.001875293014533521,6.702980692142039,0.0,0.0,0.0,0.28343949044585987,5.0,0.01592356687898089,4.0,7.0,0.0,18.0,1.0,0.0031847133757961785,17.0,8.0,89.0,0.04172526957337084,0.0,0.16613418530351437,0.07051282051282051,0.5159235668789809,0.0,0.0,0.0,17.0,0.4840764331210191,152.0,0.0,314.0
-0.1561415,0.0,1.1689919999999998,1573.0,-77.5851265,120.15384615384616,15.384615384615385,1.6666666666666667,6.635,1587.0,0.0,0.001890359168241966,0.00630119722747322,0.0,6.587035703264647,0.0,13.0,0.065,0.385,0.0,0.0,6.0,0.0,0.0,13.0,0.0,0.0,14.0,6.0,36.0,0.022684310018903593,0.0,0.1658291457286432,0.09090909090909091,0.4,0.0,0.0,0.0,13.0,0.6,120.0,0.0,200.0
-0.1561415,0.0,1.1689919999999998,171.0,-77.5851265,85.0,14.5,1.16,4.793103448275862,171.0,0.0,0.0,0.011695906432748537,0.0,4.582118926162055,0.0,2.0,0.06896551724137931,0.7241379310344828,0.0,0.0,0.0,0.0,0.0,2.0,0.0,0.0,0.0,1.0,8.0,0.04678362573099415,0.0,0.0,0.0,0.13793103448275867,0.0,0.0,0.0,2.0,0.8620689655172413,25.0,0.0,29.0
-0.1561415,0.0,1.1689919999999998,149.0,-77.5851265,74.0,9.5,1.1176470588235294,6.631578947368421,149.0,0.0,0.0,0.020134228187919462,0.0,4.037401197654112,0.0,0.0,0.0,0.7894736842105263,0.0,0.0,0.0,0.0,0.0,2.0,1.0,0.05263157894736842,0.0,1.0,5.0,0.03355704697986577,0.0,0.0,0.0,0.10526315789473684,0.0,0.0,0.0,2.0,0.8947368421052632,17.0,0.0,19.0
-0.1561415,0.0,1.1689919999999998,336.0,-77.5851265,167.5,23.5,1.3055555555555556,6.0212765957446805,336.0,0.0,0.0,0.01488095238095238,0.0,5.054380872862171,0.0,1.0,0.02127659574468085,0.574468085106383,0.0,0.0,0.0,0.0,0.0,3.0,2.0,0.0425531914893617,0.0,1.0,7.0,0.020833333333333332,0.0,0.021739130434782608,0.0,0.23404255319148937,0.0,0.0,0.0,2.0,0.7659574468085106,36.0,0.0,47.0
-0.1561415,0.0,1.1689919999999998,241.0,-77.5851265,79.33333333333333,13.666666666666666,1.2424242424242424,4.7317073170731705,243.0,0.0,0.0,0.012345679012345678,0.0,4.948896211882389,0.0,2.0,0.04878048780487805,0.6341463414634146,1.0,0.024390243902439025,0.0,0.0,0.0,3.0,0.0,0.0,2.0,2.0,10.0,0.0411522633744856,0.0,0.025,0.0,0.19512195121951215,2.0,0.04878048780487805,0.0,3.0,0.8048780487804879,33.0,0.0,41.0
-0.1561415,0.0,1.1689919999999998,1171.0,-77.5851265,72.5625,10.625,1.5315315315315314,5.617647058823529,1184.0,0.0,0.0016891891891891893,0.013513513513513514,0.0033783783783783786,6.489369594997067,0.0,8.0,0.047058823529411764,0.49411764705882355,0.0,0.0,4.0,0.0,0.0,8.0,1.0,0.0058823529411764705,13.0,6.0,42.0,0.03547297297297297,0.0,0.0650887573964497,0.02976190476190476,0.34705882352941175,0.0,0.0,0.0,16.0,0.6529411764705882,111.0,0.0,170.0
-0.1561415,0.0,1.1689919999999998,743.0,-77.5851265,123.5,18.5,1.5633802816901408,5.486486486486487,749.0,0.0,0.0026702269692923898,0.006675567423230975,0.0,5.835692661110372,0.0,0.0,0.0,0.43243243243243246,0.0,0.0,0.0,2.0,0.0,11.0,0.0,0.0,6.0,4.0,23.0,0.030707610146862484,0.0,0.08181818181818182,0.03669724770642202,0.36036036036036034,1.0,0.009009009009009009,0.0,6.0,0.6396396396396397,71.0,0.0,111.0
-0.1561415,0.0,1.1689919999999998,600.0,-77.5851265,119.4,16.0,1.3559322033898304,6.275,605.0,0.0,0.001652892561983471,0.011570247933884297,0.0,5.728055907333276,0.0,2.0,0.025,0.55,0.0,0.0,2.0,0.0,0.0,4.0,0.0,0.0,5.0,3.0,15.0,0.024793388429752067,0.003305785123966942,0.0759493670886076,0.02564102564102564,0.26249999999999996,0.0,0.0,0.0,5.0,0.7375,59.0,0.0,80.0
-0.1561415,0.0,1.1689919999999998,582.0,-77.5851265,115.4,17.6,1.543859649122807,5.4772727272727275,584.0,0.0,0.0,0.011986301369863013,0.0,5.523289114005436,0.0,2.0,0.022727272727272728,0.48863636363636365,0.0,0.0,0.0,0.0,0.0,7.0,0.0,0.0,2.0,2.0,16.0,0.0273972602739726,0.0,0.034482758620689655,0.011627906976744186,0.3522727272727273,2.0,0.022727272727272728,0.0,5.0,0.6477272727272727,57.0,0.0,88.0
-0.1561415,0.0,1.1689919999999998,938.0,-77.5851265,132.71428571428572,22.714285714285715,1.9390243902439024,4.786163522012578,942.0,0.0,0.0,0.005307855626326964,0.0,5.912131900451184,0.0,0.0,0.0,0.32075471698113206,2.0,0.012578616352201259,0.0,0.0,0.0,17.0,2.0,0.012578616352201259,4.0,3.0,19.0,0.020169851380042462,0.0,0.2088607594936709,0.12101910828025478,0.48427672955974843,0.0,0.0,0.0,7.0,0.5157232704402516,82.0,0.0,159.0
-0.1561415,0.0,1.1689919999999998,865.0,-77.5851265,173.4,23.0,1.369047619047619,6.28695652173913,874.0,0.0,0.002288329519450801,0.012585812356979404,0.0,6.260409942117033,0.0,2.0,0.017391304347826087,0.5217391304347826,0.0,0.0,2.0,0.0,0.0,3.0,1.0,0.008695652173913044,9.0,5.0,22.0,0.02517162471395881,0.0,0.07894736842105263,0.02654867256637168,0.26956521739130435,0.0,0.0,0.0,5.0,0.7304347826086957,84.0,0.0,115.0
-0.1561415,0.0,1.1689919999999998,125.0,-77.5851265,41.0,7.666666666666667,1.15,4.3478260869565215,125.0,0.0,0.0,0.0,0.0,4.2626923908396215,0.0,1.0,0.043478260869565216,0.7391304347826086,0.0,0.0,0.0,0.0,0.0,2.0,1.0,0.043478260869565216,0.0,1.0,4.0,0.032,0.0,0.0,0.0,0.13043478260869568,2.0,0.08695652173913043,0.0,3.0,0.8695652173913043,20.0,0.0,23.0
-0.1561415,0.0,1.1689919999999998,172.0,-77.5851265,85.5,13.0,1.04,5.461538461538462,172.0,0.0,0.0,0.01744186046511628,0.0,4.623516641218015,0.0,1.0,0.038461538461538464,0.9230769230769231,0.0,0.0,0.0,0.0,0.0,2.0,1.0,0.038461538461538464,0.0,1.0,5.0,0.029069767441860465,0.0,0.0,0.0,0.038461538461538436,0.0,0.0,0.0,2.0,0.9615384615384616,25.0,0.0,26.0
-0.1561415,0.0,1.1689919999999998,365.0,-77.5851265,39.666666666666664,6.555555555555555,1.7352941176470589,4.915254237288136,373.0,0.0,0.002680965147453083,0.010723860589812333,0.00804289544235925,4.780616778028725,0.0,0.0,0.0,0.3559322033898305,2.0,0.03389830508474576,3.0,0.0,0.0,8.0,1.0,0.01694915254237288,8.0,4.0,17.0,0.045576407506702415,0.0,0.20689655172413793,0.14035087719298245,0.423728813559322,1.0,0.01694915254237288,0.0,9.0,0.576271186440678,34.0,0.0,59.0
-0.1561415,0.0,1.1689919999999998,1123.0,-77.5851265,139.375,17.0,1.4623655913978495,6.926470588235294,1135.0,0.0,0.0026431718061674008,0.006167400881057269,0.001762114537444934,6.311537933637616,0.0,5.0,0.03676470588235294,0.49264705882352944,0.0,0.0,6.0,2.0,0.0,7.0,0.0,0.0,12.0,5.0,32.0,0.028193832599118944,0.0,0.0962962962962963,0.029850746268656716,0.3161764705882353,0.0,0.0,0.0,8.0,0.6838235294117647,93.0,0.0,136.0
-0.1561415,0.0,1.1689919999999998,150.0,-77.5851265,74.5,12.0,1.1428571428571428,5.208333333333333,150.0,0.0,0.0,0.0,0.0,4.334962500721156,0.0,1.0,0.041666666666666664,0.75,0.0,0.0,0.0,0.0,0.0,2.0,1.0,0.041666666666666664,0.0,1.0,3.0,0.02,0.0,0.0,0.0,0.125,1.0,0.041666666666666664,0.0,2.0,0.875,21.0,0.0,24.0
-0.1561415,0.0,1.1689919999999998,516.0,-77.5851265,172.33333333333334,22.333333333333332,1.2181818181818183,6.552238805970149,518.0,0.0,0.0019305019305019305,0.007722007722007722,0.0,5.674079302301199,0.0,3.0,0.04477611940298507,0.6865671641791045,0.0,0.0,0.0,0.0,0.0,3.0,0.0,0.0,2.0,2.0,10.0,0.019305019305019305,0.0,0.045454545454545456,0.0,0.17910447761194026,0.0,0.0,0.0,3.0,0.8208955223880597,55.0,0.0,67.0
-0.1561415,0.0,1.1689919999999998,1516.0,-77.5851265,83.61111111111111,13.166666666666666,1.880952380952381,5.151898734177215,1533.0,0.0,0.003913894324853229,0.008480104370515329,0.0045662100456621,6.535654160487486,0.0,1.0,0.004219409282700422,0.350210970464135,7.0,0.029535864978902954,7.0,4.0,0.0,11.0,3.0,0.012658227848101266,17.0,7.0,58.0,0.037834311806914545,0.0,0.1271186440677966,0.03829787234042553,0.4683544303797469,0.0,0.0,0.0,18.0,0.5316455696202531,126.0,0.0,237.0
-0.1561415,0.0,1.1689919999999998,1884.0,-77.5851265,81.08695652173913,10.782608695652174,2.2962962962962963,6.237903225806452,1897.0,0.0,0.005798629414865577,0.008961518186610437,0.004744333157617291,6.342315655920145,0.0,18.0,0.07258064516129033,0.20161290322580644,0.0,0.0,9.0,9.0,0.0,18.0,5.0,0.020161290322580645,13.0,4.0,87.0,0.045861887190300474,0.0,0.22672064777327935,0.12195121951219512,0.564516129032258,0.0,0.0,0.0,23.0,0.43548387096774194,108.0,0.0,248.0
-0.1561415,0.0,1.1689919999999998,1499.0,-77.5851265,50.86206896551724,7.0344827586206895,2.3181818181818183,5.970588235294118,1519.0,0.0,0.005266622778143515,0.008558262014483212,0.0065832784726793945,5.958167098786206,0.0,8.0,0.0392156862745098,0.23529411764705882,0.0,0.0,10.0,5.0,0.0,11.0,8.0,0.0392156862745098,20.0,7.0,72.0,0.04739960500329164,0.0006583278472679394,0.26108374384236455,0.18811881188118812,0.5686274509803921,0.0,0.0,0.0,29.0,0.43137254901960786,88.0,0.0,204.0
-0.1561415,0.0,1.1689919999999998,2060.0,-77.5851265,120.47058823529412,18.823529411764707,2.206896551724138,5.215625,2073.0,0.0,0.003376748673420164,0.009165460684997588,0.001929570670525808,6.567909009207343,0.0,0.0,0.0,0.3,10.0,0.03125,4.0,6.0,0.0,24.0,0.0,0.0,13.0,6.0,78.0,0.03762662807525326,0.0,0.22884012539184953,0.10062893081761007,0.546875,1.0,0.003125,0.0,17.0,0.453125,145.0,0.0,320.0
-0.1561415,0.0,1.1689919999999998,195.0,-77.5851265,97.0,16.5,1.2222222222222223,4.818181818181818,195.0,0.0,0.0,0.010256410256410256,0.0,4.657882376868652,0.0,1.0,0.030303030303030304,0.6666666666666666,1.0,0.030303030303030304,0.0,0.0,0.0,3.0,0.0,0.0,0.0,1.0,6.0,0.03076923076923077,0.0,0.0,0.0,0.18181818181818177,1.0,0.030303030303030304,0.0,2.0,0.8181818181818182,27.0,0.0,33.0
-0.1561415,0.0,1.1689919999999998,1250.0,-77.5851265,95.61538461538461,13.076923076923077,1.5454545454545454,5.976470588235294,1265.0,0.0,0.005533596837944664,0.010276679841897233,0.003952569169960474,6.521344542545184,0.0,6.0,0.03529411764705882,0.4588235294117647,0.0,0.0,9.0,5.0,0.0,6.0,3.0,0.01764705882352941,15.0,5.0,57.0,0.045059288537549404,0.0,0.1301775147928994,0.06547619047619048,0.3529411764705882,1.0,0.0058823529411764705,0.0,13.0,0.6470588235294118,110.0,0.0,170.0
-0.1561415,0.0,1.1689919999999998,1452.0,-77.5851265,111.15384615384616,17.076923076923077,1.9646017699115044,5.346846846846847,1468.0,0.0,0.005449591280653951,0.005449591280653951,0.0027247956403269754,6.383439670265931,0.0,0.0,0.0,0.3153153153153153,1.0,0.0045045045045045045,4.0,2.0,0.0,12.0,1.0,0.0045045045045045045,16.0,8.0,44.0,0.02997275204359673,0.0,0.13574660633484162,0.06363636363636363,0.49099099099099097,0.0,0.0,0.0,13.0,0.509009009009009,113.0,0.0,222.0
-0.1561415,0.0,1.1689919999999998,1562.0,-77.5851265,195.625,25.25,1.6290322580645162,6.51980198019802,1578.0,0.0,0.0012674271229404308,0.008238276299112801,0.0,6.622908739065488,0.0,11.0,0.054455445544554455,0.4158415841584158,0.0,0.0,8.0,0.0,0.0,11.0,1.0,0.0049504950495049506,16.0,6.0,31.0,0.01964512040557668,0.0,0.14925373134328357,0.095,0.38613861386138615,0.0,0.0,0.0,8.0,0.6138613861386139,124.0,0.0,202.0
-0.1561415,0.0,1.1689919999999998,173.0,-77.5851265,86.0,14.0,1.1666666666666667,5.071428571428571,173.0,0.0,0.0,0.011560693641618497,0.0,4.494680368408909,0.0,1.0,0.03571428571428571,0.75,0.0,0.0,0.0,0.0,0.0,3.0,0.0,0.0,0.0,1.0,7.0,0.04046242774566474,0.0,0.0,0.0,0.1428571428571429,0.0,0.0,0.0,2.0,0.8571428571428571,24.0,0.0,28.0
-0.1561415,0.0,1.1689919999999998,285.0,-77.5851265,142.0,26.0,1.368421052631579,4.423076923076923,285.0,0.0,0.0,0.007017543859649123,0.0,4.988525294897748,0.0,0.0,0.0,0.6153846153846154,0.0,0.0,0.0,0.0,0.0,6.0,0.0,0.0,0.0,1.0,4.0,0.014035087719298246,0.0,0.0392156862745098,0.02,0.2692307692307693,0.0,0.0,0.0,2.0,0.7307692307692307,38.0,0.0,52.0
-0.1561415,0.0,1.1689919999999998,279.0,-77.5851265,139.0,18.5,1.0571428571428572,6.405405405405405,279.0,0.0,0.0,0.014336917562724014,0.0,5.101345257520842,0.0,1.0,0.02702702702702703,0.8918918918918919,0.0,0.0,0.0,0.0,0.0,2.0,2.0,0.05405405405405406,0.0,1.0,6.0,0.021505376344086023,0.0,0.0,0.0,0.05405405405405406,0.0,0.0,0.0,2.0,0.9459459459459459,35.0,0.0,37.0
-0.1561415,0.0,1.1689919999999998,255.0,-77.5851265,84.0,14.333333333333334,1.2647058823529411,4.790697674418604,257.0,0.0,0.0,0.011673151750972763,0.0,4.972549056927053,0.0,2.0,0.046511627906976744,0.627906976744186,1.0,0.023255813953488372,0.0,0.0,0.0,3.0,0.0,0.0,2.0,2.0,10.0,0.038910505836575876,0.0,0.023809523809523808,0.0,0.2093023255813954,2.0,0.046511627906976744,0.0,3.0,0.7906976744186046,34.0,0.0,43.0
-0.1561415,0.0,1.1689919999999998,748.0,-77.5851265,124.33333333333333,18.166666666666668,1.5797101449275361,5.651376146788991,754.0,0.0,0.002652519893899204,0.005305039787798408,0.0,5.80329291850377,0.0,0.0,0.0,0.41284403669724773,0.0,0.0,0.0,2.0,0.0,11.0,0.0,0.0,6.0,4.0,23.0,0.03050397877984085,0.0,0.09259259259259259,0.037383177570093455,0.3669724770642202,1.0,0.009174311926605505,0.0,6.0,0.6330275229357798,69.0,0.0,109.0
-0.1561415,0.0,1.1689919999999998,461.0,-77.5851265,114.25,15.0,1.1111111111111112,6.533333333333333,463.0,0.0,0.0,0.01079913606911447,0.0,5.694309137239127,0.0,3.0,0.05,0.8166666666666667,0.0,0.0,0.0,0.0,0.0,3.0,0.0,0.0,2.0,2.0,9.0,0.019438444924406047,0.0,0.01694915254237288,0.0,0.09999999999999998,0.0,0.0,0.0,4.0,0.9,54.0,0.0,60.0
-0.1561415,0.0,1.1689919999999998,540.0,-77.5851265,107.0,16.8,1.4,5.261904761904762,542.0,0.0,0.0,0.016605166051660517,0.0,5.693161994764467,0.0,3.0,0.03571428571428571,0.5476190476190477,0.0,0.0,0.0,0.0,0.0,5.0,0.0,0.0,2.0,2.0,18.0,0.033210332103321034,0.0,0.03614457831325301,0.012195121951219513,0.2857142857142857,2.0,0.023809523809523808,0.0,5.0,0.7142857142857143,60.0,0.0,84.0
-0.1561415,0.0,1.1689919999999998,2072.0,-77.5851265,147.5,19.071428571428573,2.1707317073170733,6.535580524344569,2089.0,0.0,0.0019147917663954045,0.01244614648157013,0.0,6.466799221911868,0.0,10.0,0.03745318352059925,0.27340823970037453,0.0,0.0,4.0,0.0,0.0,11.0,1.0,0.003745318352059925,17.0,8.0,50.0,0.023934897079942556,0.0,0.3007518796992481,0.20754716981132076,0.5393258426966292,0.0,0.0,0.0,14.0,0.4606741573033708,123.0,0.0,267.0
-0.1561415,0.0,1.1689919999999998,1237.0,-77.5851265,153.75,19.25,1.711111111111111,6.805194805194805,1244.0,0.0,0.002411575562700965,0.008038585209003215,0.003215434083601286,6.193680170784633,0.0,4.0,0.025974025974025976,0.37662337662337664,0.0,0.0,2.0,2.0,0.0,8.0,0.0,0.0,7.0,4.0,31.0,0.02491961414790997,0.0,0.1568627450980392,0.05921052631578947,0.4155844155844156,0.0,0.0,0.0,8.0,0.5844155844155844,90.0,0.0,154.0
-0.1561415,0.0,1.1689919999999998,1534.0,-77.5851265,117.15384615384616,14.76923076923077,1.900990099009901,6.729166666666667,1546.0,0.0,0.003234152652005175,0.009055627425614488,0.0019404915912031048,6.287916571153454,0.0,8.0,0.041666666666666664,0.3177083333333333,0.0,0.0,4.0,3.0,0.0,8.0,1.0,0.005208333333333333,12.0,6.0,45.0,0.02910737386804657,0.0,0.28272251308900526,0.21052631578947367,0.47395833333333337,1.0,0.005208333333333333,0.0,13.0,0.5260416666666666,101.0,0.0,192.0
-0.1561415,0.0,1.1689919999999998,542.0,-77.5851265,90.0,14.833333333333334,1.3692307692307693,4.898876404494382,551.0,0.0,0.0018148820326678765,0.007259528130671506,0.0,5.7539488134660886,0.0,7.0,0.07865168539325842,0.6179775280898876,0.0,0.0,0.0,0.0,0.0,6.0,0.0,0.0,9.0,5.0,15.0,0.02722323049001815,0.0,0.03409090909090909,0.0,0.2696629213483146,4.0,0.0449438202247191,0.0,6.0,0.7303370786516854,65.0,0.0,89.0
-0.1561415,0.0,1.1689919999999998,547.0,-77.5851265,90.66666666666667,16.0,1.4328358208955223,4.510416666666667,558.0,0.0,0.0017921146953405018,0.007168458781362007,0.0,5.862211688374758,0.0,5.0,0.052083333333333336,0.5208333333333334,0.0,0.0,0.0,0.0,0.0,5.0,0.0,0.0,11.0,6.0,15.0,0.026881720430107527,0.0,0.031578947368421054,0.010638297872340425,0.30208333333333337,7.0,0.07291666666666667,0.0,6.0,0.6979166666666666,67.0,0.0,96.0
-0.1561415,0.0,1.1689919999999998,411.0,-77.5851265,103.25,14.5,1.2083333333333333,5.775862068965517,422.0,0.0,0.004739336492890996,0.011848341232227487,0.0,5.4509182283269375,0.0,2.0,0.034482758620689655,0.7068965517241379,0.0,0.0,0.0,0.0,0.0,5.0,1.0,0.017241379310344827,11.0,6.0,15.0,0.035545023696682464,0.0,0.05263157894736842,0.017857142857142856,0.1724137931034483,0.0,0.0,0.0,4.0,0.8275862068965517,48.0,0.0,58.0
-0.1561415,0.0,1.1689919999999998,537.0,-77.5851265,134.75,21.25,1.3076923076923077,5.188235294117647,541.0,0.0,0.0018484288354898336,0.005545286506469501,0.0,5.872806930556092,0.0,5.0,0.058823529411764705,0.5882352941176471,2.0,0.023529411764705882,0.0,0.0,0.0,5.0,0.0,0.0,4.0,3.0,12.0,0.022181146025878003,0.0018484288354898336,0.023809523809523808,0.012048192771084338,0.23529411764705888,0.0,0.0,0.0,4.0,0.7647058823529411,65.0,0.0,85.0
-0.1561415,0.0,1.1689919999999998,761.0,-77.5851265,110.0,15.714285714285714,1.746031746031746,5.709090909090909,773.0,0.0,0.00129366106080207,0.00517464424320828,0.0,5.6956944589559155,0.0,8.0,0.07272727272727272,0.36363636363636365,0.0,0.0,0.0,0.0,0.0,8.0,5.0,0.045454545454545456,12.0,7.0,18.0,0.02328589909443726,0.0038809831824062097,0.27522935779816515,0.2037037037037037,0.42727272727272725,0.0,0.0,0.0,7.0,0.5727272727272728,63.0,0.0,110.0
-0.1561415,0.0,1.1689919999999998,355.0,-77.5851265,88.75,11.75,1.0681818181818181,6.382978723404255,357.0,0.0,0.0028011204481792717,0.0056022408963585435,0.0,5.410867840993308,0.0,3.0,0.06382978723404255,0.8936170212765957,0.0,0.0,0.0,0.0,0.0,3.0,2.0,0.0425531914893617,2.0,2.0,8.0,0.022408963585434174,0.0028011204481792717,0.0,0.0,0.06382978723404253,0.0,0.0,0.0,4.0,0.9361702127659575,44.0,0.0,47.0
-0.1561415,0.0,1.1689919999999998,670.0,-77.5851265,112.16666666666667,19.333333333333332,1.5890410958904109,4.646551724137931,676.0,0.0,0.0029585798816568047,0.0029585798816568047,0.0,5.933117094134949,0.0,3.0,0.02586206896551724,0.4051724137931034,0.0,0.0,0.0,0.0,0.0,8.0,0.0,0.0,6.0,4.0,19.0,0.028106508875739646,0.0,0.11304347826086956,0.07017543859649122,0.3706896551724138,4.0,0.034482758620689655,0.0,6.0,0.6293103448275862,73.0,0.0,116.0
-0.1561415,0.0,1.1689919999999998,2163.0,-77.5851265,93.43478260869566,15.565217391304348,2.2375,4.801675977653631,2187.0,0.0,0.002286236854138089,0.007315957933241884,0.0,6.846742611880322,0.0009144947416552355,7.0,0.019553072625698324,0.23184357541899442,5.0,0.013966480446927373,3.0,5.0,0.0,18.0,1.0,0.002793296089385475,24.0,12.0,93.0,0.04252400548696845,0.0004572473708276177,0.09523809523809523,0.02247191011235955,0.553072625698324,17.0,0.04748603351955307,0.0,23.0,0.44692737430167595,160.0,0.0,358.0
-0.1561415,0.0,1.1689919999999998,896.0,-77.5851265,80.81818181818181,11.454545454545455,1.3263157894736841,5.857142857142857,906.0,0.0,0.002207505518763797,0.008830022075055188,0.0,6.406848947460811,0.0,3.0,0.023809523809523808,0.5873015873015873,0.0,0.0,3.0,0.0,0.0,5.0,4.0,0.031746031746031744,10.0,5.0,26.0,0.02869757174392936,0.0,0.048,0.016129032258064516,0.24603174603174605,0.0,0.0,0.0,11.0,0.753968253968254,95.0,0.0,126.0
-0.1561415,0.0,1.1689919999999998,144.0,-77.5851265,144.0,27.0,1.125,4.333333333333333,144.0,0.0,0.0,0.0,0.0,4.532665279941246,0.0,1.0,0.037037037037037035,0.7777777777777778,1.0,0.037037037037037035,0.0,0.0,0.0,2.0,0.0,0.0,0.0,1.0,1.0,0.006944444444444444,0.0,0.0,0.0,0.11111111111111116,0.0,0.0,0.0,1.0,0.8888888888888888,24.0,0.0,27.0
-0.1561415,0.0,1.1689919999999998,188.0,-77.5851265,63.0,8.0,1.0,6.583333333333333,190.0,0.0,0.005263157894736842,0.005263157894736842,0.0,4.584962500721156,0.0,1.0,0.041666666666666664,1.0,0.0,0.0,0.0,0.0,0.0,1.0,0.0,0.0,2.0,2.0,6.0,0.031578947368421054,0.0,0.0,0.0,0.0,0.0,0.0,0.0,3.0,1.0,24.0,0.0,24.0
-0.1561415,0.0,1.1689919999999998,185.0,-77.5851265,61.666666666666664,6.666666666666667,1.0,7.75,189.0,0.0,0.005291005291005291,0.0,0.0,4.321928094887363,0.0,0.0,0.0,1.0,0.0,0.0,3.0,0.0,0.0,1.0,0.0,0.0,4.0,2.0,7.0,0.037037037037037035,0.0,0.0,0.0,0.0,0.0,0.0,0.0,3.0,1.0,20.0,0.0,20.0
-0.1561415,0.0,1.1689919999999998,1948.0,-77.5851265,138.0,22.357142857142858,2.1888111888111887,5.022364217252396,1960.0,0.0,0.003061224489795918,0.009183673469387756,0.002551020408163265,6.599080164977389,0.0,0.0,0.0,0.28115015974440893,11.0,0.03514376996805112,5.0,5.0,0.0,18.0,6.0,0.019169329073482427,12.0,7.0,67.0,0.034183673469387756,0.0,0.20833333333333334,0.10932475884244373,0.5431309904153354,0.0,0.0,0.0,14.0,0.45686900958466453,143.0,0.0,313.0
-0.1561415,0.0,1.1689919999999998,2108.0,-77.5851265,104.5,15.5,2.1232876712328768,5.538709677419355,2117.0,0.0,0.0033065658951346244,0.0136986301369863,0.002834199338686821,6.609454174311177,0.0,0.0,0.0,0.2967741935483871,5.0,0.016129032258064516,6.0,6.0,0.0,20.0,4.0,0.012903225806451613,9.0,3.0,86.0,0.0406235238545111,0.0,0.1941747572815534,0.09090909090909091,0.5290322580645161,0.0,0.0,0.0,20.0,0.47096774193548385,146.0,0.0,310.0
-0.1561415,0.0,1.1689919999999998,1651.0,-77.5851265,109.2,15.333333333333334,1.796875,5.908695652173913,1659.0,0.0,0.003616636528028933,0.012055455093429777,0.0030138637733574444,6.626975734688216,0.0,6.0,0.02608695652173913,0.3826086956521739,0.0,0.0,5.0,5.0,0.0,7.0,6.0,0.02608695652173913,8.0,3.0,61.0,0.03676913803496082,0.0,0.17467248908296942,0.10087719298245613,0.4434782608695652,0.0,0.0,0.0,15.0,0.5565217391304348,128.0,0.0,230.0
-0.1561415,0.0,1.1689919999999998,1613.0,-77.5851265,100.375,13.375,1.8448275862068966,6.177570093457944,1626.0,0.0,0.004305043050430504,0.014760147601476014,0.003075030750307503,6.553614480195789,0.0,5.0,0.02336448598130841,0.308411214953271,0.0,0.0,9.0,5.0,0.0,9.0,5.0,0.02336448598130841,13.0,4.0,71.0,0.04366543665436654,0.0,0.2347417840375587,0.14622641509433962,0.4579439252336449,0.0,0.0,0.0,16.0,0.5420560747663551,116.0,0.0,214.0
-0.1561415,0.0,1.1689919999999998,1558.0,-77.5851265,103.33333333333333,13.933333333333334,1.8333333333333333,6.124401913875598,1572.0,0.0,0.003816793893129771,0.012086513994910942,0.002544529262086514,6.48607414716116,0.0,2.0,0.009569377990430622,0.33014354066985646,0.0,0.0,8.0,4.0,0.0,10.0,10.0,0.04784688995215311,14.0,5.0,61.0,0.03880407124681934,0.0,0.21153846153846154,0.11594202898550725,0.4545454545454546,0.0,0.0,0.0,15.0,0.5454545454545454,114.0,0.0,209.0
-0.1561415,0.0,1.1689919999999998,2396.0,-77.5851265,88.0,13.074074074074074,2.2341772151898733,5.461756373937677,2412.0,0.0,0.004975124378109453,0.010364842454394693,0.0041459369817578775,6.6611421879106985,0.0,0.0,0.0,0.254957507082153,2.0,0.0056657223796034,10.0,10.0,0.0,26.0,5.0,0.014164305949008499,16.0,5.0,131.0,0.054311774461028195,0.0,0.20170454545454544,0.06837606837606838,0.5524079320113314,1.0,0.0028328611898017,0.0,27.0,0.4475920679886686,158.0,0.0,353.0
-0.1561415,0.0,1.1689919999999998,1259.0,-77.5851265,77.8125,10.625,1.6346153846153846,6.0588235294117645,1266.0,0.0,0.0039494470774091624,0.015007898894154818,0.00315955766192733,6.399105018715028,0.0,1.0,0.0058823529411764705,0.4117647058823529,0.0,0.0,4.0,4.0,0.0,8.0,8.0,0.047058823529411764,7.0,3.0,58.0,0.045813586097946286,0.0,0.15384615384615385,0.07738095238095238,0.388235294117647,0.0,0.0,0.0,16.0,0.611764705882353,104.0,0.0,170.0
-0.1561415,0.0,1.1689919999999998,1865.0,-77.5851265,97.0,14.526315789473685,1.7468354430379747,5.442028985507246,1879.0,0.0,0.0037253858435337944,0.012240553485896753,0.0031931878658861094,6.863245621024588,0.0,0.0,0.0,0.39492753623188404,1.0,0.0036231884057971015,6.0,6.0,0.0,17.0,4.0,0.014492753623188406,14.0,8.0,91.0,0.04843001596593933,0.0010643959552953698,0.10909090909090909,0.01824817518248175,0.427536231884058,3.0,0.010869565217391304,0.0,19.0,0.572463768115942,158.0,0.0036231884057971015,276.0
-0.1561415,0.0,1.1689919999999998,1128.0,-77.5851265,125.33333333333333,17.11111111111111,1.5555555555555556,5.9480519480519485,1142.0,0.0,0.005253940455341506,0.01576182136602452,0.0,6.36267907694673,0.0,1.0,0.006493506493506494,0.461038961038961,0.0,0.0,8.0,0.0,0.0,6.0,3.0,0.01948051948051948,14.0,5.0,47.0,0.04115586690017513,0.0,0.10457516339869281,0.02631578947368421,0.3571428571428571,0.0,0.0,0.0,9.0,0.6428571428571429,99.0,0.0,154.0
-0.1561415,0.0,1.1689919999999998,1700.0,-77.5851265,98.88235294117646,16.235294117647058,2.173228346456693,4.909420289855072,1712.0,0.0,0.0035046728971962616,0.011098130841121495,0.0029205607476635513,6.501481994842499,0.0,0.0,0.0,0.25,7.0,0.025362318840579712,5.0,5.0,0.0,14.0,9.0,0.03260869565217391,12.0,7.0,66.0,0.038551401869158876,0.0,0.20363636363636364,0.11313868613138686,0.5398550724637681,0.0,0.0,0.0,17.0,0.4601449275362319,127.0,0.0,276.0
-0.1561415,0.0,1.1689919999999998,1163.0,-77.5851265,67.52941176470588,9.352941176470589,1.5142857142857142,5.949685534591195,1170.0,0.0,0.004273504273504274,0.01623931623931624,0.003418803418803419,6.487095377006697,0.0,1.0,0.006289308176100629,0.4591194968553459,0.0,0.0,4.0,4.0,0.0,7.0,5.0,0.031446540880503145,7.0,3.0,57.0,0.04871794871794872,0.0,0.10126582278481013,0.044585987261146494,0.339622641509434,0.0,0.0,0.0,17.0,0.660377358490566,105.0,0.0,159.0
-0.1561415,0.0,1.1689919999999998,1367.0,-77.5851265,79.47058823529412,12.588235294117647,2.0576923076923075,5.135514018691588,1377.0,0.0,0.004357298474945534,0.006535947712418301,0.0036310820624546117,6.188257681596676,0.0,0.0,0.0,0.3177570093457944,3.0,0.014018691588785047,5.0,5.0,0.0,12.0,3.0,0.014018691588785047,10.0,4.0,56.0,0.04066811909949165,0.0,0.27699530516431925,0.17452830188679244,0.514018691588785,2.0,0.009345794392523364,0.0,17.0,0.48598130841121495,104.0,0.0,214.0
-0.1561415,0.0,1.1689919999999998,2747.0,-77.5851265,113.54166666666667,17.791666666666668,2.4261363636363638,5.194379391100703,2769.0,0.0,0.0032502708559046588,0.007945106536655833,0.002527988443481401,6.712162875532898,0.0,0.0,0.0,0.24355971896955503,9.0,0.02107728337236534,12.0,7.0,0.0,36.0,9.0,0.02107728337236534,22.0,10.0,95.0,0.03430841459010473,0.0007222824124232575,0.2746478873239437,0.15058823529411763,0.5878220140515222,2.0,0.00468384074941452,0.0,24.0,0.41217798594847777,176.0,0.02576112412177986,427.0
-0.1561415,0.0,1.1689919999999998,1625.0,-77.5851265,84.63157894736842,11.68421052631579,1.776,6.027027027027027,1634.0,0.0,0.004283965728274173,0.0073439412484700125,0.0036719706242350062,6.567690445525122,0.0,1.0,0.0045045045045045045,0.36936936936936937,0.0,0.0,6.0,6.0,0.0,10.0,7.0,0.03153153153153153,9.0,3.0,64.0,0.03916768665850673,0.0030599755201958386,0.18552036199095023,0.09090909090909091,0.4369369369369369,0.0,0.0,0.0,19.0,0.5630630630630631,125.0,0.04054054054054054,222.0
-0.1561415,0.0,1.1689919999999998,2133.0,-77.5851265,132.1875,21.625,2.4027777777777777,4.971098265895954,2145.0,0.0,0.002797202797202797,0.008391608391608392,0.002331002331002331,6.53624799723094,0.0,0.0,0.0,0.23699421965317918,10.0,0.028901734104046242,5.0,5.0,0.0,23.0,6.0,0.017341040462427744,12.0,7.0,68.0,0.031701631701631705,0.0,0.2289855072463768,0.09011627906976744,0.5838150289017341,0.0,0.0,0.0,16.0,0.4161849710982659,144.0,0.02023121387283237,346.0
-0.1561415,0.0,1.1689919999999998,1047.0,-77.5851265,150.14285714285714,23.857142857142858,1.6372549019607843,5.119760479041916,1056.0,0.0,0.001893939393939394,0.000946969696969697,0.0,6.261590084279646,0.0,7.0,0.041916167664670656,0.4311377245508982,2.0,0.011976047904191617,4.0,0.0,0.0,11.0,0.0,0.0,9.0,4.0,29.0,0.027462121212121212,0.0,0.1144578313253012,0.03636363636363636,0.3892215568862275,0.0,0.0,0.0,7.0,0.6107784431137725,102.0,0.0,167.0
-0.1561415,0.0,1.1689919999999998,973.0,-77.5851265,108.66666666666667,17.333333333333332,1.5918367346938775,5.07051282051282,983.0,0.0,0.003051881993896236,0.00508646998982706,0.0,6.218359010899304,0.0,7.0,0.04487179487179487,0.4935897435897436,4.0,0.02564102564102564,0.0,0.0,0.0,9.0,1.0,0.00641025641025641,10.0,6.0,25.0,0.0254323499491353,0.002034587995930824,0.05806451612903226,0.0,0.3717948717948718,1.0,0.00641025641025641,0.0,9.0,0.6282051282051282,98.0,0.0,156.0
-0.1561415,0.0,1.1689919999999998,967.0,-77.5851265,245.25,30.0,1.3636363636363635,6.741666666666666,983.0,0.0,0.003051881993896236,0.01017293997965412,0.0,6.238018408054431,0.0,8.0,0.06666666666666667,0.575,0.0,0.0,8.0,0.0,0.0,8.0,0.0,0.0,16.0,6.0,26.0,0.026449643947100712,0.0,0.07563025210084033,0.0423728813559322,0.2666666666666667,0.0,0.0,0.0,4.0,0.7333333333333333,88.0,0.0,120.0
-0.1561415,0.0,1.1689919999999998,548.0,-77.5851265,109.4,17.8,1.459016393442623,5.056179775280899,550.0,0.0,0.0036363636363636364,0.0018181818181818182,0.0,5.69501496517579,0.0,5.0,0.056179775280898875,0.5168539325842697,1.0,0.011235955056179775,0.0,0.0,0.0,5.0,0.0,0.0,2.0,2.0,14.0,0.025454545454545455,0.0,0.03409090909090909,0.011494252873563218,0.3146067415730337,1.0,0.011235955056179775,0.0,5.0,0.6853932584269663,61.0,0.0,89.0
-0.1561415,0.0,1.1689919999999998,377.0,-77.5851265,62.166666666666664,8.0,1.2307692307692308,6.6875,377.0,0.0,0.0,0.005305039787798408,0.0,5.178508854797678,0.0,3.0,0.0625,0.6666666666666666,0.0,0.0,0.0,0.0,0.0,3.0,0.0,0.0,0.0,1.0,9.0,0.023872679045092837,0.0,0.0,0.0,0.1875,0.0,0.0,0.0,6.0,0.8125,39.0,0.0,48.0
-0.1561415,0.0,1.1689919999999998,2587.0,-77.5851265,94.77777777777777,13.777777777777779,2.1502890173410405,5.631720430107527,2608.0,0.0,0.004601226993865031,0.010352760736196318,0.003834355828220859,6.891924061729757,0.0,0.0,0.0,0.271505376344086,6.0,0.016129032258064516,10.0,10.0,0.0,19.0,1.0,0.002688172043010753,21.0,10.0,121.0,0.046395705521472395,0.0011503067484662577,0.18059299191374664,0.07297297297297298,0.5349462365591398,0.0,0.0,0.0,27.0,0.4650537634408602,173.0,0.0,372.0
-0.1561415,0.0,1.1689919999999998,2832.0,-77.5851265,107.65384615384616,16.923076923076923,2.5433526011560694,5.163636363636364,2854.0,0.0,0.003854239663629993,0.010861948142957253,0.003854239663629993,6.778377089517923,0.0,0.0,0.0,0.22045454545454546,8.0,0.01818181818181818,10.0,10.0,0.0,23.0,4.0,0.00909090909090909,22.0,12.0,111.0,0.03889278206026629,0.0,0.2460136674259681,0.11187214611872145,0.6068181818181818,0.0,0.0,0.0,26.0,0.3931818181818182,173.0,0.0,440.0
-0.1561415,0.0,1.1689919999999998,1547.0,-77.5851265,90.11764705882354,12.411764705882353,1.6356589147286822,5.976303317535545,1557.0,0.0,0.005138086062941554,0.01348747591522158,0.00449582530507386,6.6816857414221085,0.0,5.0,0.023696682464454975,0.4265402843601896,0.0,0.0,7.0,7.0,0.0,8.0,3.0,0.014218009478672985,10.0,3.0,74.0,0.047527296082209375,0.0,0.12857142857142856,0.03827751196172249,0.3886255924170616,0.0,0.0,0.0,17.0,0.6113744075829384,129.0,0.0,211.0
-0.1561415,0.0,1.1689919999999998,2779.0,-77.5851265,88.41935483870968,13.741935483870968,2.3027027027027027,5.251173708920188,2801.0,0.0,0.003927168868261335,0.008568368439842914,0.003927168868261335,6.872804231734027,0.0,0.0,0.0,0.2535211267605634,5.0,0.011737089201877934,10.0,10.0,0.0,22.0,3.0,0.007042253521126761,22.0,12.0,112.0,0.039985719385933594,0.0,0.19294117647058823,0.08726415094339622,0.5657276995305165,0.0,0.0,0.0,31.0,0.43427230046948356,185.0,0.0,426.0
-0.1561415,0.0,1.1689919999999998,663.0,-77.5851265,94.14285714285714,15.428571428571429,1.35,4.944444444444445,674.0,0.0,0.001483679525222552,0.008902077151335312,0.0,6.093923817114818,0.0,6.0,0.05555555555555555,0.6111111111111112,0.0,0.0,0.0,0.0,0.0,6.0,0.0,0.0,11.0,6.0,19.0,0.028189910979228485,0.001483679525222552,0.0,0.0,0.2592592592592593,6.0,0.05555555555555555,0.0,7.0,0.7407407407407407,80.0,0.0,108.0
-0.1561415,0.0,1.1689919999999998,333.0,-77.5851265,66.0,9.8,1.065217391304348,5.489795918367347,340.0,0.0,0.0,0.014705882352941176,0.0,5.492260864523371,0.0,1.0,0.02040816326530612,0.8775510204081632,0.0,0.0,0.0,0.0,0.0,2.0,1.0,0.02040816326530612,7.0,4.0,13.0,0.03823529411764706,0.0029411764705882353,0.0,0.0,0.061224489795918324,0.0,0.0,0.0,5.0,0.9387755102040817,46.0,0.0,49.0
-0.1561415,0.0,1.1689919999999998,791.0,-77.5851265,132.66666666666666,21.5,1.4659090909090908,4.937984496124031,800.0,0.0,0.0025,0.005,0.0,6.152235007745155,0.0,5.0,0.03875968992248062,0.5271317829457365,1.0,0.007751937984496124,4.0,0.0,0.0,9.0,0.0,0.0,9.0,4.0,23.0,0.02875,0.00125,0.015625,0.0,0.3178294573643411,3.0,0.023255813953488372,0.0,6.0,0.6821705426356589,88.0,0.0,129.0
-0.1561415,0.0,1.1689919999999998,191.0,-77.5851265,63.666666666666664,7.666666666666667,1.0454545454545454,6.956521739130435,193.0,0.0,0.0051813471502590676,0.0051813471502590676,0.0,4.436605434317883,0.0,0.0,0.0,0.9130434782608695,0.0,0.0,0.0,0.0,0.0,2.0,0.0,0.0,2.0,2.0,6.0,0.031088082901554404,0.0,0.0,0.0,0.04347826086956519,0.0,0.0,0.0,3.0,0.9565217391304348,22.0,0.0,23.0
-0.1561415,0.0,1.1689919999999998,185.0,-77.5851265,61.666666666666664,6.666666666666667,1.0,7.75,189.0,0.0,0.005291005291005291,0.0,0.0,4.321928094887363,0.0,0.0,0.0,1.0,0.0,0.0,3.0,0.0,0.0,1.0,0.0,0.0,4.0,2.0,7.0,0.037037037037037035,0.0,0.0,0.0,0.0,0.0,0.0,0.0,3.0,1.0,20.0,0.0,20.0
-0.1561415,0.0,1.1689919999999998,1218.0,-77.5851265,86.14285714285714,12.5,1.6826923076923077,5.651428571428571,1225.0,0.0,0.004081632653061225,0.014693877551020407,0.0032653061224489797,6.4552457209418215,0.0,2.0,0.011428571428571429,0.3657142857142857,0.0,0.0,4.0,4.0,0.0,7.0,5.0,0.02857142857142857,7.0,3.0,53.0,0.04326530612244898,0.0,0.16666666666666666,0.10404624277456648,0.4057142857142857,0.0,0.0,0.0,14.0,0.5942857142857143,104.0,0.0,175.0
-0.1561415,0.0,1.1689919999999998,1703.0,-77.5851265,84.55,11.55,1.9411764705882353,6.012987012987013,1718.0,0.0,0.004656577415599534,0.011059371362048894,0.0034924330616996507,6.525087827380475,0.0,1.0,0.004329004329004329,0.3116883116883117,0.0,0.0,11.0,6.0,0.0,8.0,8.0,0.03463203463203463,15.0,4.0,76.0,0.04423748544819558,0.0,0.2217391304347826,0.1222707423580786,0.48484848484848486,0.0,0.0,0.0,20.0,0.5151515151515151,119.0,0.0,231.0
-0.1561415,0.0,1.1689919999999998,2538.0,-77.5851265,119.95238095238095,17.904761904761905,2.41025641025641,5.486702127659575,2560.0,0.0,0.003515625,0.006640625,0.002734375,6.622467753489761,0.0,0.0,0.0,0.2393617021276596,4.0,0.010638297872340425,12.0,7.0,0.0,28.0,4.0,0.010638297872340425,22.0,10.0,96.0,0.0375,0.0,0.28,0.15240641711229946,0.5851063829787234,0.0,0.0,0.0,21.0,0.4148936170212766,156.0,0.015957446808510637,376.0
-0.1561415,0.0,1.1689919999999998,1996.0,-77.5851265,142.21428571428572,22.142857142857142,2.0945945945945947,5.209677419354839,2011.0,0.0,0.0034808552958727,0.008453505718547987,0.002486325211337643,6.744397590443309,0.0,1.0,0.0032258064516129032,0.2838709677419355,10.0,0.03225806451612903,9.0,5.0,0.0,13.0,3.0,0.00967741935483871,15.0,5.0,72.0,0.03580308304326206,0.0,0.1650485436893204,0.07792207792207792,0.5225806451612903,0.0,0.0,0.0,14.0,0.4774193548387097,148.0,0.00967741935483871,310.0
-0.1561415,0.0,1.1689919999999998,1384.0,-77.5851265,114.41666666666667,16.416666666666668,2.0520833333333335,5.746192893401015,1392.0,0.0,0.0028735632183908046,0.016522988505747127,0.0021551724137931034,6.160743431987784,0.0,0.0,0.0,0.30456852791878175,0.0,0.0,3.0,3.0,0.0,10.0,8.0,0.04060913705583756,8.0,4.0,53.0,0.03807471264367816,0.0007183908045977011,0.1683673469387755,0.08205128205128205,0.5126903553299492,0.0,0.0,0.0,12.0,0.4873096446700508,96.0,0.025380710659898477,197.0
-0.1561415,0.0,1.1689919999999998,302.0,-77.5851265,59.8,7.8,1.1142857142857143,6.589743589743589,302.0,0.0,0.0,0.0033112582781456954,0.0,5.06091792393498,0.0,3.0,0.07692307692307693,0.8205128205128205,0.0,0.0,0.0,0.0,0.0,3.0,0.0,0.0,0.0,1.0,7.0,0.023178807947019868,0.0,0.0,0.0,0.10256410256410253,0.0,0.0,0.0,5.0,0.8974358974358975,35.0,0.0,39.0
-0.1561415,0.0,1.1689919999999998,622.0,-77.5851265,123.4,19.8,1.5,5.151515151515151,630.0,0.0,0.0,0.0015873015873015873,0.0,5.783411105313403,0.0,7.0,0.0707070707070707,0.494949494949495,1.0,0.010101010101010102,0.0,1.0,0.0,6.0,0.0,0.0,8.0,5.0,10.0,0.015873015873015872,0.0,0.01020408163265306,0.0,0.33333333333333337,6.0,0.06060606060606061,0.0,5.0,0.6666666666666666,66.0,0.0,99.0
-0.1561415,0.0,1.1689919999999998,979.0,-77.5851265,69.78571428571429,9.285714285714286,2.0,6.2153846153846155,986.0,0.0,0.0010141987829614604,0.017241379310344827,0.004056795131845842,5.838418559195878,0.0,4.0,0.03076923076923077,0.2,0.0,0.0,4.0,0.0,0.0,5.0,0.0,0.0,7.0,3.0,40.0,0.04056795131845842,0.0,0.35658914728682173,0.2890625,0.5,0.0,0.0,0.0,14.0,0.5,65.0,0.0,130.0
-0.1561415,0.0,1.1689919999999998,2004.0,-77.5851265,104.73684210526316,15.526315789473685,1.9281045751633987,5.47457627118644,2022.0,0.0,0.0034619188921859545,0.011869436201780416,0.002472799208704253,6.761377069678559,0.0,0.0,0.0,0.3525423728813559,3.0,0.010169491525423728,10.0,5.0,0.0,17.0,1.0,0.003389830508474576,18.0,8.0,92.0,0.04549950544015826,0.0009891196834817012,0.1326530612244898,0.04436860068259386,0.4813559322033898,0.0,0.0,0.0,19.0,0.5186440677966102,153.0,0.0,295.0
-0.1561415,0.0,1.1689919999999998,1293.0,-77.5851265,85.46666666666667,11.333333333333334,1.5454545454545454,6.211764705882353,1305.0,0.0,0.004597701149425287,0.012260536398467433,0.0030651340996168583,6.456031378024085,0.0,2.0,0.011764705882352941,0.49411764705882355,0.0,0.0,8.0,4.0,0.0,7.0,6.0,0.03529411764705882,12.0,4.0,61.0,0.04674329501915709,0.0,0.14792899408284024,0.10714285714285714,0.3529411764705882,0.0,0.0,0.0,15.0,0.6470588235294118,110.0,0.0,170.0
-0.1561415,0.0,1.1689919999999998,2691.0,-77.5851265,102.61538461538461,15.76923076923077,2.411764705882353,5.302439024390244,2702.0,0.0,0.0033308660251665434,0.013693560325684678,0.0029607698001480384,6.790920702273339,0.0,0.0,0.0,0.23414634146341465,10.0,0.024390243902439025,8.0,8.0,0.0,23.0,3.0,0.007317073170731708,11.0,3.0,113.0,0.041820873427091045,0.0,0.26894865525672373,0.14950980392156862,0.5853658536585367,0.0,0.0,0.0,26.0,0.4146341463414634,170.0,0.0,410.0
-0.1561415,0.0,1.1689919999999998,2460.0,-77.5851265,102.0,15.875,2.281437125748503,5.178477690288714,2480.0,0.0,0.0036290322580645163,0.01129032258064516,0.00282258064516129,6.796396511659782,0.0,0.0,0.0,0.25984251968503935,9.0,0.023622047244094488,14.0,7.0,0.0,20.0,7.0,0.01837270341207349,20.0,5.0,114.0,0.04596774193548387,0.0,0.2394736842105263,0.1345646437994723,0.5616797900262467,0.0,0.0,0.0,24.0,0.43832020997375326,167.0,0.0,381.0
-0.1561415,0.0,1.1689919999999998,2581.0,-77.5851265,75.11764705882354,12.0,2.292134831460674,4.840686274509804,2627.0,0.0,0.003806623524933384,0.0098972211648268,0.012942519984773505,6.877199430496616,0.0,0.0,0.0,0.25,2.0,0.004901960784313725,32.0,13.0,0.0,25.0,0.0,0.0,46.0,10.0,166.0,0.06318995051389417,0.0,0.18181818181818182,0.07881773399014778,0.5637254901960784,14.0,0.03431372549019608,0.0,34.0,0.4362745098039216,178.0,0.0,408.0
-0.1561415,0.0,1.1689919999999998,2937.0,-77.5851265,83.08571428571429,14.17142857142857,2.066666666666667,4.358870967741935,2974.0,0.0,0.0033624747814391394,0.00773369199731002,0.006388702084734364,7.135402900253788,0.0,4.0,0.008064516129032258,0.3387096774193548,0.0,0.0,11.0,21.0,5.0,31.0,1.0,0.0020161290322580645,37.0,11.0,237.0,0.0796906523201076,0.0,0.12323232323232323,0.024291497975708502,0.5161290322580645,35.0,0.07056451612903226,0.0,35.0,0.4838709677419355,240.0,0.0,496.0
-0.1561415,0.0,1.1689919999999998,2887.0,-77.5851265,72.97435897435898,10.615384615384615,1.5681818181818181,5.35024154589372,2920.0,0.0,0.003767123287671233,0.010616438356164383,0.004452054794520548,7.618108810665794,0.00034246575342465754,7.0,0.016908212560386472,0.5072463768115942,0.0,0.0,11.0,16.0,5.0,16.0,7.0,0.016908212560386472,33.0,10.0,199.0,0.06815068493150685,0.0010273972602739725,0.05084745762711865,0.0048543689320388345,0.3623188405797102,1.0,0.0024154589371980675,0.0,39.0,0.6376811594202898,264.0,0.0,414.0
-0.1561415,0.0,1.1689919999999998,3283.0,-77.5851265,98.39393939393939,16.484848484848484,2.1847389558232932,4.553308823529412,3322.0,0.0,0.0039133052378085495,0.008428657435279952,0.005719446116797111,7.203730258854507,0.0,0.0,0.0,0.3088235294117647,4.0,0.007352941176470588,10.0,18.0,7.0,29.0,4.0,0.007352941176470588,39.0,13.0,213.0,0.06411800120409392,0.0,0.1289134438305709,0.025830258302583026,0.5422794117647058,37.0,0.06801470588235294,0.0,33.0,0.4577205882352941,249.0,0.0,544.0
-0.1561415,0.0,1.1689919999999998,3472.0,-77.5851265,81.5,11.214285714285714,1.4858044164037856,5.7282377919320595,3511.0,0.0,0.004557106237539163,0.007974935915693534,0.006835659356308744,7.9696997141847845,0.0,11.0,0.02335456475583864,0.5307855626326964,0.0,0.0,17.0,17.0,7.0,10.0,6.0,0.012738853503184714,39.0,10.0,219.0,0.06237539162631729,0.0,0.027659574468085105,0.0021321961620469083,0.326963906581741,1.0,0.0021231422505307855,0.0,42.0,0.673036093418259,317.0,0.006369426751592357,471.0
-0.1561415,0.0,1.1689919999999998,3651.0,-77.5851265,85.97619047619048,14.452380952380953,2.1003460207612457,4.515650741350906,3685.0,0.0,0.002170963364993216,0.008955223880597015,0.0032564450474898234,7.313676361855445,0.0,0.0,0.0,0.34102141680395387,2.0,0.0032948929159802307,8.0,19.0,4.0,37.0,2.0,0.0032948929159802307,34.0,13.0,261.0,0.07082767978290366,0.0,0.12046204620462046,0.03305785123966942,0.5238879736408566,45.0,0.07413509060955518,0.0008141112618724559,42.0,0.47611202635914335,289.0,0.0032948929159802307,607.0
-0.1561415,0.0,1.1689919999999998,3173.0,-77.5851265,71.11363636363636,10.568181818181818,1.576271186440678,5.346236559139785,3202.0,0.0,0.0028107432854465957,0.006870705808869456,0.005933791380387258,7.799501878406933,0.0,12.0,0.025806451612903226,0.4838709677419355,0.0,0.0,10.0,10.0,5.0,13.0,10.0,0.021505376344086023,29.0,8.0,159.0,0.04965646470955653,0.0,0.036637931034482756,0.004319654427645789,0.3655913978494624,2.0,0.004301075268817204,0.0,44.0,0.6344086021505376,295.0,0.002150537634408602,465.0
-0.1561415,0.0,1.1689919999999998,2815.0,-77.5851265,79.57142857142857,14.057142857142857,1.9523809523809523,4.3272357723577235,2838.0,0.0,0.0028188865398167725,0.007751937984496124,0.005637773079633545,7.199821903546443,0.0,0.0,0.0,0.36585365853658536,1.0,0.0020325203252032522,4.0,10.0,5.0,29.0,2.0,0.0040650406504065045,23.0,8.0,181.0,0.06377730796335447,0.0,0.109979633401222,0.02857142857142857,0.4878048780487805,42.0,0.08536585365853659,0.00035236081747709656,35.0,0.5121951219512195,252.0,0.0040650406504065045,492.0
-0.1561415,0.0,1.1689919999999998,2590.0,-77.5851265,70.83333333333333,10.972222222222221,1.5019011406844107,5.058227848101266,2618.0,0.0,0.002291825821237586,0.012223071046600458,0.004965622612681436,7.638163463076049,0.0,5.0,0.012658227848101266,0.5316455696202531,0.0,0.0,5.0,7.0,5.0,15.0,10.0,0.02531645569620253,28.0,9.0,140.0,0.053475935828877004,0.0,0.04314720812182741,0.005089058524173028,0.3341772151898734,0.0,0.0,0.0,36.0,0.6658227848101266,263.0,0.0,395.0
-0.1561415,0.0,1.1689919999999998,2761.0,-77.5851265,57.083333333333336,9.520833333333334,2.1455399061032865,4.455142231947484,2806.0,0.0,0.003920171062009979,0.005702066999287242,0.004989308624376337,7.1360964345574756,0.0,2.0,0.00437636761487965,0.27571115973741794,4.0,0.0087527352297593,12.0,15.0,7.0,36.0,2.0,0.00437636761487965,45.0,15.0,221.0,0.07875980042765503,0.002851033499643621,0.1162280701754386,0.02197802197802198,0.5339168490153172,6.0,0.01312910284463895,0.0003563791874554526,48.0,0.4660831509846827,213.0,0.002188183807439825,457.0
-0.1561415,0.0,1.1689919999999998,2246.0,-77.5851265,82.4074074074074,11.814814814814815,1.687830687830688,5.360501567398119,2273.0,0.0,0.007039155301363837,0.011878574571051475,0.0013198416190057193,7.143736113265934,0.0,8.0,0.025078369905956112,0.43260188087774293,0.0,0.0,11.0,15.0,4.0,11.0,6.0,0.018808777429467086,27.0,7.0,167.0,0.07347118345798505,0.0004399472063352398,0.0660377358490566,0.012618296529968454,0.40752351097178685,0.0,0.0,0.0,27.0,0.5924764890282131,189.0,0.0,319.0
-0.1561415,0.0,1.1689919999999998,2883.0,-77.5851265,75.0,12.026315789473685,1.8806584362139918,4.774617067833698,2920.0,0.0,0.004452054794520548,0.0061643835616438354,0.005136986301369863,7.363816091974445,0.0,2.0,0.00437636761487965,0.3522975929978118,2.0,0.00437636761487965,11.0,16.0,5.0,26.0,2.0,0.00437636761487965,37.0,14.0,204.0,0.06986301369863014,0.00034246575342465754,0.07236842105263158,0.008791208791208791,0.4682713347921226,4.0,0.0087527352297593,0.00034246575342465754,38.0,0.5317286652078774,243.0,0.0,457.0
-0.1561415,0.0,1.1689919999999998,2819.0,-77.5851265,73.23684210526316,10.31578947368421,1.4904942965779469,5.665816326530612,2850.0,0.0,0.004561403508771929,0.011578947368421053,0.002807017543859649,7.672313027284477,0.0,5.0,0.012755102040816327,0.5408163265306123,0.0,0.0,7.0,10.0,6.0,10.0,7.0,0.017857142857142856,31.0,10.0,168.0,0.05894736842105263,0.0017543859649122807,0.028132992327365727,0.002564102564102564,0.32908163265306123,0.0,0.0,0.0,38.0,0.6709183673469388,263.0,0.002551020408163265,392.0
-0.1561415,0.0,1.1689919999999998,3614.0,-77.5851265,87.39024390243902,14.682926829268293,2.1577060931899643,4.657807308970099,3647.0,0.0,0.0016451878256100905,0.007951741157115437,0.004112969564025226,7.452597833400643,0.0,4.0,0.006644518272425249,0.287375415282392,3.0,0.0049833887043189366,3.0,12.0,6.0,33.0,2.0,0.0033222591362126247,33.0,13.0,188.0,0.051549218535782836,0.00027419797093501506,0.07653910149750416,0.01,0.5365448504983389,3.0,0.0049833887043189366,0.0,41.0,0.4634551495016611,279.0,0.0,602.0
-0.1561415,0.0,1.1689919999999998,3554.0,-77.5851265,85.70731707317073,11.75609756097561,1.4218289085545723,5.9149377593361,3586.0,0.0,0.0019520356943669827,0.008923591745677636,0.0033463469046291134,8.104830241284075,0.0,10.0,0.02074688796680498,0.5622406639004149,0.0,0.0,9.0,9.0,7.0,14.0,6.0,0.012448132780082987,32.0,9.0,165.0,0.046012269938650305,0.0002788622420524261,0.02702702702702703,0.0020833333333333333,0.29668049792531115,0.0,0.0,0.0,41.0,0.7033195020746889,339.0,0.0,482.0
-0.1561415,0.0,1.1689919999999998,2329.0,-77.5851265,82.25,14.892857142857142,2.0643564356435644,4.256594724220624,2361.0,0.0,0.00042354934349851756,0.007623888182973317,0.004235493434985175,6.992285884547524,0.0,1.0,0.002398081534772182,0.3237410071942446,1.0,0.002398081534772182,0.0,6.0,6.0,27.0,1.0,0.002398081534772182,32.0,14.0,117.0,0.04955527318932656,0.0008470986869970351,0.09615384615384616,0.016867469879518072,0.5155875299760192,7.0,0.016786570743405275,0.0,28.0,0.4844124700239808,202.0,0.0,417.0
-0.1561415,0.0,1.1689919999999998,3175.0,-77.5851265,87.08333333333333,12.25,1.4044585987261147,5.696145124716553,3210.0,0.0,0.0009345794392523365,0.011214953271028037,0.002803738317757009,8.013425889227994,0.0,7.0,0.015873015873015872,0.564625850340136,0.0,0.0,7.0,12.0,6.0,10.0,5.0,0.011337868480725623,35.0,12.0,165.0,0.0514018691588785,0.00031152647975077883,0.006818181818181818,0.002277904328018223,0.28798185941043086,0.0,0.0,0.0,36.0,0.7120181405895691,314.0,0.0,441.0
-0.1561415,0.0,1.1689919999999998,3635.0,-77.5851265,102.85714285714286,16.97142857142857,2.1366906474820144,4.725589225589226,3674.0,0.0,0.0027218290691344584,0.009526401741970605,0.006804572672836146,7.3582072491471635,0.0,0.0,0.0,0.3282828282828283,2.0,0.003367003367003367,10.0,13.0,4.0,30.0,5.0,0.008417508417508417,39.0,15.0,192.0,0.0522591181273816,0.0,0.12647554806070826,0.03547297297297297,0.531986531986532,40.0,0.06734006734006734,0.00027218290691344586,35.0,0.468013468013468,278.0,0.0016835016835016834,594.0
-0.1561415,0.0,1.1689919999999998,3288.0,-77.5851265,77.4047619047619,10.357142857142858,1.4948453608247423,5.866666666666666,3337.0,0.0,0.003895714713814804,0.009889121965837579,0.005693736889421637,7.795689594524627,0.0,3.0,0.006896551724137931,0.5379310344827586,0.0,0.0,14.0,17.0,4.0,16.0,12.0,0.027586206896551724,49.0,20.0,222.0,0.0665268204974528,0.0008990110878034162,0.03225806451612903,0.0,0.3310344827586207,0.0,0.0,0.0,42.0,0.6689655172413793,291.0,0.004597701149425287,435.0
-0.1561415,0.0,1.1689919999999998,2120.0,-77.5851265,86.91666666666667,14.375,1.9273743016759777,4.568115942028985,2151.0,0.0,0.0032543003254300326,0.00604370060437006,0.00697350069735007,6.964290285979381,0.0,0.0,0.0,0.3507246376811594,1.0,0.002898550724637681,9.0,12.0,3.0,15.0,4.0,0.011594202898550725,31.0,11.0,149.0,0.06927010692701069,0.0,0.10755813953488372,0.026239067055393587,0.48115942028985503,26.0,0.07536231884057971,0.00046490004649000463,24.0,0.518840579710145,179.0,0.0,345.0
-0.1561415,0.0,1.1689919999999998,2392.0,-77.5851265,81.75862068965517,11.448275862068966,1.4625550660792952,5.620481927710843,2425.0,0.0,0.0032989690721649486,0.01154639175257732,0.00577319587628866,7.5292640190883215,0.0,5.0,0.015060240963855422,0.5331325301204819,0.0,0.0,4.0,10.0,6.0,9.0,9.0,0.02710843373493976,33.0,14.0,152.0,0.06268041237113402,0.0008247422680412372,0.03625377643504532,0.0030303030303030303,0.3162650602409639,1.0,0.0030120481927710845,0.0,29.0,0.6837349397590361,227.0,0.0,332.0
-0.1561415,0.0,1.1689919999999998,3448.0,-77.5851265,89.89473684210526,14.078947368421053,2.08984375,4.968224299065421,3479.0,0.0,0.004024144869215292,0.006323656223052601,0.0022995113538373095,7.355949894508338,0.0,0.0,0.0,0.3102803738317757,0.0,0.0,12.0,18.0,5.0,29.0,8.0,0.014953271028037384,31.0,9.0,218.0,0.06266168439206668,0.0005748778384593274,0.08614232209737828,0.009380863039399626,0.5214953271028038,12.0,0.022429906542056073,0.0002874389192296637,38.0,0.4785046728971963,256.0,0.013084112149532711,535.0
-0.1561415,0.0,1.1689919999999998,2940.0,-77.5851265,88.15151515151516,11.575757575757576,1.5403225806451613,6.115183246073299,2970.0,0.0,0.00404040404040404,0.00909090909090909,0.0016835016835016834,7.563007491204389,0.0,6.0,0.015706806282722512,0.5052356020942408,0.0,0.0,9.0,14.0,5.0,14.0,14.0,0.03664921465968586,30.0,10.0,174.0,0.05858585858585859,0.0006734006734006734,0.028871391076115485,0.005263157894736842,0.3507853403141361,0.0,0.0,0.0,33.0,0.6492146596858639,248.0,0.005235602094240838,382.0
-0.1561415,0.0,1.1689919999999998,3134.0,-77.5851265,94.0,15.181818181818182,2.096234309623431,4.832335329341317,3162.0,0.0,0.003478810879190386,0.006641366223908918,0.002213788741302973,7.290117195356178,0.0,0.0,0.0,0.31137724550898205,0.0,0.0,9.0,12.0,4.0,22.0,7.0,0.013972055888223553,28.0,10.0,180.0,0.056925996204933584,0.00031625553447185326,0.088,0.022044088176352707,0.5229540918163673,13.0,0.02594810379241517,0.0015812776723592662,33.0,0.47704590818363274,239.0,0.007984031936127744,501.0
-0.1561415,0.0,1.1689919999999998,2864.0,-77.5851265,78.63888888888889,10.61111111111111,1.5403225806451613,5.903141361256544,2888.0,0.0,0.0013850415512465374,0.010734072022160665,0.002770083102493075,7.590165467891718,0.0,6.0,0.015706806282722512,0.5052356020942408,0.0,0.0,9.0,15.0,4.0,11.0,11.0,0.028795811518324606,24.0,7.0,174.0,0.06024930747922438,0.00034626038781163435,0.026246719160104987,0.0,0.3507853403141361,0.0,0.0,0.0,36.0,0.6492146596858639,248.0,0.007853403141361256,382.0
-0.1561415,0.0,1.1689919999999998,3517.0,-77.5851265,91.6842105263158,14.578947368421053,2.2071713147410357,4.918772563176895,3552.0,0.0,0.0011261261261261261,0.007882882882882882,0.007601351351351352,7.1934221477557045,0.0,1.0,0.0018050541516245488,0.296028880866426,5.0,0.009025270758122744,8.0,16.0,6.0,29.0,4.0,0.007220216606498195,35.0,12.0,201.0,0.056587837837837836,0.0,0.13743218806509946,0.03260869565217391,0.5469314079422383,21.0,0.03790613718411552,0.0,38.0,0.45306859205776173,251.0,0.0018050541516245488,554.0
-0.1561415,0.0,1.1689919999999998,3137.0,-77.5851265,83.86486486486487,11.54054054054054,1.4377104377104377,5.798594847775176,3163.0,0.0,0.004110022130888397,0.010433133101485931,0.009168510907366425,7.865010218172622,0.0,8.0,0.01873536299765808,0.5690866510538641,0.0,0.0,10.0,14.0,6.0,13.0,5.0,0.0117096018735363,26.0,8.0,184.0,0.058172620929497314,0.0,0.04460093896713615,0.007058823529411765,0.3044496487119438,0.0,0.0,0.0,37.0,0.6955503512880562,297.0,0.0,427.0
-0.1561415,0.0,1.1689919999999998,2110.0,-77.5851265,80.1923076923077,14.26923076923077,2.096045197740113,4.261455525606469,2137.0,0.0,0.0018717828731867104,0.008423022929340197,0.0028076743097800653,6.81067901884683,0.0,2.0,0.005390835579514825,0.3288409703504043,2.0,0.005390835579514825,7.0,9.0,4.0,19.0,0.0,0.0,27.0,10.0,126.0,0.058961160505381374,0.0,0.12972972972972974,0.03523035230352303,0.522911051212938,26.0,0.07008086253369272,0.0004679457182966776,26.0,0.477088948787062,177.0,0.0,371.0
-0.1561415,0.0,1.1689919999999998,2376.0,-77.5851265,73.3125,10.75,1.3815261044176708,5.473837209302325,2398.0,0.0,0.0025020850708924102,0.01292743953294412,0.007506255212677231,7.713144134311131,0.0,8.0,0.023255813953488372,0.5843023255813954,0.0,0.0,4.0,3.0,4.0,8.0,5.0,0.014534883720930232,22.0,8.0,106.0,0.04420350291909925,0.0016680567139282735,0.02040816326530612,0.0,0.27616279069767447,0.0,0.0,0.0,32.0,0.7238372093023255,249.0,0.0,344.0
-0.1561415,0.0,1.1689919999999998,2812.0,-77.5851265,64.4186046511628,11.720930232558139,2.290909090909091,4.14484126984127,2849.0,0.0,0.004212004212004212,0.007371007371007371,0.002106002106002106,6.977466321616775,0.000351000351000351,2.0,0.003968253968253968,0.27380952380952384,1.0,0.001984126984126984,10.0,12.0,4.0,41.0,0.0,0.0,37.0,15.0,192.0,0.06739206739206739,0.000702000702000702,0.15109343936381708,0.035856573705179286,0.5634920634920635,33.0,0.06547619047619048,0.000351000351000351,43.0,0.4365079365079365,220.0,0.0,504.0
-0.1561415,0.0,1.1689919999999998,2435.0,-77.5851265,77.45161290322581,11.451612903225806,1.5042372881355932,5.335211267605634,2462.0,0.0,0.004061738424045491,0.012591389114541024,0.0020308692120227455,7.577108789699982,0.0,10.0,0.028169014084507043,0.504225352112676,0.0,0.0,6.0,9.0,5.0,10.0,6.0,0.016901408450704224,27.0,11.0,143.0,0.05808285946385053,0.0016246953696181965,0.0423728813559322,0.0113314447592068,0.3352112676056338,0.0,0.0,0.0,31.0,0.6647887323943662,236.0,0.0,355.0
-0.1561415,0.0,1.1689919999999998,3380.0,-77.5851265,68.28571428571429,12.285714285714286,2.263157894736842,4.119601328903655,3433.0,0.0,0.003495484998543548,0.00815613166326828,0.006990969997087096,7.228544634701854,0.00029129041654529564,7.0,0.011627906976744186,0.2823920265780731,0.0,0.0,10.0,16.0,6.0,48.0,0.0,0.0,53.0,21.0,250.0,0.07282260413632391,0.000873871249635887,0.11647254575707154,0.03333333333333333,0.5581395348837209,28.0,0.046511627906976744,0.0,49.0,0.4418604651162791,266.0,0.0,602.0
-0.1561415,0.0,1.1689919999999998,3055.0,-77.5851265,62.666666666666664,8.875,1.5661764705882353,5.577464788732394,3101.0,0.0,0.003869719445340213,0.009351821992905514,0.0051596259271202835,7.772971997842879,0.0,6.0,0.014084507042253521,0.4671361502347418,0.0,0.0,10.0,11.0,5.0,10.0,5.0,0.011737089201877934,46.0,20.0,194.0,0.06256046436633345,0.0012899064817800709,0.05176470588235294,0.009433962264150943,0.3615023474178404,3.0,0.007042253521126761,0.0,48.0,0.6384976525821596,272.0,0.011737089201877934,426.0
-0.1561415,0.0,1.1689919999999998,2705.0,-77.5851265,78.70588235294117,13.411764705882353,2.2686567164179103,4.484649122807017,2733.0,0.0,0.002561287961946579,0.007683863885839737,0.00951335528723015,6.974530411898111,0.0,4.0,0.008771929824561403,0.2807017543859649,0.0,0.0,6.0,16.0,5.0,30.0,2.0,0.0043859649122807015,28.0,10.0,176.0,0.06439809732894256,0.00036589828027808267,0.16043956043956045,0.05066079295154185,0.5592105263157895,20.0,0.043859649122807015,0.00036589828027808267,34.0,0.4407894736842105,201.0,0.0,456.0
-0.1561415,0.0,1.1689919999999998,2490.0,-77.5851265,74.45454545454545,10.515151515151516,1.4518828451882846,5.61671469740634,2517.0,0.0,0.003972983710766786,0.009535160905840286,0.0059594755661501785,7.600529557985091,0.0003972983710766786,4.0,0.011527377521613832,0.5417867435158501,0.0,0.0,6.0,11.0,5.0,11.0,3.0,0.008645533141210375,27.0,9.0,151.0,0.059992054032578464,0.0007945967421533572,0.028901734104046242,0.0,0.3112391930835735,1.0,0.002881844380403458,0.0,33.0,0.6887608069164265,239.0,0.0,347.0
-0.1561415,0.0,1.1689919999999998,1835.0,-77.5851265,75.54166666666667,13.541666666666666,2.018633540372671,4.172307692307692,1855.0,0.0,0.0037735849056603774,0.00431266846361186,0.009164420485175202,6.7378757261801585,0.0,0.0,0.0,0.3384615384615385,0.0,0.0,6.0,12.0,4.0,23.0,0.0,0.0,20.0,6.0,127.0,0.06846361185983828,0.0,0.13271604938271606,0.018575851393188854,0.5046153846153847,20.0,0.06153846153846154,0.0,24.0,0.49538461538461537,161.0,0.0,325.0
-0.1561415,0.0,1.1689919999999998,1877.0,-77.5851265,63.93103448275862,9.310344827586206,1.542857142857143,5.337037037037037,1901.0,0.0,0.0026301946344029457,0.009468700683850605,0.010520778537611783,7.15902404738355,0.0,12.0,0.044444444444444446,0.4666666666666667,0.0,0.0,7.0,9.0,5.0,9.0,2.0,0.007407407407407408,24.0,7.0,121.0,0.06365071015255129,0.0,0.06691449814126393,0.011194029850746268,0.35185185185185186,0.0,0.0,0.0,29.0,0.6481481481481481,175.0,0.0,270.0
-0.1561415,0.0,1.1689919999999998,3909.0,-77.5851265,110.91428571428571,17.6,1.9190031152647975,5.0146103896103895,3940.0,0.0,0.0010152284263959391,0.007106598984771574,0.0017766497461928934,7.598130134823402,0.0,17.0,0.027597402597402596,0.3814935064935065,1.0,0.0016233766233766235,4.0,10.0,8.0,28.0,7.0,0.011363636363636364,31.0,10.0,178.0,0.04517766497461929,0.0,0.07804878048780488,0.004885993485342019,0.47889610389610393,7.0,0.011363636363636364,0.0010152284263959391,35.0,0.5211038961038961,321.0,0.0,616.0
-0.1561415,0.0,1.1689919999999998,3333.0,-77.5851265,94.31428571428572,12.314285714285715,1.359621451104101,6.34338747099768,3361.0,0.0,0.0005950609937518596,0.011901219875037191,0.0020827134781315083,8.05424587271781,0.0,11.0,0.025522041763341066,0.5986078886310905,0.0,0.0,2.0,3.0,8.0,10.0,6.0,0.013921113689095127,28.0,10.0,136.0,0.04046414757512645,0.0,0.013953488372093023,0.002331002331002331,0.26450116009280744,0.0,0.0,0.0002975304968759298,35.0,0.7354988399071926,317.0,0.0,431.0
-0.1561415,0.0,1.1689919999999998,4113.0,-77.5851265,99.48780487804878,16.0,2.0825396825396827,4.9435975609756095,4144.0,0.0,0.0009652509652509653,0.00723938223938224,0.0019305019305019305,7.510483436873599,0.0,9.0,0.013719512195121951,0.3307926829268293,2.0,0.003048780487804878,2.0,10.0,9.0,36.0,4.0,0.006097560975609756,31.0,11.0,194.0,0.04681467181467181,0.0,0.10076335877862595,0.022935779816513763,0.5198170731707317,4.0,0.006097560975609756,0.0012065637065637065,41.0,0.4801829268292683,315.0,0.0,656.0
-0.1561415,0.0,1.1689919999999998,3220.0,-77.5851265,91.14285714285714,12.371428571428572,1.3241590214067278,6.053117782909931,3249.0,0.0,0.0009233610341643582,0.0110803324099723,0.0021545090797168358,8.084676259877043,0.0,11.0,0.025404157043879907,0.6443418013856813,0.0,0.0,2.0,2.0,8.0,9.0,6.0,0.013856812933025405,29.0,10.0,131.0,0.04032009849184364,0.0003077870113881194,0.020833333333333332,0.004640371229698376,0.24480369515011546,0.0,0.0,0.0,35.0,0.7551963048498845,327.0,0.0,433.0
-0.1561415,0.0,1.1689919999999998,3277.0,-77.5851265,79.41463414634147,13.75609756097561,2.160919540229885,4.349290780141844,3325.0,0.0,0.002105263157894737,0.009022556390977444,0.0033082706766917294,7.265318751839338,0.0003007518796992481,6.0,0.010638297872340425,0.3049645390070922,2.0,0.0035460992907801418,9.0,8.0,7.0,30.0,4.0,0.0070921985815602835,48.0,17.0,227.0,0.06827067669172933,0.0003007518796992481,0.11545293072824156,0.023131672597864767,0.5372340425531915,46.0,0.08156028368794327,0.0003007518796992481,41.0,0.4627659574468085,261.0,0.0035460992907801418,564.0
-0.1561415,0.0,1.1689919999999998,2972.0,-77.5851265,62.5531914893617,8.893617021276595,1.4217687074829932,5.478468899521531,3009.0,0.0,0.0026586905948820204,0.009970089730807577,0.003988035892323031,7.9193959601602995,0.00033233632436025255,7.0,0.01674641148325359,0.562200956937799,0.0,0.0,11.0,7.0,7.0,9.0,3.0,0.007177033492822967,37.0,10.0,218.0,0.07244931871053506,0.0009970089730807576,0.02158273381294964,0.0,0.2966507177033493,3.0,0.007177033492822967,0.0,47.0,0.7033492822966507,294.0,0.0023923444976076554,418.0
-0.1561415,0.0,1.1689919999999998,3573.0,-77.5851265,86.3170731707317,14.585365853658537,2.1056338028169015,4.528428093645485,3611.0,0.0,0.0030462475768485184,0.008307947936859596,0.002215452783162559,7.277575363964484,0.0,2.0,0.0033444816053511705,0.35618729096989965,2.0,0.0033444816053511705,10.0,13.0,8.0,31.0,2.0,0.0033444816053511705,38.0,11.0,227.0,0.0628634727222376,0.00027693159789531985,0.1373534338358459,0.05536912751677853,0.5250836120401338,49.0,0.08193979933110368,0.0005538631957906397,41.0,0.47491638795986624,284.0,0.0,598.0
-0.1561415,0.0,1.1689919999999998,3390.0,-77.5851265,78.0,11.093023255813954,1.4498480243161094,5.563941299790357,3424.0,0.0,0.0020443925233644858,0.011098130841121495,0.0020443925233644858,8.00064514742205,0.0,11.0,0.023060796645702306,0.5660377358490566,0.0,0.0,8.0,7.0,8.0,13.0,5.0,0.010482180293501049,34.0,10.0,212.0,0.06191588785046729,0.0011682242990654205,0.018907563025210083,0.002105263157894737,0.310272536687631,1.0,0.0020964360587002098,0.0,43.0,0.689727463312369,329.0,0.006289308176100629,477.0
-0.1561415,0.0,1.1689919999999998,3929.0,-77.5851265,100.07692307692308,16.53846153846154,2.1717171717171717,4.67906976744186,3971.0,0.0,0.002770083102493075,0.006295643414756988,0.004784688995215311,7.449145859106686,0.0,0.0,0.0,0.3116279069767442,1.0,0.0015503875968992248,10.0,11.0,7.0,34.0,2.0,0.0031007751937984496,42.0,13.0,230.0,0.05791991941576429,0.0002518257365902795,0.11024844720496894,0.01866251944012442,0.5395348837209302,20.0,0.031007751937984496,0.0007554772097708386,39.0,0.4604651162790698,297.0,0.0015503875968992248,645.0
-0.1561415,0.0,1.1689919999999998,3416.0,-77.5851265,102.66666666666667,14.151515151515152,1.4778481012658229,5.832976445396145,3448.0,0.0,0.002900232018561485,0.0095707656612529,0.007830626450116009,7.966144988677834,0.0,5.0,0.010706638115631691,0.5353319057815846,0.0,0.0,9.0,9.0,7.0,15.0,5.0,0.010706638115631691,32.0,9.0,173.0,0.05017401392111369,0.0,0.023605150214592276,0.002150537634408602,0.3233404710920771,1.0,0.0021413276231263384,0.0,33.0,0.6766595289079229,316.0,0.0,467.0
-0.1561415,0.0,1.1689919999999998,3242.0,-77.5851265,88.97222222222223,15.027777777777779,2.12992125984252,4.510166358595194,3276.0,0.0,0.0027472527472527475,0.007326007326007326,0.007326007326007326,7.271300963647569,0.0,1.0,0.0018484288354898336,0.3123844731977819,1.0,0.0018484288354898336,11.0,17.0,6.0,38.0,1.0,0.0018484288354898336,34.0,10.0,218.0,0.06654456654456654,0.0,0.09074074074074075,0.0074211502782931356,0.5304990757855823,18.0,0.033271719038817,0.00030525030525030525,36.0,0.46950092421441775,254.0,0.0018484288354898336,541.0
-0.1561415,0.0,1.1689919999999998,3238.0,-77.5851265,94.52941176470588,13.529411764705882,1.619718309859155,5.334782608695652,3283.0,0.0,0.0039597928723728295,0.008833384099908621,0.02071276271702711,7.754382073505995,0.0,11.0,0.02391304347826087,0.45217391304347826,0.0,0.0,12.0,18.0,6.0,18.0,4.0,0.008695652173913044,45.0,12.0,237.0,0.0721900700578739,0.0,0.05228758169934641,0.006550218340611353,0.3826086956521739,0.0,0.0,0.0,34.0,0.6173913043478261,284.0,0.0,460.0
-0.1561415,0.0,1.1689919999999998,2854.0,-77.5851265,91.35483870967742,16.419354838709676,2.0860655737704916,4.296660117878193,2883.0,0.0,0.001040582726326743,0.007630939993062782,0.002774887270204648,7.1424255788232776,0.0,0.0,0.0,0.32023575638506874,5.0,0.009823182711198428,1.0,5.0,5.0,35.0,4.0,0.007858546168958742,29.0,13.0,148.0,0.05133541449878599,0.000346860908775581,0.10039370078740158,0.021696252465483234,0.5206286836935168,9.0,0.01768172888015717,0.001040582726326743,31.0,0.4793713163064833,244.0,0.015717092337917484,509.0
-0.1561415,0.0,1.1689919999999998,2700.0,-77.5851265,92.20689655172414,13.137931034482758,1.4597701149425288,5.603674540682415,2725.0,0.0,0.0014678899082568807,0.014311926605504587,0.0022018348623853213,7.68832850439833,0.0003669724770642202,7.0,0.01837270341207349,0.5511811023622047,0.0,0.0,4.0,5.0,5.0,12.0,7.0,0.01837270341207349,25.0,9.0,120.0,0.044036697247706424,0.0003669724770642202,0.031578947368421054,0.005277044854881266,0.31496062992125984,2.0,0.005249343832020997,0.0,29.0,0.6850393700787402,261.0,0.0,381.0
-0.1561415,0.0,1.1689919999999998,3821.0,-77.5851265,80.42553191489361,14.085106382978724,2.088328075709779,4.429003021148036,3860.0,0.0,0.0007772020725388601,0.009067357512953367,0.0018134715025906736,7.474920279718155,0.0,2.0,0.0030211480362537764,0.3202416918429003,3.0,0.004531722054380665,5.0,4.0,6.0,37.0,5.0,0.0075528700906344415,39.0,15.0,204.0,0.05284974093264249,0.0005181347150259067,0.09531013615733737,0.010606060606060607,0.5211480362537764,13.0,0.019637462235649546,0.0005181347150259067,47.0,0.4788519637462236,317.0,0.019637462235649546,662.0
-0.1561415,0.0,1.1689919999999998,3393.0,-77.5851265,88.21052631578948,12.5,1.4660493827160495,5.671578947368421,3425.0,0.0,0.0017518248175182481,0.015182481751824817,0.0020437956204379564,7.937849063040577,0.0,9.0,0.018947368421052633,0.5621052631578948,0.0,0.0,2.0,11.0,6.0,13.0,13.0,0.02736842105263158,32.0,13.0,170.0,0.049635036496350364,0.0008759124087591241,0.0189873417721519,0.0,0.31789473684210523,1.0,0.002105263157894737,0.0,38.0,0.6821052631578948,324.0,0.02526315789473684,475.0
-0.1561415,0.0,1.1689919999999998,4363.0,-77.5851265,96.26666666666667,14.644444444444444,1.9101449275362319,5.118361153262519,4404.0,0.0,0.003178928247048138,0.006130790190735695,0.0020435967302452314,7.653743654980574,0.0,0.0,0.0,0.3945371775417299,3.0,0.004552352048558422,13.0,18.0,7.0,52.0,4.0,0.006069802731411229,41.0,12.0,288.0,0.0653950953678474,0.0,0.11398176291793313,0.0426179604261796,0.4764795144157815,5.0,0.007587253414264037,0.00022706630336058128,45.0,0.5235204855842185,345.0,0.0,659.0
-0.1561415,0.0,1.1689919999999998,3782.0,-77.5851265,101.27027027027027,13.27027027027027,1.4744744744744744,6.109979633401222,3819.0,0.0,0.003665881120712228,0.009164702801780571,0.003927729772191673,7.856765805658793,0.0,13.0,0.026476578411405296,0.5784114052953157,0.0,0.0,12.0,18.0,7.0,23.0,10.0,0.020366598778004074,37.0,10.0,213.0,0.05577376276512176,0.0,0.05918367346938776,0.024539877300613498,0.32179226069246436,0.0,0.0,0.0,37.0,0.6782077393075356,333.0,0.0,491.0
-0.1561415,0.0,1.1689919999999998,4435.0,-77.5851265,81.29629629629629,13.5,2.036312849162011,4.577503429355281,4484.0,0.0,0.0044603033006244425,0.007582515611061552,0.0028991971454058875,7.548668320862653,0.00022301516503122213,0.0,0.0,0.3676268861454047,0.0,0.0,18.0,22.0,6.0,66.0,4.0,0.0054869684499314125,49.0,16.0,314.0,0.07002676181980375,0.0008920606601248885,0.13324175824175824,0.037138927097661624,0.5089163237311385,4.0,0.0054869684499314125,0.00022301516503122213,54.0,0.49108367626886146,358.0,0.0013717421124828531,729.0
-0.1561415,0.0,1.1689919999999998,3284.0,-77.5851265,87.83783783783784,12.324324324324325,1.4757281553398058,5.640350877192983,3316.0,0.0,0.0033172496984318458,0.011158021712907118,0.0024125452352231603,7.826883970032857,0.0,11.0,0.02412280701754386,0.5723684210526315,0.0,0.0,10.0,15.0,6.0,18.0,6.0,0.013157894736842105,32.0,9.0,185.0,0.05579010856453558,0.0,0.06153846153846154,0.024229074889867842,0.3223684210526315,2.0,0.0043859649122807015,0.0,37.0,0.6776315789473685,309.0,0.0,456.0
-0.1561415,0.0,1.1689919999999998,4163.0,-77.5851265,85.83333333333333,14.3125,2.1138461538461537,4.538573508005823,4215.0,0.0,0.0045077105575326215,0.007354685646500593,0.0018979833926453143,7.500467277676891,0.0,4.0,0.005822416302765648,0.3231441048034934,2.0,0.002911208151382824,14.0,22.0,5.0,52.0,2.0,0.002911208151382824,52.0,20.0,283.0,0.06714116251482799,0.00023724792408066428,0.10495626822157435,0.032116788321167884,0.5269286754002911,38.0,0.055312954876273655,0.0,48.0,0.47307132459970885,325.0,0.001455604075691412,687.0
-0.1561415,0.0,1.1689919999999998,3927.0,-77.5851265,86.15555555555555,11.777777777777779,1.501416430594901,5.781132075471698,3971.0,0.0,0.004532863258625032,0.013598589775875095,0.0030219088390833542,8.13598758361756,0.0,12.0,0.022641509433962263,0.5132075471698113,0.0,0.0,14.0,22.0,6.0,12.0,8.0,0.01509433962264151,44.0,17.0,257.0,0.06471921430370184,0.001007302946361118,0.04158790170132325,0.017045454545454544,0.33396226415094343,1.0,0.0018867924528301887,0.0,45.0,0.6660377358490566,353.0,0.0018867924528301887,530.0
-0.1561415,0.0,1.1689919999999998,3971.0,-77.5851265,83.72340425531915,13.48936170212766,1.9507692307692308,4.8627760252365935,4006.0,0.0,0.0032451323015476783,0.008237643534697954,0.0022466300549176237,7.515716370934975,0.0,4.0,0.006309148264984227,0.37697160883280756,5.0,0.007886435331230283,9.0,10.0,7.0,47.0,1.0,0.0015772870662460567,35.0,11.0,218.0,0.054418372441337994,0.00024962556165751375,0.07582938388625593,0.014240506329113924,0.4873817034700315,24.0,0.03785488958990536,0.0,47.0,0.5126182965299685,325.0,0.0,634.0
-0.1561415,0.0,1.1689919999999998,3366.0,-77.5851265,81.2439024390244,10.878048780487806,1.3981191222570533,5.930493273542601,3402.0,0.0,0.0049970605526161085,0.011757789535567314,0.003821281599059377,7.97647220062461,0.0,12.0,0.026905829596412557,0.6053811659192825,0.0,0.0,12.0,16.0,6.0,11.0,10.0,0.02242152466367713,36.0,10.0,210.0,0.06172839506172839,0.0008818342151675485,0.020224719101123594,0.0045045045045045045,0.2847533632286996,0.0,0.0,0.0,41.0,0.7152466367713004,319.0,0.002242152466367713,446.0
-0.1561415,0.0,1.1689919999999998,3368.0,-77.5851265,92.75,15.444444444444445,2.0441176470588234,4.625899280575539,3395.0,0.0,0.00235640648011782,0.007069219440353461,0.002061855670103093,7.330950737260971,0.0,0.0,0.0,0.34532374100719426,2.0,0.0035971223021582736,8.0,16.0,5.0,33.0,3.0,0.00539568345323741,27.0,8.0,216.0,0.06362297496318114,0.0,0.11171171171171171,0.016245487364620937,0.5107913669064748,39.0,0.07014388489208633,0.0002945508100147275,36.0,0.4892086330935252,272.0,0.0,556.0
-0.1561415,0.0,1.1689919999999998,3154.0,-77.5851265,84.27027027027027,12.216216216216216,1.516778523489933,5.495575221238938,3181.0,0.0,0.0031436655139893115,0.010059729644765796,0.0028292989625903803,7.8361001345769115,0.00031436655139893113,7.0,0.015486725663716814,0.5176991150442478,0.0,0.0,5.0,9.0,6.0,12.0,10.0,0.022123893805309734,27.0,9.0,158.0,0.049669915121031125,0.0,0.06651884700665188,0.015555555555555555,0.3407079646017699,3.0,0.00663716814159292,0.0,37.0,0.6592920353982301,298.0,0.0,452.0
-0.1561415,0.0,1.1689919999999998,3241.0,-77.5851265,84.13157894736842,15.131578947368421,2.0758122743682312,4.32,3273.0,0.0,0.0012221203788573174,0.007638252367858234,0.005499541704857928,7.340263934661424,0.0,0.0,0.0,0.33043478260869563,3.0,0.0052173913043478265,0.0,6.0,6.0,31.0,2.0,0.0034782608695652175,32.0,14.0,172.0,0.05255117629086465,0.0,0.15156794425087108,0.038394415357766144,0.5182608695652173,51.0,0.08869565217391304,0.0006110601894286587,38.0,0.4817391304347826,277.0,0.0034782608695652175,575.0
-0.1561415,0.0,1.1689919999999998,2639.0,-77.5851265,64.875,9.35,1.4274809160305344,5.457219251336898,2669.0,0.0,0.0026227051330086175,0.011989509179467965,0.004496065942300487,7.7182176103044675,0.0,4.0,0.0106951871657754,0.5614973262032086,0.0,0.0,8.0,9.0,5.0,11.0,10.0,0.026737967914438502,30.0,9.0,155.0,0.05807418508804796,0.0003746721618583739,0.03753351206434316,0.008064516129032258,0.2994652406417112,2.0,0.0053475935828877,0.0,40.0,0.7005347593582888,262.0,0.00267379679144385,374.0
-0.1561415,0.0,1.1689919999999998,3046.0,-77.5851265,88.79411764705883,16.176470588235293,2.330508474576271,4.109090909090909,3087.0,0.0,0.0025915127955944283,0.008746355685131196,0.004211208292840946,7.01339670581911,0.0,1.0,0.0018181818181818182,0.2781818181818182,3.0,0.005454545454545455,5.0,14.0,7.0,46.0,0.0,0.0,41.0,17.0,197.0,0.0638160025915128,0.0006478781988986071,0.14571948998178508,0.032846715328467155,0.5709090909090909,29.0,0.05272727272727273,0.0,34.0,0.4290909090909091,236.0,0.0018181818181818182,550.0
-0.1561415,0.0,1.1689919999999998,2572.0,-77.5851265,74.73529411764706,10.823529411764707,1.4959349593495934,5.440217391304348,2604.0,0.0,0.004224270353302612,0.01228878648233487,0.002304147465437788,7.648305943922178,0.00038402457757296467,7.0,0.019021739130434784,0.4945652173913043,0.0,0.0,9.0,10.0,5.0,9.0,8.0,0.021739130434782608,32.0,10.0,154.0,0.05913978494623656,0.001152073732718894,0.05449591280653951,0.01366120218579235,0.3315217391304348,0.0,0.0,0.0,34.0,0.6684782608695652,246.0,0.0,368.0
-0.1561415,0.0,1.1689919999999998,3411.0,-77.5851265,76.68181818181819,13.590909090909092,2.282442748091603,4.210702341137123,3462.0,0.0,0.00462160600808781,0.007221259387637204,0.0034662045060658577,7.228753114558467,0.0,1.0,0.0016722408026755853,0.2725752508361204,0.0,0.0,10.0,16.0,7.0,41.0,0.0,0.0,51.0,19.0,254.0,0.07336799537839399,0.0008665511265164644,0.10720268006700168,0.015100671140939598,0.5618729096989967,26.0,0.043478260869565216,0.00028885037550548814,44.0,0.43812709030100333,262.0,0.0033444816053511705,598.0
-0.1561415,0.0,1.1689919999999998,3052.0,-77.5851265,53.392857142857146,7.767857142857143,1.5703971119133573,5.358620689655172,3089.0,0.0,0.0032372936225315637,0.009388151505341535,0.0032372936225315637,7.751171993346654,0.0003237293622531564,6.0,0.013793103448275862,0.4666666666666667,0.0,0.0,10.0,18.0,8.0,14.0,5.0,0.011494252873563218,37.0,11.0,225.0,0.07283910650696018,0.0016186468112657818,0.04377880184331797,0.004618937644341801,0.3632183908045977,4.0,0.009195402298850575,0.0,56.0,0.6367816091954023,277.0,0.013793103448275862,435.0
-0.1561415,0.0,1.1689919999999998,2339.0,-77.5851265,77.06666666666666,13.166666666666666,2.2832369942196533,4.329113924050633,2371.0,0.0,0.003374103753690426,0.008013496415014762,0.010965837199493884,6.773380631599394,0.0,0.0,0.0,0.27848101265822783,0.0,0.0,10.0,18.0,5.0,22.0,0.0,0.0,32.0,10.0,189.0,0.07971320118093632,0.0,0.19035532994923857,0.08396946564885496,0.5620253164556962,19.0,0.04810126582278481,0.0,30.0,0.4379746835443038,173.0,0.0,395.0
-0.1561415,0.0,1.1689919999999998,2507.0,-77.5851265,82.9,11.833333333333334,1.6359447004608294,5.433802816901409,2535.0,0.0,0.002366863905325444,0.011439842209072978,0.007889546351084813,7.408196094247143,0.0003944773175542406,6.0,0.016901408450704224,0.4253521126760563,0.0,0.0,8.0,12.0,5.0,13.0,3.0,0.008450704225352112,28.0,10.0,168.0,0.06627218934911243,0.0003944773175542406,0.059322033898305086,0.0113314447592068,0.3887323943661972,0.0,0.0,0.0,30.0,0.6112676056338028,217.0,0.0,355.0
-0.1561415,0.0,1.1689919999999998,2030.0,-77.5851265,80.16,14.32,2.1566265060240966,4.162011173184357,2053.0,0.0,0.0029225523623964927,0.00974184120798831,0.00974184120798831,6.76760866999167,0.0,0.0,0.0,0.3100558659217877,0.0,0.0,8.0,12.0,4.0,18.0,0.0,0.0,23.0,7.0,147.0,0.07160253287871407,0.0,0.12605042016806722,0.025280898876404494,0.5363128491620112,27.0,0.07541899441340782,0.0,25.0,0.46368715083798884,166.0,0.0,358.0
-0.1561415,0.0,1.1689919999999998,1839.0,-77.5851265,72.56,10.96,1.5393258426966292,5.156934306569343,1861.0,0.0,0.0037614185921547557,0.012358946802794197,0.00967221923696937,7.076122286350264,0.0,7.0,0.025547445255474453,0.5109489051094891,0.0,0.0,8.0,7.0,4.0,10.0,2.0,0.0072992700729927005,22.0,6.0,109.0,0.05857066093498119,0.0005373455131649651,0.04395604395604396,0.003676470588235294,0.35036496350364965,1.0,0.0036496350364963502,0.0,25.0,0.6496350364963503,178.0,0.0,274.0
-0.1561415,0.0,1.1689919999999998,3964.0,-77.5851265,96.09756097560975,15.658536585365853,2.118811881188119,4.805295950155763,3994.0,0.0,0.0015022533800701052,0.00801201802704056,0.0017526289434151227,7.492041615409907,0.0,25.0,0.03894080996884735,0.32554517133956384,0.0,0.0,4.0,12.0,8.0,28.0,5.0,0.00778816199376947,30.0,10.0,215.0,0.05383074611917877,0.000500751126690035,0.093603744149766,0.0203125,0.5280373831775701,3.0,0.004672897196261682,0.00100150225338007,41.0,0.4719626168224299,303.0,0.0,642.0
-0.1561415,0.0,1.1689919999999998,3334.0,-77.5851265,97.1470588235294,13.294117647058824,1.3614457831325302,5.995575221238938,3360.0,0.0,0.0005952380952380953,0.011904761904761904,0.0020833333333333333,8.061582477786398,0.0,10.0,0.022123893805309734,0.6194690265486725,0.0,0.0,0.0,4.0,8.0,13.0,3.0,0.00663716814159292,26.0,10.0,136.0,0.04047619047619048,0.0,0.022172949002217297,0.0044444444444444444,0.2654867256637168,0.0,0.0,0.0,34.0,0.7345132743362832,332.0,0.0,452.0
-0.1561415,0.0,1.1689919999999998,3789.0,-77.5851265,107.31428571428572,17.34285714285714,1.9967105263157894,4.952224052718287,3818.0,0.0,0.000785751702462022,0.006809848088004191,0.0018334206390780514,7.505978181008336,0.0,11.0,0.018121911037891267,0.35090609555189456,0.0,0.0,3.0,6.0,8.0,29.0,2.0,0.0032948929159802307,29.0,10.0,152.0,0.03981141959140912,0.0,0.0891089108910891,0.011570247933884297,0.49917627677100496,4.0,0.006589785831960461,0.000785751702462022,35.0,0.500823723228995,304.0,0.0,607.0
-0.1561415,0.0,1.1689919999999998,3262.0,-77.5851265,104.3225806451613,14.451612903225806,1.3784615384615384,5.924107142857143,3288.0,0.0,0.0006082725060827251,0.012469586374695864,0.002737226277372263,8.052395113593818,0.0,11.0,0.024553571428571428,0.5982142857142857,0.0,0.0,0.0,3.0,8.0,11.0,4.0,0.008928571428571428,26.0,10.0,126.0,0.03832116788321168,0.0,0.020134228187919462,0.004484304932735426,0.2745535714285714,0.0,0.0,0.0,31.0,0.7254464285714286,325.0,0.0,448.0
-0.1561415,0.0,1.1689919999999998,5047.0,-77.5851265,83.41666666666667,12.816666666666666,1.9321608040201006,5.041612483745124,5100.0,0.0,0.003137254901960784,0.007647058823529412,0.0027450980392156863,7.7659397419422,0.0,0.0,0.0,0.39011703511053314,1.0,0.0013003901170351106,19.0,20.0,8.0,58.0,5.0,0.006501950585175552,53.0,14.0,348.0,0.06823529411764706,0.0,0.12239583333333333,0.0469361147327249,0.48244473342002603,0.0,0.0,0.000392156862745098,60.0,0.517555266579974,398.0,0.0013003901170351106,769.0
-0.1561415,0.0,1.1689919999999998,3821.0,-77.5851265,87.90697674418605,11.744186046511627,1.5165165165165164,5.98019801980198,3858.0,0.0,0.00336962156557802,0.010368066355624676,0.002592016588906169,7.920690804404749,0.0,13.0,0.02574257425742574,0.5366336633663367,0.0,0.0,12.0,19.0,7.0,13.0,9.0,0.01782178217821782,37.0,10.0,224.0,0.058061171591498185,0.0,0.057539682539682536,0.02584493041749503,0.34059405940594056,0.0,0.0,0.0,43.0,0.6594059405940594,333.0,0.0019801980198019802,505.0
-0.1561415,0.0,1.1689919999999998,3762.0,-77.5851265,80.84782608695652,13.58695652173913,1.8712574850299402,4.6144,3806.0,0.0,0.0021019442984760903,0.008933263268523384,0.002890173410404624,7.531347665769477,0.0,8.0,0.0128,0.3984,3.0,0.0048,8.0,9.0,6.0,57.0,2.0,0.0032,44.0,18.0,219.0,0.05754072517078297,0.0018392012611665792,0.09134615384615384,0.01765650080256822,0.4656,0.0,0.0,0.0002627430373095113,46.0,0.5344,334.0,0.0016,625.0
-0.1561415,0.0,1.1689919999999998,3547.0,-77.5851265,78.08888888888889,10.822222222222223,1.4537313432835821,5.716632443531828,3582.0,0.0,0.002512562814070352,0.010329424902289224,0.0033500837520938024,8.004258506353079,0.0,9.0,0.018480492813141684,0.5708418891170431,0.0,0.0,13.0,16.0,6.0,12.0,7.0,0.014373716632443531,35.0,9.0,204.0,0.05695142378559464,0.002512562814070352,0.030864197530864196,0.008247422680412371,0.3121149897330595,2.0,0.004106776180698152,0.0,45.0,0.6878850102669405,335.0,0.0,487.0
-0.1561415,0.0,1.1689919999999998,5726.0,-77.5851265,84.8955223880597,12.671641791044776,2.1603053435114505,5.083627797408716,5788.0,0.0,0.0055286800276434,0.006219765031098825,0.002246026261230131,7.719160791546795,0.0,0.0,0.0,0.33451118963486454,1.0,0.001177856301531213,21.0,41.0,6.0,52.0,3.0,0.0035335689045936395,62.0,16.0,457.0,0.0789564616447823,0.0,0.11674528301886793,0.021251475796930343,0.5371024734982333,5.0,0.005889281507656066,0.0,67.0,0.4628975265017668,393.0,0.002355712603062426,849.0
-0.1561415,0.0,1.1689919999999998,4593.0,-77.5851265,91.1,12.08,1.473170731707317,5.895695364238411,4653.0,0.0,0.0070921985815602835,0.0051579626047711154,0.004513217279174726,8.195304465863886,0.0,16.0,0.026490066225165563,0.5728476821192053,0.0,0.0,23.0,36.0,5.0,28.0,4.0,0.006622516556291391,60.0,20.0,315.0,0.06769825918762089,0.0002149151085321298,0.03814262023217247,0.008305647840531562,0.3211920529801324,0.0,0.0,0.0,50.0,0.6788079470198676,410.0,0.0033112582781456954,604.0
-0.1561415,0.0,1.1689919999999998,4858.0,-77.5851265,119.875,17.1,1.8688524590163935,5.166666666666667,4917.0,0.0,0.007118161480577588,0.0044742729306487695,0.004270896888346553,7.764847309863961,0.0,2.0,0.0029239766081871343,0.3991228070175439,1.0,0.0014619883040935672,30.0,38.0,6.0,34.0,1.0,0.0014619883040935672,59.0,12.0,438.0,0.08907870652837095,0.0,0.08638360175695461,0.021994134897360705,0.4649122807017544,1.0,0.0014619883040935672,0.0,40.0,0.5350877192982456,366.0,0.0014619883040935672,684.0
-0.1561415,0.0,1.1689919999999998,4637.0,-77.5851265,74.57377049180327,9.327868852459016,1.5052910052910053,6.033391915641476,4703.0,0.0,0.007654688496704231,0.00425260472039124,0.0034020837763129915,8.11087073291315,0.0,19.0,0.033391915641476276,0.5325131810193322,0.0,0.0,30.0,39.0,5.0,20.0,4.0,0.007029876977152899,66.0,21.0,401.0,0.08526472464384435,0.0006378907080586859,0.051056338028169015,0.012345679012345678,0.335676625659051,0.0,0.0,0.0,61.0,0.664323374340949,378.0,0.0,569.0
-0.1561415,0.0,1.1689919999999998,4478.0,-77.5851265,106.0952380952381,15.642857142857142,1.8825214899713467,5.042617960426179,4542.0,0.0,0.00726552179656539,0.008146191105239982,0.0035226772346983706,7.7670211464849634,0.0,0.0,0.0,0.3850837138508371,0.0,0.0,20.0,37.0,7.0,23.0,1.0,0.0015220700152207,64.0,17.0,408.0,0.08982826948480846,0.0,0.05945121951219512,0.007633587786259542,0.4687975646879756,31.0,0.0471841704718417,0.0,42.0,0.5312024353120244,349.0,0.0015220700152207,657.0
-0.1561415,0.0,1.1689919999999998,3782.0,-77.5851265,114.06060606060606,14.484848484848484,1.4890965732087227,6.135983263598327,3826.0,0.0,0.004704652378463147,0.007318348144276007,0.0026136957658128594,7.900907478220676,0.0,13.0,0.027196652719665274,0.5460251046025104,0.0,0.0,12.0,23.0,7.0,20.0,0.0,0.0,44.0,14.0,276.0,0.07213800313643493,0.00026136957658128593,0.039832285115303984,0.004201680672268907,0.32845188284518834,0.0,0.0,0.0,33.0,0.6715481171548117,321.0,0.0041841004184100415,478.0
-0.1561415,0.0,1.1689919999999998,4496.0,-77.5851265,109.17073170731707,16.390243902439025,1.9591836734693877,5.050595238095238,4539.0,0.0,0.0039656311962987445,0.0103547036792245,0.0030843798193434676,7.679455570217938,0.0,0.0,0.0,0.36755952380952384,1.0,0.001488095238095238,12.0,24.0,8.0,32.0,0.0,0.0,43.0,12.0,351.0,0.07732980832782552,0.0,0.07600596125186289,0.010447761194029851,0.48958333333333337,17.0,0.025297619047619048,0.0,41.0,0.5104166666666666,343.0,0.001488095238095238,672.0
-0.1561415,0.0,1.1689919999999998,4211.0,-77.5851265,101.7560975609756,13.390243902439025,1.4878048780487805,6.100182149362477,4245.0,0.0,0.004240282685512367,0.008480565371024734,0.0016489988221436984,8.051209032589018,0.0,15.0,0.0273224043715847,0.5555555555555556,0.0,0.0,16.0,22.0,8.0,21.0,3.0,0.00546448087431694,34.0,10.0,242.0,0.05700824499411072,0.00023557126030624264,0.032846715328467155,0.003656307129798903,0.3278688524590164,0.0,0.0,0.0,41.0,0.6721311475409836,369.0,0.0036429872495446266,549.0
-0.1561415,0.0,1.1689919999999998,3790.0,-77.5851265,89.52380952380952,13.285714285714286,1.9928571428571429,5.229390681003585,3826.0,0.0,0.003397804495556717,0.0060115002613695765,0.0018295870360690017,7.4680140429821025,0.0,0.0,0.0,0.35125448028673834,2.0,0.0035842293906810036,8.0,22.0,6.0,21.0,1.0,0.0017921146953405018,36.0,12.0,262.0,0.06847882906429692,0.0,0.08258527827648116,0.012589928057553957,0.49820788530465954,6.0,0.010752688172043012,0.0018295870360690017,42.0,0.5017921146953405,280.0,0.0017921146953405018,558.0
-0.1561415,0.0,1.1689919999999998,3684.0,-77.5851265,89.17073170731707,11.731707317073171,1.5927152317880795,5.983367983367984,3721.0,0.0,0.0034936844934157483,0.006181134103735555,0.0010749798441279225,7.7261752671315405,0.0,20.0,0.04158004158004158,0.5072765072765073,0.0,0.0,8.0,22.0,5.0,19.0,2.0,0.004158004158004158,37.0,15.0,245.0,0.06584251545283526,0.0002687449610319806,0.06666666666666667,0.010438413361169102,0.3721413721413721,0.0,0.0,0.0002687449610319806,41.0,0.6278586278586279,302.0,0.0,481.0
-0.1561415,0.0,1.1689919999999998,3685.0,-77.5851265,77.63829787234043,11.27659574468085,1.8996415770609318,5.39811320754717,3724.0,0.0,0.00322234156820623,0.006981740064446832,0.0010741138560687433,7.4415925023239184,0.0,0.0,0.0,0.39245283018867927,2.0,0.0037735849056603774,8.0,12.0,5.0,29.0,0.0,0.0,39.0,14.0,243.0,0.06525241675617616,0.0,0.09073724007561437,0.017045454545454544,0.47358490566037736,0.0,0.0,0.0005370569280343716,47.0,0.5264150943396226,279.0,0.0,530.0
-0.1561415,0.0,1.1689919999999998,4063.0,-77.5851265,105.44736842105263,12.526315789473685,1.460122699386503,6.411764705882353,4116.0,0.0,0.007045675413022352,0.0058309037900874635,0.0009718172983479105,7.922526386650781,0.0,13.0,0.0273109243697479,0.5735294117647058,0.0,0.0,26.0,32.0,5.0,14.0,0.0,0.0,53.0,14.0,328.0,0.07968901846452867,0.00024295432458697764,0.042105263157894736,0.004219409282700422,0.31512605042016806,0.0,0.0,0.0,38.0,0.6848739495798319,326.0,0.004201680672268907,476.0
-0.1561415,0.0,1.1689919999999998,3958.0,-77.5851265,85.78260869565217,12.652173913043478,1.9662162162162162,5.017182130584192,4014.0,0.0,0.0037369207772795215,0.007224713502740409,0.000996512207274539,7.531833645384489,0.0,0.0,0.0,0.36082474226804123,1.0,0.001718213058419244,16.0,27.0,7.0,30.0,1.0,0.001718213058419244,56.0,17.0,361.0,0.08993522670652715,0.00024912805181863477,0.08605851979345955,0.006896551724137931,0.4914089347079038,19.0,0.03264604810996564,0.00024912805181863477,46.0,0.5085910652920962,296.0,0.006872852233676976,582.0
-0.1561415,0.0,1.1689919999999998,4389.0,-77.5851265,76.57894736842105,9.456140350877194,1.4972222222222222,6.1558441558441555,4457.0,0.0,0.005833520305137985,0.006282252636302446,0.0008974646623289208,8.12036576936589,0.0,16.0,0.029684601113172542,0.5231910946196661,0.0,0.0,24.0,30.0,7.0,15.0,4.0,0.0074211502782931356,68.0,18.0,399.0,0.08952210006730985,0.0002243661655822302,0.03345724907063197,0.0037243947858473,0.3320964749536178,0.0,0.0,0.0,57.0,0.6679035250463822,360.0,0.01855287569573284,539.0
-0.1561415,0.0,1.1689919999999998,4384.0,-77.5851265,94.84782608695652,13.934782608695652,1.930722891566265,4.965678627145086,4456.0,0.0,0.0062836624775583485,0.00718132854578097,0.003590664272890485,7.70080742281655,0.0,0.0,0.0,0.358814352574103,0.0,0.0,27.0,34.0,9.0,30.0,2.0,0.0031201248049922,72.0,19.0,433.0,0.09717235188509875,0.0002244165170556553,0.084375,0.012519561815336464,0.4820592823712948,19.0,0.029641185647425898,0.0,46.0,0.5179407176287052,332.0,0.0046801872074883,641.0
-0.1561415,0.0,1.1689919999999998,4537.0,-77.5851265,83.57407407407408,10.703703703703704,1.553763440860215,5.904844290657439,4613.0,0.0,0.006720138738348146,0.006720138738348146,0.0021677866897897246,8.128770088791635,0.0,14.0,0.02422145328719723,0.4982698961937716,0.0,0.0,27.0,32.0,7.0,15.0,6.0,0.010380622837370242,76.0,22.0,412.0,0.08931281161933666,0.00021677866897897247,0.036395147313691506,0.005208333333333333,0.356401384083045,1.0,0.0017301038062283738,0.0,54.0,0.643598615916955,372.0,0.006920415224913495,578.0
-0.1561415,0.0,1.1689919999999998,4592.0,-77.5851265,89.70588235294117,12.764705882352942,1.9787234042553192,5.167434715821813,4668.0,0.0,0.005784061696658098,0.006640959725792631,0.003641816623821765,7.6978125453399375,0.0,0.0,0.0,0.35023041474654376,4.0,0.006144393241167435,22.0,33.0,12.0,30.0,6.0,0.009216589861751152,76.0,24.0,456.0,0.09768637532133675,0.00021422450728363326,0.1,0.02773497688751926,0.4946236559139785,7.0,0.010752688172043012,0.00021422450728363326,51.0,0.5053763440860215,329.0,0.006144393241167435,651.0
-0.1561415,0.0,1.1689919999999998,4192.0,-77.5851265,79.1923076923077,9.653846153846153,1.5075075075075075,6.254980079681275,4256.0,0.0,0.0058740601503759395,0.006109022556390977,0.003289473684210526,8.047291146063142,0.0,7.0,0.013944223107569721,0.5,0.0,0.0,27.0,28.0,7.0,10.0,7.0,0.013944223107569721,64.0,15.0,362.0,0.08505639097744361,0.00023496240601503758,0.0499001996007984,0.018,0.3366533864541833,0.0,0.0,0.00023496240601503758,52.0,0.6633466135458167,333.0,0.0099601593625498,502.0
-0.1561415,0.0,1.1689919999999998,4064.0,-77.5851265,78.0,11.76923076923077,2.0606060606060606,4.883986928104576,4111.0,0.0,0.004378496716127463,0.007054244709316468,0.0038919970810021892,7.473401196009831,0.0,1.0,0.0016339869281045752,0.3366013071895425,0.0,0.0,14.0,33.0,8.0,31.0,1.0,0.0016339869281045752,47.0,14.0,375.0,0.09121868158598881,0.00048649963512527365,0.11292962356792144,0.02622950819672131,0.5147058823529411,5.0,0.008169934640522876,0.0,52.0,0.4852941176470588,297.0,0.0032679738562091504,612.0
-0.1561415,0.0,1.1689919999999998,3699.0,-77.5851265,94.2051282051282,12.153846153846153,1.5339805825242718,5.989451476793249,3737.0,0.0,0.004013914905004014,0.008563018464008563,0.0021407546160021407,7.788000743116456,0.0,12.0,0.02531645569620253,0.5295358649789029,0.0,0.0,12.0,24.0,7.0,18.0,6.0,0.012658227848101266,38.0,11.0,292.0,0.07813754348407814,0.0002675943270002676,0.06553911205073996,0.03177966101694915,0.3481012658227848,0.0,0.0,0.0,39.0,0.6518987341772152,309.0,0.010548523206751054,474.0
-0.1561415,0.0,1.1689919999999998,4616.0,-77.5851265,69.10606060606061,11.303030303030303,2.2606060606060607,4.542895442359249,4664.0,0.0,0.003644939965694683,0.008147512864493996,0.006217838765008576,7.542733672069494,0.0,2.0,0.002680965147453083,0.27882037533512066,4.0,0.005361930294906166,17.0,26.0,7.0,41.0,3.0,0.004021447721179625,48.0,14.0,391.0,0.0838336192109777,0.0008576329331046312,0.10067114093959731,0.01881720430107527,0.5576407506702412,53.0,0.07104557640750671,0.0002144082332761578,66.0,0.44235924932975873,330.0,0.00804289544235925,746.0
-0.1561415,0.0,1.1689919999999998,4826.0,-77.5851265,88.64814814814815,11.907407407407407,1.6529562982005142,5.842923794712286,4890.0,0.0,0.004498977505112475,0.006748466257668712,0.0075664621676891615,8.144232603990648,0.0,15.0,0.02332814930015552,0.4572317262830482,0.0,0.0,23.0,26.0,7.0,15.0,9.0,0.013996889580093312,64.0,20.0,313.0,0.0640081799591002,0.00040899795501022495,0.0514018691588785,0.014040561622464899,0.3950233281493002,0.0,0.0,0.0,54.0,0.6049766718506998,389.0,0.006220839813374806,643.0
-0.1561415,0.0,1.1689919999999998,4573.0,-77.5851265,82.21818181818182,14.0,2.319277108433735,4.462337662337663,4624.0,0.0,0.0034602076124567475,0.005839100346020761,0.009515570934256055,7.544347061007599,0.0,0.0,0.0,0.2727272727272727,7.0,0.00909090909090909,21.0,19.0,7.0,38.0,3.0,0.003896103896103896,51.0,15.0,308.0,0.06660899653979238,0.00021626297577854672,0.12483745123537061,0.026041666666666668,0.5688311688311689,40.0,0.05194805194805195,0.0,55.0,0.43116883116883115,332.0,0.003896103896103896,770.0
-0.1561415,0.0,1.1689919999999998,4461.0,-77.5851265,91.83333333333333,12.5625,1.7179487179487178,5.656716417910448,4510.0,0.0,0.0042128603104212865,0.006208425720620843,0.00909090909090909,7.972077720607659,0.0,14.0,0.02321724709784411,0.4295190713101161,1.0,0.001658374792703151,20.0,17.0,8.0,14.0,6.0,0.009950248756218905,49.0,12.0,313.0,0.06940133037694013,0.0006651884700665188,0.046511627906976744,0.008319467554076539,0.417910447761194,1.0,0.001658374792703151,0.0,48.0,0.582089552238806,351.0,0.003316749585406302,603.0
-0.1561415,0.0,1.1689919999999998,4821.0,-77.5851265,97.77551020408163,13.959183673469388,1.9,5.394736842105263,4872.0,0.0,0.0034893267651888342,0.005747126436781609,0.003284072249589491,7.755133291400893,0.0,0.0,0.0,0.402046783625731,3.0,0.0043859649122807015,14.0,33.0,8.0,27.0,2.0,0.0029239766081871343,51.0,16.0,365.0,0.07491789819376027,0.0006157635467980296,0.11273792093704246,0.03372434017595308,0.4736842105263158,1.0,0.0014619883040935672,0.00020525451559934318,49.0,0.5263157894736842,360.0,0.0014619883040935672,684.0
-0.1561415,0.0,1.1689919999999998,4018.0,-77.5851265,121.3030303030303,14.333333333333334,1.4643962848297214,6.556025369978858,4078.0,0.0,0.005640019617459539,0.006620892594409024,0.000980872976949485,8.050115738296295,0.0,7.0,0.014799154334038054,0.5179704016913319,1.0,0.0021141649048625794,18.0,31.0,4.0,9.0,2.0,0.004228329809725159,60.0,19.0,320.0,0.0784698381559588,0.0002452182442373713,0.029661016949152543,0.004246284501061571,0.31712473572938693,0.0,0.0,0.0,33.0,0.6828752642706131,323.0,0.0,473.0
-0.1561415,0.0,1.1689919999999998,4569.0,-77.5851265,126.47222222222223,17.52777777777778,1.906344410876133,5.4659270998415215,4628.0,0.0,0.004537597234226448,0.007130509939498704,0.0025929127052722557,7.681580575594298,0.0,0.0,0.0,0.38351822503961963,3.0,0.004754358161648178,20.0,33.0,8.0,28.0,1.0,0.001584786053882726,59.0,17.0,383.0,0.0827571305099395,0.000432152117545376,0.0873015873015873,0.019077901430842606,0.4754358161648178,2.0,0.003169572107765452,0.0,36.0,0.5245641838351822,331.0,0.003169572107765452,631.0
-0.1561415,0.0,1.1689919999999998,3945.0,-77.5851265,126.83870967741936,14.903225806451612,1.4215384615384616,6.621212121212121,3995.0,0.0,0.007008760951188986,0.006758448060075094,0.0005006257822277847,8.074573664314226,0.0,10.0,0.021645021645021644,0.5562770562770563,0.0,0.0,19.0,29.0,7.0,10.0,3.0,0.006493506493506494,50.0,14.0,312.0,0.07809762202753442,0.00025031289111389235,0.0368763557483731,0.006521739130434782,0.29653679653679654,0.0,0.0,0.0,31.0,0.7034632034632035,325.0,0.0,462.0
-0.1561415,0.0,1.1689919999999998,5219.0,-77.5851265,135.39473684210526,18.105263157894736,1.7777777777777777,5.534883720930233,5289.0,0.0,0.007184723010020798,0.00548307808659482,0.0003781433163168841,7.936374022756855,0.0,0.0,0.0,0.4127906976744186,2.0,0.0029069767441860465,34.0,50.0,8.0,31.0,2.0,0.0029069767441860465,70.0,15.0,467.0,0.08829646435999244,0.0,0.05822416302765648,0.004373177842565598,0.4375,3.0,0.00436046511627907,0.00018907165815844205,38.0,0.5625,387.0,0.0014534883720930232,688.0
-0.1561415,0.0,1.1689919999999998,3712.0,-77.5851265,82.04444444444445,9.822222222222223,1.4304207119741101,6.520361990950226,3753.0,0.0,0.0031974420463629096,0.0077271516120436985,0.001332267519317879,7.920666127338336,0.0,17.0,0.038461538461538464,0.5701357466063348,0.0,0.0,3.0,21.0,4.0,17.0,0.0,0.0,41.0,14.0,299.0,0.07966959765520916,0.0,0.024943310657596373,0.0022727272727272726,0.30090497737556565,0.0,0.0,0.0018651745270450307,45.0,0.6990950226244343,309.0,0.004524886877828055,442.0
-0.1561415,0.0,1.1689919999999998,4535.0,-77.5851265,113.1,16.075,1.8856304985337244,5.329704510108865,4587.0,0.0,0.004142140832788315,0.00763025942882058,0.002398081534772182,7.711852817528597,0.0,0.0,0.0,0.3856920684292379,3.0,0.004665629860031105,16.0,30.0,8.0,38.0,2.0,0.003110419906687403,52.0,15.0,373.0,0.08131676477000219,0.0,0.08411214953271028,0.014040561622464899,0.4696734059097978,3.0,0.004665629860031105,0.0004360148245040331,40.0,0.5303265940902022,341.0,0.0015552099533437014,643.0
-0.1561415,0.0,1.1689919999999998,4120.0,-77.5851265,117.37142857142857,14.17142857142857,1.3893557422969187,6.389112903225806,4169.0,0.0,0.0074358359318781484,0.008635164307987527,0.001918925401775006,8.186394976250053,0.0,15.0,0.03024193548387097,0.5866935483870968,0.0,0.0,16.0,25.0,7.0,15.0,4.0,0.008064516129032258,49.0,14.0,334.0,0.0801151355241065,0.0,0.026262626262626262,0.006072874493927126,0.280241935483871,0.0,0.0,0.0,35.0,0.719758064516129,357.0,0.0020161290322580645,496.0
-0.1561415,0.0,1.1689919999999998,4466.0,-77.5851265,127.31428571428572,19.62857142857143,1.9798270893371759,4.788937409024745,4526.0,0.0,0.006628369421122404,0.00684931506849315,0.0017675651789659744,7.659141070794937,0.0,0.0,0.0,0.3726346433770015,1.0,0.001455604075691412,21.0,34.0,5.0,29.0,4.0,0.005822416302765648,60.0,15.0,396.0,0.08749447635881573,0.0,0.09912536443148688,0.013138686131386862,0.49490538573508003,12.0,0.017467248908296942,0.0,35.0,0.50509461426492,347.0,0.001455604075691412,687.0
-0.1561415,0.0,1.1689919999999998,4236.0,-77.5851265,93.57777777777778,12.066666666666666,1.4795640326975477,5.9502762430939224,4293.0,0.0,0.007453994875378523,0.00605637083624505,0.003261122757978104,8.09965557097588,0.0,24.0,0.04419889502762431,0.5432780847145487,0.0,0.0,21.0,33.0,4.0,24.0,8.0,0.014732965009208104,57.0,17.0,354.0,0.08245981830887492,0.0004658746797111577,0.027675276752767528,0.0,0.3241252302025782,0.0,0.0,0.00023293733985557886,45.0,0.6758747697974218,367.0,0.0,543.0
-0.1561415,0.0,1.1689919999999998,4703.0,-77.5851265,91.43137254901961,14.509803921568627,1.9839142091152815,4.713513513513513,4750.0,0.0,0.004842105263157895,0.007157894736842105,0.003157894736842105,7.723369054436356,0.0,0.0,0.0,0.3837837837837838,1.0,0.0013513513513513514,19.0,25.0,9.0,31.0,6.0,0.008108108108108109,47.0,11.0,386.0,0.08126315789473684,0.0,0.10419485791610285,0.014905149051490514,0.495945945945946,19.0,0.025675675675675677,0.0004210526315789474,51.0,0.504054054054054,373.0,0.0013513513513513514,740.0
-0.1561415,0.0,1.1689919999999998,3730.0,-77.5851265,94.64102564102564,12.923076923076923,1.4078212290502794,5.8313492063492065,3763.0,0.0,0.004251926654265214,0.009832580387988307,0.0026574541589157587,8.083984386227232,0.0,17.0,0.03373015873015873,0.5992063492063492,0.0,0.0,14.0,16.0,7.0,17.0,6.0,0.011904761904761904,33.0,11.0,232.0,0.061652936486845604,0.00026574541589157585,0.03578528827037773,0.00199203187250996,0.28968253968253965,0.0,0.0,0.0,39.0,0.7103174603174603,358.0,0.001984126984126984,504.0
-0.1561415,0.0,1.1689919999999998,5065.0,-77.5851265,94.98113207547169,13.264150943396226,1.9207650273224044,5.4281650071123755,5136.0,0.0,0.004672897196261682,0.00661993769470405,0.0003894080996884735,7.74338275842651,0.0,0.0,0.0,0.3755334281650071,7.0,0.00995732574679943,24.0,32.0,13.0,55.0,2.0,0.002844950213371266,71.0,20.0,428.0,0.08333333333333333,0.00019470404984423675,0.09259259259259259,0.014265335235378032,0.4793741109530584,1.0,0.001422475106685633,0.0005841121495327102,53.0,0.5206258890469416,366.0,0.0,703.0
-0.1561415,0.0,1.1689919999999998,4641.0,-77.5851265,121.57894736842105,14.710526315789474,1.4481865284974094,6.39355992844365,4710.0,0.0,0.006369426751592357,0.005732484076433121,0.0004246284501061571,8.197571579368944,0.0,19.0,0.03398926654740608,0.5599284436493739,0.0,0.0,22.0,30.0,10.0,19.0,5.0,0.008944543828264758,69.0,22.0,364.0,0.07728237791932059,0.00021231422505307856,0.016129032258064516,0.0017953321364452424,0.3094812164579607,0.0,0.0,0.00021231422505307856,38.0,0.6905187835420393,386.0,0.0017889087656529517,559.0
-0.1561415,0.0,1.1689919999999998,4483.0,-77.5851265,91.0204081632653,13.204081632653061,2.003095975232198,5.213292117465224,4532.0,0.0,0.0037511032656663726,0.00706090026478376,0.001323918799646955,7.4737978424255695,0.0,1.0,0.0015455950540958269,0.36476043276661513,1.0,0.0015455950540958269,14.0,30.0,8.0,44.0,3.0,0.00463678516228748,49.0,15.0,379.0,0.08362753751103266,0.0002206531332744925,0.11145510835913312,0.020155038759689922,0.500772797527048,0.0,0.0,0.000441306266548985,49.0,0.4992272024729521,323.0,0.0,647.0
-0.1561415,0.0,1.1689919999999998,3748.0,-77.5851265,103.47222222222223,13.194444444444445,1.498422712933754,6.1557894736842105,3787.0,0.0,0.003960918933192501,0.006865592817533668,0.0013203063110641669,7.840787344043968,0.0,18.0,0.037894736842105266,0.5494736842105263,1.0,0.002105263157894737,12.0,20.0,7.0,18.0,2.0,0.004210526315789474,39.0,12.0,252.0,0.066543438077634,0.0002640612622128334,0.06962025316455696,0.03805496828752643,0.3326315789473684,0.0,0.0,0.0,36.0,0.6673684210526316,317.0,0.002105263157894737,475.0
-0.1561415,0.0,1.1689919999999998,4608.0,-77.5851265,92.04,13.2,1.8032786885245902,5.159090909090909,4675.0,0.0,0.006417112299465241,0.008770053475935829,0.001497326203208556,7.865519422471844,0.0,3.0,0.004545454545454545,0.41363636363636364,0.0,0.0,22.0,29.0,11.0,25.0,1.0,0.0015151515151515152,67.0,19.0,438.0,0.09368983957219251,0.000855614973262032,0.06525037936267071,0.007598784194528876,0.44545454545454544,8.0,0.012121212121212121,0.000213903743315508,50.0,0.5545454545454546,366.0,0.0015151515151515152,660.0
-0.1561415,0.0,1.1689919999999998,4541.0,-77.5851265,76.37288135593221,8.983050847457626,1.3695090439276485,6.503773584905661,4617.0,0.0,0.006281134936105696,0.006930907515702837,0.003898635477582846,8.282823704577549,0.0,14.0,0.026415094339622643,0.5981132075471698,0.0,0.0,29.0,36.0,7.0,14.0,3.0,0.005660377358490566,76.0,20.0,412.0,0.08923543426467404,0.00021659085986571366,0.01890359168241966,0.003787878787878788,0.26981132075471703,1.0,0.0018867924528301887,0.0,59.0,0.730188679245283,387.0,0.007547169811320755,530.0
-0.1561415,0.0,1.1689919999999998,4836.0,-77.5851265,72.39393939393939,10.484848484848484,1.8552278820375334,5.02456647398844,4899.0,0.0,0.007348438456827924,0.005919575423555827,0.004694835680751174,7.841813255113409,0.0,0.0,0.0,0.3988439306358382,4.0,0.005780346820809248,34.0,35.0,7.0,33.0,3.0,0.004335260115606936,63.0,12.0,478.0,0.09757093284343743,0.00020412329046744235,0.07380607814761216,0.02463768115942029,0.4609826589595376,3.0,0.004335260115606936,0.0,66.0,0.5390173410404624,373.0,0.005780346820809248,692.0
-0.1561415,0.0,1.1689919999999998,3597.0,-77.5851265,85.11904761904762,10.119047619047619,1.3754045307443366,6.569411764705882,3642.0,0.0,0.005216913783635365,0.006315211422295442,0.0016474464579901153,7.936646377373151,0.0,10.0,0.023529411764705882,0.6235294117647059,0.0,0.0,12.0,20.0,5.0,14.0,3.0,0.007058823529411765,45.0,16.0,283.0,0.07770455793520044,0.0005491488193300384,0.025943396226415096,0.004728132387706856,0.27294117647058824,0.0,0.0,0.0,42.0,0.7270588235294118,309.0,0.0,425.0
-0.1561415,0.0,1.1689919999999998,5064.0,-77.5851265,89.69642857142857,12.696428571428571,1.9320652173913044,5.312236286919831,5144.0,0.0,0.005248833592534992,0.008164852255054433,0.0015552099533437014,7.8603297693363015,0.0,1.0,0.0014064697609001407,0.37130801687763715,2.0,0.0028129395218002813,24.0,29.0,12.0,34.0,2.0,0.0028129395218002813,80.0,25.0,445.0,0.08650855365474339,0.00019440124416796267,0.059154929577464786,0.00846262341325811,0.4824191279887482,9.0,0.012658227848101266,0.00038880248833592535,56.0,0.5175808720112518,368.0,0.0028129395218002813,711.0
-0.1561415,0.0,1.1689919999999998,4221.0,-77.5851265,105.15,12.9,1.461756373937677,6.308139534883721,4286.0,0.0,0.0055996266915538965,0.010499300046663556,0.0004666355576294914,8.129606875110971,0.0,11.0,0.02131782945736434,0.5232558139534884,0.0,0.0,14.0,26.0,5.0,16.0,2.0,0.003875968992248062,65.0,23.0,334.0,0.07792813812412505,0.0002333177788147457,0.02524271844660194,0.0038910505836575876,0.31589147286821706,0.0,0.0,0.0,40.0,0.6841085271317829,353.0,0.005813953488372093,516.0
-0.1561415,0.0,1.1689919999999998,4838.0,-77.5851265,102.65957446808511,14.404255319148936,1.8805555555555555,5.391432791728213,4903.0,0.0,0.004487048745665919,0.006934529879665511,0.0008158270446665307,7.782726186495341,0.0,0.0,0.0,0.3825701624815362,3.0,0.004431314623338257,18.0,35.0,9.0,39.0,2.0,0.0029542097488921715,65.0,21.0,406.0,0.08280644503365286,0.0004079135223332653,0.0650887573964497,0.01037037037037037,0.46824224519940916,3.0,0.004431314623338257,0.0,47.0,0.5317577548005908,360.0,0.0029542097488921715,677.0
-0.1561415,0.0,1.1689919999999998,4776.0,-77.5851265,132.16666666666666,15.805555555555555,1.4225,6.569420035149385,4836.0,0.0,0.005583126550868486,0.008271298593879239,0.00041356492969396195,8.306334580162938,0.0,12.0,0.0210896309314587,0.562390158172232,0.0,0.0,18.0,28.0,9.0,17.0,4.0,0.007029876977152899,60.0,18.0,343.0,0.07092638544251448,0.00020678246484698098,0.028169014084507043,0.003527336860670194,0.29701230228471,0.0,0.0,0.0,36.0,0.70298769771529,400.0,0.005272407732864675,569.0
-0.1561415,0.0,1.1689919999999998,4747.0,-77.5851265,87.35185185185185,12.462962962962964,2.090062111801242,5.200594353640416,4814.0,0.0,0.006024096385542169,0.006439551308683008,0.0024927295388450354,7.51463298703344,0.0,0.0,0.0,0.31946508172362553,1.0,0.0014858841010401188,22.0,38.0,11.0,62.0,3.0,0.004457652303120356,67.0,19.0,455.0,0.09451599501454092,0.0002077274615704196,0.1056547619047619,0.02384500745156483,0.5215453194650816,7.0,0.010401188707280832,0.0002077274615704196,54.0,0.4784546805349183,322.0,0.0014858841010401188,673.0
-0.1561415,0.0,1.1689919999999998,4789.0,-77.5851265,71.71212121212122,8.651515151515152,1.4869791666666667,6.359019264448336,4861.0,0.0,0.005760131660152232,0.005348693684427073,0.0024686278543509564,8.179978285493155,0.0,16.0,0.028021015761821366,0.5288966725043783,0.0,0.0,26.0,36.0,11.0,17.0,4.0,0.0070052539404553416,72.0,20.0,438.0,0.09010491668380992,0.0002057189878625797,0.03508771929824561,0.005272407732864675,0.3274956217162872,1.0,0.0017513134851138354,0.0002057189878625797,66.0,0.6725043782837128,384.0,0.010507880910683012,571.0
-0.1561415,0.0,1.1689919999999998,4208.0,-77.5851265,107.41025641025641,16.128205128205128,2.009584664536741,4.958664546899841,4270.0,0.0,0.006088992974238876,0.007494145199063232,0.001873536299765808,7.512512880548262,0.0,3.0,0.0047694753577106515,0.35294117647058826,0.0,0.0,18.0,28.0,9.0,49.0,2.0,0.003179650238473768,62.0,20.0,357.0,0.08360655737704918,0.000234192037470726,0.1178343949044586,0.04146730462519936,0.5023847376788553,15.0,0.02384737678855326,0.000234192037470726,39.0,0.49761526232114467,313.0,0.003179650238473768,629.0
-0.1561415,0.0,1.1689919999999998,3858.0,-77.5851265,84.5111111111111,10.355555555555556,1.4517133956386292,6.1587982832618025,3919.0,0.0,0.006379178361826996,0.005868844092880837,0.0007655014034192396,7.96607637625869,0.0,13.0,0.027896995708154508,0.5536480686695279,0.0,0.0,24.0,28.0,5.0,15.0,3.0,0.006437768240343348,61.0,17.0,331.0,0.08446032151058944,0.00025516713447307985,0.05806451612903226,0.021551724137931036,0.31115879828326176,0.0,0.0,0.0,45.0,0.6888412017167382,321.0,0.002145922746781116,466.0
-0.1561415,0.0,1.1689919999999998,4496.0,-77.5851265,90.3061224489796,13.285714285714286,1.9787234042553192,5.035330261136712,4558.0,0.0,0.005704256252742431,0.005484861781483106,0.00153576129881527,7.515932769478705,0.0,0.0,0.0,0.3671274961597542,5.0,0.007680491551459293,22.0,36.0,5.0,47.0,2.0,0.0030721966205837174,62.0,18.0,405.0,0.08885476086002633,0.0,0.08615384615384615,0.01694915254237288,0.4946236559139785,30.0,0.04608294930875576,0.00021939447125932427,49.0,0.5053763440860215,329.0,0.0,651.0
-0.1561415,0.0,1.1689919999999998,3934.0,-77.5851265,108.86111111111111,13.472222222222221,1.4057971014492754,6.17319587628866,3998.0,0.0,0.007253626813406703,0.009004502251125562,0.0022511255627813906,8.112846453935326,0.0,10.0,0.020618556701030927,0.5896907216494846,0.0,0.0,18.0,29.0,5.0,14.0,7.0,0.01443298969072165,64.0,21.0,330.0,0.08254127063531766,0.0002501250625312656,0.03305785123966942,0.014492753623188406,0.28865979381443296,2.0,0.004123711340206186,0.0,36.0,0.711340206185567,345.0,0.0,485.0
-0.1561415,0.0,1.1689919999999998,4100.0,-77.5851265,94.23255813953489,13.790697674418604,1.9067524115755627,5.06070826306914,4156.0,0.0,0.006015399422521655,0.0064966313763233875,0.003368623676612127,7.570448099521872,0.0,2.0,0.003372681281618887,0.3811129848229342,3.0,0.00505902192242833,21.0,34.0,6.0,33.0,5.0,0.008431703204047217,56.0,15.0,383.0,0.09215591915303176,0.00024061597690086623,0.08614864864864864,0.025380710659898477,0.47554806070826305,26.0,0.04384485666104553,0.00024061597690086623,43.0,0.524451939291737,311.0,0.0,593.0
-0.1561415,0.0,1.1689919999999998,3773.0,-77.5851265,69.14814814814815,8.555555555555555,1.476038338658147,6.296536796536796,3818.0,0.0,0.004452592980618125,0.009167103195390257,0.002881089575694081,7.888718251703726,0.0,17.0,0.0367965367965368,0.5584415584415584,0.0,0.0,14.0,22.0,7.0,16.0,6.0,0.012987012987012988,45.0,14.0,302.0,0.07909900471451022,0.000785751702462022,0.04772234273318872,0.008695652173913044,0.3225108225108225,1.0,0.0021645021645021645,0.0,54.0,0.6774891774891775,313.0,0.0021645021645021645,462.0
-0.1561415,0.0,1.1689919999999998,4597.0,-77.5851265,74.70491803278688,10.852459016393443,1.7606382978723405,5.027190332326284,4658.0,0.0,0.0055817947617003,0.00622584800343495,0.0030055817947617003,7.819708591499644,0.0,2.0,0.0030211480362537764,0.4259818731117825,3.0,0.004531722054380665,22.0,37.0,9.0,44.0,4.0,0.006042296072507553,61.0,16.0,464.0,0.0996135680549592,0.00021468441391155003,0.06656580937972768,0.010606060606060607,0.43202416918429,12.0,0.01812688821752266,0.00021468441391155003,61.0,0.56797583081571,376.0,0.00906344410876133,662.0
-0.1561415,0.0,1.1689919999999998,3866.0,-77.5851265,84.86666666666666,9.666666666666666,1.3765822784810127,6.577011494252874,3927.0,0.0,0.006366182836771072,0.008403361344537815,0.0012732365673542145,7.9903245503713265,0.0,11.0,0.02528735632183908,0.6068965517241379,0.0,0.0,28.0,35.0,6.0,11.0,4.0,0.009195402298850575,61.0,17.0,384.0,0.09778456837280367,0.00025464731347084286,0.03917050691244239,0.006928406466512702,0.27356321839080455,0.0,0.0,0.0,45.0,0.7264367816091954,316.0,0.006896551724137931,435.0
-0.1561415,0.0,1.1689919999999998,4308.0,-77.5851265,97.52272727272727,14.204545454545455,1.7959770114942528,5.1168,4370.0,0.0,0.006407322654462242,0.006178489702517162,0.002059496567505721,7.82991609716808,0.0,1.0,0.0016,0.4096,4.0,0.0064,19.0,31.0,5.0,28.0,2.0,0.0032,62.0,19.0,388.0,0.08878718535469107,0.0002288329519450801,0.05608974358974359,0.011235955056179775,0.44320000000000004,12.0,0.0192,0.0,44.0,0.5568,348.0,0.0048,625.0
-0.1561415,0.0,1.1689919999999998,4284.0,-77.5851265,94.11111111111111,10.955555555555556,1.45,6.446247464503043,4350.0,0.0,0.007586206896551724,0.0036781609195402297,0.002528735632183908,8.007738737803393,0.0,19.0,0.038539553752535496,0.5618661257606491,0.0,0.0,31.0,34.0,7.0,19.0,2.0,0.004056795131845842,66.0,18.0,389.0,0.08942528735632184,0.00022988505747126436,0.0508130081300813,0.010183299389002037,0.31034482758620685,0.0,0.0,0.0,45.0,0.6896551724137931,340.0,0.006085192697768763,493.0
-0.1561415,0.0,1.1689919999999998,4605.0,-77.5851265,93.57142857142857,12.918367346938776,1.9357798165137614,5.4454976303317535,4661.0,0.0,0.004290924694271616,0.005363655867839519,0.00042909246942716153,7.571196536688887,0.0,0.0,0.0,0.3744075829383886,1.0,0.001579778830963665,10.0,36.0,6.0,38.0,1.0,0.001579778830963665,56.0,17.0,422.0,0.09053851104913109,0.0,0.09177215189873418,0.025356576862123614,0.4834123222748815,1.0,0.001579778830963665,0.0017163698777086461,49.0,0.5165876777251185,327.0,0.001579778830963665,633.0
-0.1561415,0.0,1.1689919999999998,4262.0,-77.5851265,120.77142857142857,14.085714285714285,1.361878453038674,6.52738336713996,4318.0,0.0,0.00555812876331635,0.006484483557202408,0.0004631773969430292,8.185378817902707,0.0,21.0,0.04259634888438134,0.6004056795131846,0.0,0.0,16.0,30.0,6.0,21.0,2.0,0.004056795131845842,56.0,15.0,358.0,0.08290875405280222,0.0,0.02032520325203252,0.004073319755600814,0.2657200811359026,0.0,0.0,0.0002315886984715146,35.0,0.7342799188640974,362.0,0.0,493.0
-0.1561415,0.0,1.1689919999999998,4594.0,-77.5851265,123.83783783783784,17.91891891891892,1.8835227272727273,5.221719457013575,4648.0,0.0,0.004733218588640275,0.00774526678141136,0.0025817555938037868,7.754176024656594,0.0,0.0,0.0,0.39819004524886875,2.0,0.0030165912518853697,18.0,29.0,8.0,31.0,2.0,0.0030165912518853697,54.0,15.0,370.0,0.07960413080895008,0.0,0.0770392749244713,0.019667170953101363,0.46907993966817496,7.0,0.010558069381598794,0.0,37.0,0.530920060331825,352.0,0.0015082956259426848,663.0
-0.1561415,0.0,1.1689919999999998,3762.0,-77.5851265,95.8974358974359,12.35897435897436,1.4011627906976745,5.95850622406639,3808.0,0.0,0.004726890756302521,0.008403361344537815,0.0010504201680672268,8.105516758314268,0.0,12.0,0.024896265560165973,0.5871369294605809,0.0,0.0,12.0,24.0,5.0,12.0,2.0,0.004149377593360996,46.0,15.0,297.0,0.0779936974789916,0.0002626050420168067,0.02079002079002079,0.00625,0.2863070539419087,0.0,0.0,0.0,39.0,0.7136929460580913,344.0,0.004149377593360996,482.0
-0.1561415,0.0,1.1689919999999998,4584.0,-77.5851265,130.54285714285714,19.914285714285715,2.038011695906433,4.855093256814921,4641.0,0.0,0.007110536522301228,0.007110536522301228,0.002585649644473174,7.692496240688766,0.0,0.0,0.0,0.3472022955523673,0.0,0.0,24.0,37.0,5.0,23.0,7.0,0.010043041606886656,57.0,12.0,403.0,0.08683473389355742,0.0,0.09339080459770115,0.011510791366906475,0.509325681492109,12.0,0.01721664275466284,0.00043094160741219563,35.0,0.49067431850789095,342.0,0.0014347202295552368,697.0
-0.1561415,0.0,1.1689919999999998,4308.0,-77.5851265,112.94736842105263,14.473684210526315,1.4745308310991958,5.94,4370.0,0.0,0.006864988558352402,0.008695652173913044,0.004118993135011442,8.166198233718367,0.0,14.0,0.025454545454545455,0.54,0.0,0.0,21.0,35.0,4.0,16.0,8.0,0.014545454545454545,62.0,18.0,375.0,0.08581235697940504,0.0002288329519450801,0.03278688524590164,0.0018248175182481751,0.3218181818181818,0.0,0.0,0.0,38.0,0.6781818181818182,373.0,0.0,550.0
-0.1561415,0.0,1.1689919999999998,4846.0,-77.5851265,78.60655737704919,12.01639344262295,1.8891752577319587,4.9699863574351975,4893.0,0.0,0.004904966278356836,0.00674432863274065,0.002452483139178418,7.820396994679285,0.0,0.0,0.0,0.40109140518417463,0.0,0.0,18.0,26.0,9.0,34.0,5.0,0.0068212824010914054,47.0,12.0,386.0,0.07888820764357245,0.0,0.08333333333333333,0.009575923392612859,0.47066848567530695,15.0,0.020463847203274217,0.00020437359493153485,61.0,0.529331514324693,388.0,0.001364256480218281,733.0
-0.1561415,0.0,1.1689919999999998,4041.0,-77.5851265,85.0,11.787234042553191,1.4773333333333334,5.716606498194946,4078.0,0.0,0.004659146640510054,0.008092202059833251,0.002206964198136341,8.090630891704494,0.0,18.0,0.032490974729241874,0.5595667870036101,0.0,0.0,17.0,19.0,8.0,18.0,6.0,0.010830324909747292,37.0,11.0,252.0,0.06179499754781756,0.0002452182442373713,0.0379746835443038,0.0018115942028985507,0.32310469314079426,0.0,0.0,0.0,47.0,0.6768953068592057,375.0,0.0,554.0
-0.1561415,0.0,1.1689919999999998,5147.0,-77.5851265,108.97872340425532,15.617021276595745,2.0,5.307901907356948,5214.0,0.0,0.004411200613732259,0.007096279248177982,0.0003835826620636747,7.721364285528844,0.0,1.0,0.0013623978201634877,0.35967302452316074,3.0,0.004087193460490463,20.0,30.0,10.0,45.0,3.0,0.004087193460490463,67.0,21.0,406.0,0.07786728039892597,0.00019179133103183735,0.09140518417462483,0.012295081967213115,0.5,3.0,0.004087193460490463,0.0005753739930955121,47.0,0.5,367.0,0.0,734.0
-0.1561415,0.0,1.1689919999999998,4704.0,-77.5851265,114.1951219512195,13.731707317073171,1.4473007712082262,6.449378330373002,4777.0,0.0,0.006489428511618171,0.005652082897215826,0.0004186728072011723,8.220301390984735,0.0,17.0,0.03019538188277087,0.5506216696269982,0.0,0.0,25.0,27.0,10.0,17.0,1.0,0.0017761989342806395,73.0,22.0,349.0,0.07305840485660456,0.00020933640360058616,0.030249110320284697,0.0053475935828877,0.3090586145648313,0.0,0.0,0.0,41.0,0.6909413854351687,389.0,0.003552397868561279,563.0
-0.1561415,0.0,1.1689919999999998,4488.0,-77.5851265,91.06122448979592,13.081632653061224,1.9483282674772036,5.279251170046802,4541.0,0.0,0.003963884606914776,0.0061660427218674305,0.0013212948689715921,7.537817236993078,0.0,2.0,0.0031201248049922,0.38845553822152884,1.0,0.0015600624024961,14.0,33.0,8.0,45.0,0.0,0.0,53.0,18.0,380.0,0.08368200836820083,0.001101079057476327,0.1078125,0.01564945226917058,0.4867394695787831,2.0,0.0031201248049922,0.0,49.0,0.5132605304212169,329.0,0.0,641.0
-0.1561415,0.0,1.1689919999999998,3950.0,-77.5851265,87.13333333333334,10.88888888888889,1.53125,6.293877551020408,3992.0,0.0,0.00375751503006012,0.00751503006012024,0.00125250501002004,7.881931052991225,0.0,17.0,0.03469387755102041,0.5224489795918368,0.0,0.0,12.0,19.0,7.0,16.0,2.0,0.004081632653061225,42.0,14.0,274.0,0.0686372745490982,0.000751503006012024,0.06134969325153374,0.03278688524590164,0.34693877551020413,0.0,0.0,0.0,45.0,0.6530612244897959,320.0,0.0020408163265306124,490.0
-0.1561415,0.0,1.1689919999999998,4554.0,-77.5851265,115.51282051282051,16.564102564102566,2.077170418006431,5.196594427244582,4616.0,0.0,0.006932409012131715,0.0028162911611785096,0.0004332755632582322,7.5303618297084896,0.0,0.0,0.0,0.3219814241486068,1.0,0.0015479876160990713,26.0,37.0,7.0,46.0,0.0,0.0,62.0,15.0,381.0,0.08253899480069324,0.0002166377816291161,0.09612403100775194,0.021739130434782608,0.5185758513931888,9.0,0.01393188854489164,0.0,39.0,0.48142414860681115,311.0,0.0,646.0
-0.1561415,0.0,1.1689919999999998,4477.0,-77.5851265,77.21052631578948,9.12280701754386,1.4814814814814814,6.501923076923077,4541.0,0.0,0.007707553402334287,0.005725611098876899,0.0030830213609337152,8.082324414067308,0.0,14.0,0.026923076923076925,0.5326923076923077,0.0,0.0,28.0,35.0,7.0,17.0,2.0,0.0038461538461538464,64.0,15.0,395.0,0.08698524554062982,0.00022021581149526536,0.04238921001926782,0.0019305019305019305,0.32499999999999996,0.0,0.0,0.0,57.0,0.675,351.0,0.0038461538461538464,520.0
-0.1561415,0.0,1.1689919999999998,4097.0,-77.5851265,78.15384615384616,11.211538461538462,1.9829931972789117,5.164665523156089,4166.0,0.0,0.006240998559769563,0.004080652904464715,0.0016802688430148825,7.520762685912092,0.0,0.0,0.0,0.3379073756432247,1.0,0.0017152658662092624,24.0,29.0,9.0,41.0,2.0,0.003430531732418525,69.0,20.0,387.0,0.0928948631781085,0.00024003840614498319,0.09621993127147767,0.03442340791738382,0.4957118353344768,16.0,0.0274442538593482,0.00024003840614498319,52.0,0.5042881646655232,294.0,0.003430531732418525,583.0
-0.1561415,0.0,1.1689919999999998,3925.0,-77.5851265,84.06521739130434,10.5,1.4725609756097562,6.064182194616977,3984.0,0.0,0.006024096385542169,0.007530120481927711,0.0012550200803212851,7.984509165149055,0.0,20.0,0.041407867494824016,0.5362318840579711,0.0,0.0,24.0,30.0,5.0,18.0,4.0,0.008281573498964804,59.0,15.0,337.0,0.08458835341365462,0.000251004016064257,0.04149377593360996,0.014553014553014554,0.32091097308488614,0.0,0.0,0.0,46.0,0.6790890269151139,328.0,0.004140786749482402,483.0
-0.1561415,0.0,1.1689919999999998,4316.0,-77.5851265,97.6590909090909,14.272727272727273,1.956386292834891,5.098726114649682,4379.0,0.0,0.00593742863667504,0.0063941539164192734,0.0013701758392327015,7.546978316278117,0.0,1.0,0.0015923566878980893,0.36942675159235666,4.0,0.006369426751592357,20.0,35.0,5.0,39.0,3.0,0.004777070063694267,63.0,19.0,387.0,0.08837634163050925,0.0,0.09090909090909091,0.020766773162939296,0.4888535031847133,24.0,0.03821656050955414,0.00022836263987211693,44.0,0.5111464968152867,321.0,0.0,628.0
-0.1561415,0.0,1.1689919999999998,4149.0,-77.5851265,103.2,12.775,1.4273743016759777,6.178082191780822,4212.0,0.0,0.006647673314339981,0.008784425451092117,0.003798670465337132,8.140569302965277,0.0,11.0,0.021526418786692758,0.5792563600782779,0.0,0.0,19.0,31.0,5.0,13.0,6.0,0.011741682974559686,63.0,19.0,356.0,0.08452041785375118,0.00023741690408357076,0.03137254901960784,0.0137524557956778,0.29941291585127205,0.0,0.0,0.0,40.0,0.700587084148728,358.0,0.0019569471624266144,511.0
-0.1561415,0.0,1.1689919999999998,4170.0,-77.5851265,87.76595744680851,12.893617021276595,1.9611650485436893,4.993399339933993,4228.0,0.0,0.006622516556291391,0.006859035004730369,0.0016556291390728477,7.471421971946103,0.0,1.0,0.0016501650165016502,0.36303630363036304,3.0,0.0049504950495049506,23.0,37.0,6.0,45.0,3.0,0.0049504950495049506,58.0,15.0,408.0,0.09649952696310313,0.00023651844843897824,0.0859504132231405,0.009933774834437087,0.4900990099009901,27.0,0.04455445544554455,0.0004730368968779565,47.0,0.5099009900990099,309.0,0.0,606.0
-0.1561415,0.0,1.1689919999999998,3711.0,-77.5851265,69.26415094339623,8.415094339622641,1.4817275747508305,6.434977578475336,3753.0,0.0,0.0045297095656807885,0.006394884092725819,0.002398081534772182,7.836903591087936,0.0,14.0,0.03139013452914798,0.5493273542600897,0.0,0.0,14.0,25.0,7.0,14.0,7.0,0.01569506726457399,42.0,12.0,297.0,0.07913669064748201,0.0015987210231814548,0.060674157303370786,0.009009009009009009,0.32511210762331844,0.0,0.0,0.0002664535038635758,53.0,0.6748878923766816,301.0,0.0,446.0
-0.1561415,0.0,1.1689919999999998,4759.0,-77.5851265,110.11627906976744,16.72093023255814,1.8921052631578947,5.301808066759388,4811.0,0.0,0.0010392849719393059,0.006859280814799418,0.0022864269382664726,7.737358082855483,0.0,0.0,0.0,0.3894297635605007,4.0,0.005563282336578581,3.0,13.0,4.0,51.0,7.0,0.009735744089012517,52.0,21.0,203.0,0.042194969860735815,0.0,0.07242339832869081,0.011157601115760111,0.47148817802503473,0.0,0.0,0.00020785699438786114,43.0,0.5285118219749653,380.0,0.022253129346314324,719.0
-0.1561415,0.0,1.1689919999999998,3857.0,-77.5851265,90.76190476190476,11.928571428571429,1.4521739130434783,6.25748502994012,3889.0,0.0,0.0030856261249678583,0.010799691437387503,0.003342761635381846,8.049820409549783,0.0,11.0,0.021956087824351298,0.5688622754491018,0.0,0.0,11.0,14.0,3.0,14.0,6.0,0.011976047904191617,32.0,13.0,188.0,0.048341475957829776,0.0,0.02,0.006012024048096192,0.31137724550898205,0.0,0.0,0.0,42.0,0.688622754491018,345.0,0.041916167664670656,501.0
-0.1561415,0.0,1.1689919999999998,5235.0,-77.5851265,104.02,15.8,1.975,5.217721518987342,5286.0,0.0,0.0022701475595913734,0.00870223231176693,0.00340522133938706,7.7715920902583004,0.0,3.0,0.0037974683544303796,0.379746835443038,3.0,0.0037974683544303796,6.0,19.0,4.0,59.0,6.0,0.007594936708860759,51.0,20.0,296.0,0.05599697313658721,0.00018917896329928113,0.09252217997465145,0.02284263959390863,0.49367088607594933,0.0,0.0,0.00037835792659856227,50.0,0.5063291139240507,400.0,0.02278481012658228,790.0
-0.1561415,0.0,1.1689919999999998,3967.0,-77.5851265,95.85365853658537,12.365853658536585,1.366576819407008,6.351084812623274,4008.0,0.0,0.00249500998003992,0.008233532934131737,0.0037425149700598802,8.191600645722932,0.0,14.0,0.027613412228796843,0.6291913214990138,0.0,0.0,6.0,12.0,3.0,14.0,8.0,0.015779092702169626,41.0,16.0,183.0,0.04565868263473054,0.0,0.023715415019762844,0.0019801980198019802,0.26824457593688367,0.0,0.0,0.0,41.0,0.7317554240631163,371.0,0.027613412228796843,507.0
-0.1561415,0.0,1.1689919999999998,3999.0,-77.5851265,99.4,14.85,1.9038461538461537,5.415824915824916,4047.0,0.0,0.0009883864591055103,0.005683222139856684,0.0027180627625401532,7.589072235408041,0.0,0.0,0.0,0.38047138047138046,2.0,0.003367003367003367,3.0,13.0,3.0,40.0,2.0,0.003367003367003367,48.0,20.0,170.0,0.042006424511984185,0.0,0.05902192242833052,0.008445945945945946,0.4747474747474747,0.0,0.0,0.0,40.0,0.5252525252525253,312.0,0.0,594.0
-0.1561415,0.0,1.1689919999999998,3842.0,-77.5851265,88.18604651162791,11.395348837209303,1.4,6.381632653061224,3868.0,0.0,0.0038779731127197518,0.009307135470527405,0.003360910031023785,8.120884457134235,0.0,12.0,0.024489795918367346,0.5938775510204082,0.0,0.0,13.0,17.0,3.0,15.0,7.0,0.014285714285714285,26.0,9.0,189.0,0.048862461220268875,0.0,0.014314928425357873,0.004098360655737705,0.2857142857142857,0.0,0.0,0.0,43.0,0.7142857142857143,350.0,0.0020408163265306124,490.0
-0.1561415,0.0,1.1689919999999998,4427.0,-77.5851265,107.29268292682927,16.341463414634145,1.9142857142857144,5.2791044776119405,4476.0,0.0,0.0013404825737265416,0.007372654155495978,0.00290437890974084,7.712349236380284,0.0,0.0,0.0,0.3835820895522388,1.0,0.0014925373134328358,3.0,15.0,3.0,32.0,3.0,0.004477611940298508,49.0,20.0,203.0,0.045352993744414656,0.0,0.06278026905829596,0.020958083832335328,0.4776119402985075,0.0,0.0,0.0,41.0,0.5223880597014925,350.0,0.0029850746268656717,670.0
-0.1561415,0.0,1.1689919999999998,4322.0,-77.5851265,87.08163265306122,11.122448979591837,1.4417989417989419,6.482568807339449,4357.0,0.0,0.0036722515492311225,0.0071149873766353,0.003213220105577232,8.185925328384645,0.0,15.0,0.027522935779816515,0.5669724770642202,1.0,0.001834862385321101,14.0,17.0,3.0,21.0,5.0,0.009174311926605505,35.0,13.0,206.0,0.0472802386963507,0.0,0.02389705882352941,0.0,0.3064220183486238,0.0,0.0,0.0,49.0,0.6935779816513762,378.0,0.005504587155963303,545.0
-0.1561415,0.0,1.1689919999999998,4352.0,-77.5851265,96.0,15.044444444444444,2.0269461077844313,5.019202363367799,4409.0,0.0,0.0024948968019959175,0.007257881605806305,0.01224767520979814,7.620069327406179,0.0,0.0,0.0,0.345642540620384,2.0,0.0029542097488921715,6.0,19.0,4.0,32.0,2.0,0.0029542097488921715,57.0,22.0,265.0,0.060104332048083464,0.00022680880018144704,0.10650887573964497,0.03259259259259259,0.5066469719350074,0.0,0.0,0.00022680880018144704,45.0,0.4933530280649926,334.0,0.0029542097488921715,677.0
-0.1561415,0.0,1.1689919999999998,3709.0,-77.5851265,91.9,12.275,1.4969512195121952,5.975560081466395,3750.0,0.0,0.004,0.009333333333333334,0.0088,7.915736701576152,0.0,16.0,0.032586558044806514,0.5478615071283096,0.0,0.0,14.0,17.0,4.0,16.0,5.0,0.010183299389002037,41.0,15.0,222.0,0.0592,0.0010666666666666667,0.04081632653061224,0.012269938650306749,0.33197556008146645,0.0,0.0,0.0,40.0,0.6680244399185336,328.0,0.006109979633401222,491.0
-0.1561415,0.0,1.1689919999999998,4487.0,-77.5851265,98.93333333333334,15.444444444444445,1.8783783783783783,5.082014388489209,4538.0,0.0,0.0017628911414720142,0.007933010136624064,0.0125605993829881,7.795965068666896,0.0,1.0,0.0014388489208633094,0.381294964028777,4.0,0.0057553956834532375,4.0,16.0,4.0,43.0,2.0,0.0028776978417266188,51.0,21.0,258.0,0.05685323931247246,0.00022036139268400177,0.07492795389048991,0.017316017316017316,0.4676258992805755,1.0,0.0014388489208633094,0.00044072278536800354,45.0,0.5323741007194245,370.0,0.0028776978417266188,695.0
-0.1561415,0.0,1.1689919999999998,4049.0,-77.5851265,83.39583333333333,10.625,1.4406779661016949,6.396078431372549,4093.0,0.0,0.004886391399951136,0.008062545809919374,0.009039824089909602,8.089140504128535,0.0,13.0,0.025490196078431372,0.5784313725490197,0.0,0.0,17.0,19.0,4.0,14.0,5.0,0.00980392156862745,44.0,15.0,232.0,0.05668214023943318,0.0002443195699975568,0.03339882121807466,0.001968503937007874,0.3058823529411765,0.0,0.0,0.0,48.0,0.6941176470588235,354.0,0.00196078431372549,510.0
-0.1561415,0.0,1.1689919999999998,4582.0,-77.5851265,98.76086956521739,14.282608695652174,1.7756756756756757,5.398782343987824,4633.0,0.0,0.006475285991797971,0.007338657457371034,0.002805957263112454,7.949172070316002,0.0,0.0,0.0,0.4048706240487062,2.0,0.0030441400304414,21.0,31.0,4.0,26.0,1.0,0.0015220700152207,51.0,14.0,325.0,0.07014893157781135,0.0002158428663932657,0.04878048780487805,0.007633587786259542,0.436834094368341,0.0,0.0,0.0002158428663932657,46.0,0.563165905631659,370.0,0.0045662100456621,657.0
-0.1561415,0.0,1.1689919999999998,3844.0,-77.5851265,90.76190476190476,11.69047619047619,1.427325581395349,6.2525458248472505,3887.0,0.0,0.004116285052739903,0.007718034473887317,0.002572678157962439,8.03617435453178,0.0,15.0,0.03054989816700611,0.5804480651731161,0.0,0.0,14.0,18.0,4.0,15.0,3.0,0.006109979633401222,43.0,17.0,214.0,0.05505531258039619,0.0005145356315924878,0.02857142857142857,0.006134969325153374,0.29938900203665986,0.0,0.0,0.0,42.0,0.7006109979633401,344.0,0.004073319755600814,491.0
-0.1561415,0.0,1.1689919999999998,4662.0,-77.5851265,115.9,17.925,1.8671875,5.184100418410042,4706.0,0.0,0.0008499787505312367,0.00764980875478113,0.003399915002124947,7.8544161823720815,0.0,0.0,0.0,0.39748953974895396,3.0,0.0041841004184100415,2.0,4.0,11.0,30.0,6.0,0.008368200836820083,44.0,18.0,204.0,0.04334891627709307,0.0,0.061452513966480445,0.016783216783216783,0.4644351464435147,0.0,0.0,0.0006374840628984276,40.0,0.5355648535564853,384.0,0.0,717.0
-0.1561415,0.0,1.1689919999999998,4685.0,-77.5851265,105.77272727272727,13.545454545454545,1.4643734643734643,6.4614093959731544,4737.0,0.0,0.001477728520160439,0.008866371120962635,0.0033776651889381466,8.216638902409198,0.0,23.0,0.03859060402684564,0.5604026845637584,0.0,0.0,3.0,14.0,3.0,23.0,6.0,0.010067114093959731,52.0,21.0,199.0,0.0420097107874182,0.0,0.031932773109243695,0.003367003367003367,0.31711409395973156,0.0,0.0,0.0,44.0,0.6828859060402684,407.0,0.006711409395973154,596.0
-0.1561415,0.0,1.1689919999999998,4566.0,-77.5851265,87.4423076923077,13.846153846153847,2.0454545454545454,4.768055555555556,4625.0,0.0,0.00454054054054054,0.0075675675675675675,0.008,7.702283744229788,0.0,0.0,0.0,0.33611111111111114,2.0,0.002777777777777778,18.0,24.0,8.0,44.0,3.0,0.004166666666666667,59.0,19.0,354.0,0.07654054054054055,0.0,0.12100139082058414,0.037604456824512536,0.5111111111111111,23.0,0.03194444444444444,0.00043243243243243243,52.0,0.4888888888888889,352.0,0.018055555555555554,720.0
-0.1561415,0.0,1.1689919999999998,4138.0,-77.5851265,87.08510638297872,11.48936170212766,1.4438502673796791,5.987037037037037,4191.0,0.0,0.0040563111429253165,0.007396802672393224,0.00763540921021236,8.196973702806792,0.0,15.0,0.027777777777777776,0.5555555555555556,0.0,0.0,16.0,19.0,4.0,14.0,5.0,0.009259259259259259,53.0,19.0,267.0,0.06370794559770938,0.0011930326890956812,0.02040816326530612,0.0055762081784386614,0.30740740740740746,0.0,0.0,0.0,47.0,0.6925925925925925,374.0,0.012962962962962963,540.0
-0.1561415,0.0,1.1689919999999998,4277.0,-77.5851265,103.8048780487805,16.097560975609756,2.129032258064516,4.968181818181818,4326.0,0.0,0.003236245954692557,0.0076282940360610264,0.00785945446139621,7.445585375964458,0.0,0.0,0.0,0.32727272727272727,0.0,0.0,14.0,22.0,5.0,43.0,5.0,0.007575757575757576,49.0,18.0,295.0,0.06819232547387888,0.0002311604253351826,0.11836115326251896,0.031914893617021274,0.5303030303030303,33.0,0.05,0.0004623208506703652,41.0,0.4696969696969697,310.0,0.007575757575757576,660.0
-0.1561415,0.0,1.1689919999999998,3902.0,-77.5851265,77.06,10.08,1.44,6.079365079365079,3956.0,0.0,0.004044489383215369,0.007330637007077857,0.007836198179979777,8.165654218314026,0.0,8.0,0.015873015873015872,0.5436507936507936,0.0,0.0,17.0,19.0,6.0,10.0,5.0,0.00992063492063492,54.0,19.0,259.0,0.06547017189079879,0.0012639029322548028,0.03777335984095427,0.01593625498007968,0.3055555555555556,0.0,0.0,0.0,50.0,0.6944444444444444,350.0,0.005952380952380952,504.0
-0.1561415,0.0,1.1689919999999998,4066.0,-77.5851265,149.8148148148148,22.185185185185187,1.9260450160771705,5.465776293823039,4098.0,0.0,0.0029282576866764276,0.004636408003904344,0.0,7.633121817593889,0.0,0.0,0.0,0.3672787979966611,4.0,0.00667779632721202,11.0,11.0,4.0,28.0,0.0,0.0,32.0,13.0,158.0,0.038555392874572963,0.0,0.07692307692307693,0.01340033500837521,0.4808013355592654,0.0,0.0,0.0,27.0,0.5191986644407346,311.0,0.0,599.0
-0.1561415,0.0,1.1689919999999998,4201.0,-77.5851265,81.31372549019608,10.96078431372549,1.4481865284974094,6.032200357781753,4236.0,0.0,0.003777148253068933,0.008026440037771483,0.002360717658168083,8.19217209830451,0.0,16.0,0.028622540250447227,0.5581395348837209,0.0,0.0,15.0,17.0,4.0,19.0,4.0,0.007155635062611807,35.0,13.0,214.0,0.05051935788479698,0.0011803588290840415,0.03046594982078853,0.00718132854578097,0.3094812164579607,0.0,0.0,0.0,51.0,0.6905187835420393,386.0,0.005366726296958855,559.0
-0.1561415,0.0,1.1689919999999998,4400.0,-77.5851265,87.48,13.28,1.9415204678362572,5.227409638554217,4455.0,0.0,0.0004489337822671156,0.00718294051627385,0.00202020202020202,7.671521452460395,0.0,1.0,0.0015060240963855422,0.3674698795180723,0.0,0.0,2.0,17.0,4.0,37.0,4.0,0.006024096385542169,55.0,22.0,242.0,0.05432098765432099,0.0002244668911335578,0.10105580693815988,0.021148036253776436,0.4849397590361446,0.0,0.0,0.0,50.0,0.5150602409638554,342.0,0.0,664.0
-0.1561415,0.0,1.1689919999999998,4412.0,-77.5851265,95.08695652173913,12.847826086956522,1.4886649874055415,5.959390862944162,4455.0,0.0,0.003591470258136925,0.008529741863075197,0.0026936026936026937,8.20970036018783,0.0,21.0,0.03553299492385787,0.5380710659898477,0.0,0.0,13.0,18.0,4.0,21.0,5.0,0.008460236886632826,43.0,17.0,236.0,0.05297418630751964,0.0006734006734006734,0.04067796610169491,0.006791171477079796,0.32825719120135366,0.0,0.0,0.0,46.0,0.6717428087986463,397.0,0.005076142131979695,591.0
-0.1561415,0.0,1.1689919999999998,4475.0,-77.5851265,123.30555555555556,17.833333333333332,1.8554913294797688,5.605919003115265,4505.0,0.0,0.0031076581576026637,0.004217536071032186,0.0017758046614872365,7.747290524901067,0.0,0.0,0.0,0.397196261682243,3.0,0.004672897196261682,13.0,18.0,4.0,30.0,3.0,0.004672897196261682,30.0,11.0,210.0,0.04661487236403995,0.0,0.062402496099843996,0.0109375,0.4610591900311527,0.0,0.0,0.00022197558268590456,36.0,0.5389408099688473,346.0,0.009345794392523364,642.0
-0.1561415,0.0,1.1689919999999998,4149.0,-77.5851265,98.04761904761905,12.452380952380953,1.4942857142857142,6.3919694072657744,4192.0,0.0,0.003816793893129771,0.007633587786259542,0.0019083969465648854,8.069748033724162,0.0,16.0,0.030592734225621414,0.5277246653919694,0.0,0.0,14.0,20.0,4.0,16.0,7.0,0.01338432122370937,43.0,17.0,237.0,0.05653625954198473,0.0009541984732824427,0.038314176245210725,0.007677543186180422,0.3307839388145315,0.0,0.0,0.0,42.0,0.6692160611854685,350.0,0.011472275334608031,523.0
-0.1561415,0.0,1.1689919999999998,5094.0,-77.5851265,123.58536585365853,18.26829268292683,1.8962025316455695,5.393858477970627,5139.0,0.0,0.004280988519167153,0.005643121229811247,0.0015567230978789648,7.864648527129444,0.0,10.0,0.01335113484646195,0.3951935914552737,2.0,0.0026702269692923898,15.0,19.0,4.0,36.0,6.0,0.00801068090787717,45.0,16.0,262.0,0.0509826814555361,0.0001945903872348706,0.06684491978609626,0.014725568942436412,0.472630173564753,0.0,0.0,0.0001945903872348706,41.0,0.527369826435247,395.0,0.006675567423230975,749.0
-0.1561415,0.0,1.1689919999999998,4238.0,-77.5851265,97.3953488372093,12.534883720930232,1.4607046070460705,6.385899814471243,4272.0,0.0,0.003979400749063671,0.00749063670411985,0.0025749063670411983,8.121315821033248,0.0,13.0,0.02411873840445269,0.5695732838589982,0.0,0.0,14.0,16.0,4.0,13.0,8.0,0.014842300556586271,34.0,12.0,202.0,0.04728464419475655,0.00023408239700374532,0.027881040892193308,0.00186219739292365,0.3153988868274582,0.0,0.0,0.0,43.0,0.6846011131725418,369.0,0.0074211502782931356,539.0
-0.1561415,0.0,1.1689919999999998,4363.0,-77.5851265,114.23684210526316,17.105263157894736,1.8895348837209303,5.390769230769231,4412.0,0.0,0.0011332728921124207,0.007479601087941976,0.0038531278331822303,7.718543306879987,0.0,0.0,0.0,0.38153846153846155,3.0,0.004615384615384616,3.0,13.0,4.0,28.0,6.0,0.009230769230769232,49.0,20.0,189.0,0.042837715321849504,0.0,0.07550077041602465,0.009259259259259259,0.4707692307692307,0.0,0.0,0.0,38.0,0.5292307692307693,344.0,0.0,650.0
-0.1561415,0.0,1.1689919999999998,4016.0,-77.5851265,88.15555555555555,11.333333333333334,1.4406779661016949,6.386274509803922,4045.0,0.0,0.004697156983930779,0.007169344870210136,0.003955500618046972,8.106521029352928,0.0004944375772558715,14.0,0.027450980392156862,0.5745098039215686,0.0,0.0,14.0,18.0,3.0,14.0,8.0,0.01568627450980392,29.0,10.0,208.0,0.05142150803461063,0.00024721878862793575,0.03536345776031434,0.003937007874015748,0.3058823529411765,0.0,0.0,0.0,45.0,0.6941176470588235,354.0,0.0,510.0
-0.1561415,0.0,1.1689919999999998,4599.0,-77.5851265,108.83333333333333,16.61904761904762,1.9123287671232876,5.237822349570201,4647.0,0.0,0.0012911555842479018,0.00688616311598881,0.004088659350118356,7.7821289294323925,0.0,0.0,0.0,0.3753581661891118,0.0,0.0,4.0,17.0,4.0,30.0,5.0,0.0071633237822349575,48.0,19.0,231.0,0.04970948999354422,0.0,0.06743185078909612,0.004310344827586207,0.4770773638968482,0.0,0.0,0.00043038519474930065,42.0,0.5229226361031518,365.0,0.0014326647564469914,698.0
-0.1561415,0.0,1.1689919999999998,3960.0,-77.5851265,93.14285714285714,12.261904761904763,1.446629213483146,6.248543689320388,3988.0,0.0,0.004513540621865597,0.007271815446339017,0.003259779338014042,8.079983989512694,0.0,16.0,0.031067961165048542,0.5689320388349515,0.0,0.0,13.0,16.0,3.0,16.0,9.0,0.017475728155339806,28.0,10.0,193.0,0.04839518555667001,0.00025075225677031093,0.033073929961089495,0.005847953216374269,0.3087378640776699,0.0,0.0,0.0,42.0,0.6912621359223301,356.0,0.003883495145631068,515.0
-0.1561415,0.0,1.1689919999999998,3837.0,-77.5851265,103.37837837837837,16.18918918918919,1.9511400651465798,4.828046744574291,3876.0,0.0,0.005159958720330237,0.005933952528379773,0.007997936016511867,7.588485971065942,0.0,7.0,0.011686143572621035,0.3555926544240401,1.0,0.001669449081803005,17.0,23.0,5.0,29.0,1.0,0.001669449081803005,39.0,12.0,306.0,0.07894736842105263,0.001805985552115583,0.07190635451505016,0.01340033500837521,0.4874791318864775,23.0,0.038397328881469114,0.00025799793601651185,37.0,0.5125208681135225,307.0,0.01001669449081803,599.0
-0.1561415,0.0,1.1689919999999998,3476.0,-77.5851265,61.160714285714285,8.410714285714286,1.4672897196261683,5.677282377919321,3524.0,0.0,0.0056753688989784334,0.007945516458569807,0.008229284903518728,7.980769216341997,0.0,8.0,0.016985138004246284,0.5520169851380042,0.0,0.0,16.0,21.0,5.0,11.0,6.0,0.012738853503184714,48.0,19.0,244.0,0.06923950056753689,0.0019863791146424517,0.023404255319148935,0.0042643923240938165,0.3184713375796179,2.0,0.004246284501061571,0.0,56.0,0.6815286624203821,321.0,0.012738853503184714,471.0
-0.1561415,0.0,1.1689919999999998,4506.0,-77.5851265,89.3,13.96,1.871313672922252,4.997134670487106,4563.0,0.0,0.002410694718387026,0.006574621959237344,0.005917159763313609,7.873689233825767,0.0,2.0,0.0028653295128939827,0.38825214899713467,2.0,0.0028653295128939827,8.0,20.0,4.0,36.0,9.0,0.012893982808022923,57.0,23.0,271.0,0.05939075169844401,0.00021915406530791147,0.05164992826398852,0.007183908045977011,0.46561604584527216,14.0,0.02005730659025788,0.00021915406530791147,50.0,0.5343839541547278,373.0,0.0071633237822349575,698.0
-0.1561415,0.0,1.1689919999999998,3651.0,-77.5851265,73.38775510204081,10.326530612244898,1.45821325648415,5.737154150197629,3684.0,0.0,0.004614549402823019,0.009771986970684038,0.007328990228013029,8.102231799377165,0.0,7.0,0.01383399209486166,0.5355731225296443,0.0,0.0,11.0,15.0,3.0,12.0,11.0,0.021739130434782608,33.0,13.0,215.0,0.05836047774158523,0.0013572204125950054,0.02178217821782178,0.005952380952380952,0.31422924901185767,1.0,0.001976284584980237,0.0,49.0,0.6857707509881423,347.0,0.01383399209486166,506.0
-0.1561415,0.0,1.1689919999999998,4575.0,-77.5851265,98.84782608695652,16.608695652173914,1.9844155844155844,4.634816753926701,4628.0,0.0,0.00108038029386344,0.00972342264477096,0.00648228176318064,7.645441548609642,0.0,0.0,0.0,0.3913612565445026,2.0,0.002617801047120419,3.0,15.0,4.0,50.0,5.0,0.006544502617801047,53.0,22.0,252.0,0.05445116681071737,0.0,0.12057667103538663,0.026246719160104987,0.49607329842931935,26.0,0.034031413612565446,0.000432152117545376,46.0,0.5039267015706806,385.0,0.0,764.0
-0.1561415,0.0,1.1689919999999998,3380.0,-77.5851265,85.74358974358974,11.538461538461538,1.3636363636363635,6.046666666666667,3409.0,0.0,0.0032267527134056907,0.01026694045174538,0.002933411557641537,7.98457981450611,0.0,12.0,0.02666666666666667,0.6422222222222222,0.0,0.0,10.0,12.0,3.0,13.0,6.0,0.013333333333333334,29.0,12.0,168.0,0.049281314168377825,0.0008800234672924611,0.017817371937639197,0.0,0.2666666666666667,1.0,0.0022222222222222222,0.0,39.0,0.7333333333333333,330.0,0.0044444444444444444,450.0
-0.1561415,0.0,1.1689919999999998,3930.0,-77.5851265,92.47619047619048,15.452380952380953,1.9144542772861357,4.63020030816641,3970.0,0.0,0.003778337531486146,0.009319899244332493,0.006045340050377834,7.582593688178405,0.0,0.0,0.0,0.39599383667180277,2.0,0.0030816640986132513,13.0,20.0,4.0,37.0,6.0,0.009244992295839754,40.0,14.0,253.0,0.063727959697733,0.0005037783375314861,0.09876543209876543,0.01854714064914992,0.47765793528505396,13.0,0.020030816640986132,0.00025188916876574307,42.0,0.522342064714946,339.0,0.0015408320493066256,649.0
-0.1561415,0.0,1.1689919999999998,3030.0,-77.5851265,85.77142857142857,11.857142857142858,1.4664310954063604,5.749397590361446,3065.0,0.0,0.0035889070146818925,0.011092985318107667,0.002936378466557912,7.720030870667946,0.0,12.0,0.02891566265060241,0.5759036144578313,0.0,0.0,11.0,13.0,3.0,15.0,11.0,0.02650602409638554,35.0,10.0,158.0,0.05154975530179445,0.0006525285481239804,0.026570048309178744,0.002421307506053269,0.31807228915662655,0.0,0.0,0.0,35.0,0.6819277108433734,283.0,0.004819277108433735,415.0
-0.1561415,0.0,1.1689919999999998,4219.0,-77.5851265,110.42105263157895,17.31578947368421,1.993939393939394,4.899696048632219,4261.0,0.0,0.003989673785496362,0.0077446608777282325,0.004224360478760855,7.433718082806879,0.0,0.0,0.0,0.3738601823708207,0.0,0.0,12.0,23.0,4.0,59.0,2.0,0.00303951367781155,42.0,15.0,291.0,0.06829382773996714,0.0,0.1019786910197869,0.024390243902439025,0.4984802431610942,7.0,0.010638297872340425,0.0004693733865289838,38.0,0.5015197568389058,330.0,0.0,658.0
-0.1561415,0.0,1.1689919999999998,3729.0,-77.5851265,112.27272727272727,14.393939393939394,1.3888888888888888,6.3178947368421055,3771.0,0.0,0.0037125430920180325,0.00928135773004508,0.0015910898965791568,8.092291144505959,0.0,9.0,0.018947368421052633,0.5978947368421053,0.0,0.0,8.0,12.0,9.0,18.0,6.0,0.01263157894736842,42.0,17.0,186.0,0.049323786793953855,0.0005303632988597189,0.027426160337552744,0.008456659619450317,0.28,1.0,0.002105263157894737,0.0,33.0,0.72,342.0,0.0,475.0
-0.1561415,0.0,1.1689919999999998,3856.0,-77.5851265,80.97872340425532,12.127659574468085,1.958762886597938,4.985964912280702,3908.0,0.0,0.0063971340839304,0.006141248720573183,0.0053735926305015355,7.445931824934049,0.0,1.0,0.0017543859649122807,0.3631578947368421,2.0,0.0035087719298245615,21.0,28.0,6.0,45.0,2.0,0.0035087719298245615,52.0,16.0,347.0,0.08879222108495394,0.0,0.12478031634446397,0.04225352112676056,0.4894736842105263,11.0,0.01929824561403509,0.0005117707267144319,47.0,0.5105263157894737,291.0,0.0,570.0
-0.1561415,0.0,1.1689919999999998,3615.0,-77.5851265,81.5,9.954545454545455,1.36875,6.436073059360731,3672.0,0.0,0.006808278867102397,0.006263616557734205,0.0051742919389978215,8.032160518174347,0.0,5.0,0.01141552511415525,0.5958904109589042,0.0,0.0,18.0,27.0,6.0,13.0,7.0,0.01598173515981735,57.0,20.0,272.0,0.07407407407407407,0.0008169934640522876,0.034324942791762014,0.009174311926605505,0.26940639269406397,0.0,0.0,0.0,44.0,0.730593607305936,320.0,0.0,438.0
-0.1561415,0.0,1.1689919999999998,4525.0,-77.5851265,118.34210526315789,17.842105263157894,1.9098591549295774,5.230088495575221,4561.0,0.0,0.0037272527954395965,0.008989256741942557,0.00263100197325148,7.767944547785012,0.0,0.0,0.0,0.387905604719764,3.0,0.004424778761061947,14.0,18.0,5.0,33.0,2.0,0.0029498525073746312,36.0,11.0,281.0,0.061609296206972156,0.0,0.06351550960118169,0.008875739644970414,0.47640117994100295,0.0,0.0,0.0,38.0,0.523598820058997,355.0,0.0058997050147492625,678.0
-0.1561415,0.0,1.1689919999999998,4786.0,-77.5851265,85.08928571428571,13.142857142857142,2.005449591280654,5.050271739130435,4844.0,0.0,0.0012386457473162675,0.009083402146985962,0.004335260115606936,7.754892576807247,0.0,0.0,0.0,0.3491847826086957,1.0,0.001358695652173913,6.0,16.0,7.0,30.0,5.0,0.006793478260869565,58.0,21.0,312.0,0.06440957886044592,0.00041288191577208916,0.08027210884353742,0.014986376021798364,0.5013586956521738,1.0,0.001358695652173913,0.0006193228736581337,56.0,0.4986413043478261,367.0,0.01358695652173913,736.0
-0.1561415,0.0,1.1689919999999998,3980.0,-77.5851265,89.4090909090909,11.704545454545455,1.4630681818181819,6.248543689320388,4013.0,0.0,0.00373785198106155,0.00697732369798156,0.00523299277348617,8.050950885537606,0.0,12.0,0.02330097087378641,0.5572815533980583,0.0,0.0,16.0,16.0,4.0,18.0,8.0,0.015533980582524271,33.0,11.0,195.0,0.04859207575380015,0.0,0.033073929961089495,0.003898635477582846,0.31650485436893205,0.0,0.0,0.0,44.0,0.683495145631068,352.0,0.005825242718446602,515.0
-0.1561415,0.0,1.1689919999999998,4714.0,-77.5851265,106.4090909090909,16.136363636363637,1.9722222222222223,5.187323943661972,4768.0,0.0,0.0041946308724832215,0.006921140939597316,0.002936241610738255,7.819455883002648,0.0,0.0,0.0,0.35492957746478876,5.0,0.007042253521126761,14.0,26.0,3.0,32.0,4.0,0.005633802816901409,54.0,18.0,274.0,0.057466442953020135,0.0,0.07475317348377997,0.011299435028248588,0.49295774647887325,0.0,0.0,0.00041946308724832214,44.0,0.5070422535211268,360.0,0.008450704225352112,710.0
-0.1561415,0.0,1.1689919999999998,3863.0,-77.5851265,72.20754716981132,12.584905660377359,2.201320132013201,4.349325337331335,3910.0,0.0,0.004092071611253197,0.007416879795396419,0.005626598465473146,7.357172417332489,0.0,4.0,0.005997001499250375,0.3073463268365817,2.0,0.0029985007496251873,8.0,16.0,9.0,46.0,6.0,0.008995502248875561,47.0,17.0,276.0,0.07058823529411765,0.0007672634271099745,0.1036036036036036,0.013533834586466165,0.5457271364317842,38.0,0.05697151424287856,0.0,53.0,0.4542728635682159,303.0,0.041979010494752625,667.0
-0.1561415,0.0,1.1689919999999998,4430.0,-77.5851265,95.6086956521739,15.152173913043478,1.9415041782729805,4.84648493543759,4481.0,0.0,0.004016960499888418,0.00691809863869672,0.0017853157777281857,7.579305283930932,0.0,3.0,0.00430416068866571,0.3916786226685796,1.0,0.0014347202295552368,15.0,22.0,5.0,58.0,7.0,0.010043041606886656,51.0,18.0,301.0,0.06717250613702298,0.0,0.07758620689655173,0.014388489208633094,0.48493543758967006,17.0,0.024390243902439025,0.0004463289444320464,46.0,0.5150645624103299,359.0,0.03730272596843615,697.0
-0.1561415,0.0,1.1689919999999998,4355.0,-77.5851265,91.97872340425532,13.76595744680851,1.891812865497076,5.202472952086553,4397.0,0.0,0.004321128041846714,0.006367978166931999,0.002729133500113714,7.706061073200422,0.0,2.0,0.0030911901081916537,0.38639876352395675,5.0,0.0077279752704791345,15.0,22.0,7.0,35.0,7.0,0.010819165378670788,42.0,13.0,291.0,0.06618148737775756,0.0,0.06656346749226007,0.009302325581395349,0.4714064914992272,3.0,0.00463678516228748,0.00022742779167614282,47.0,0.5285935085007728,342.0,0.00463678516228748,647.0
-0.1561415,0.0,1.1689919999999998,3795.0,-77.5851265,79.57446808510639,10.48936170212766,1.4629080118694362,6.1602434077079105,3832.0,0.0,0.0036534446764091857,0.007567849686847599,0.003131524008350731,8.023914524065944,0.0,9.0,0.018255578093306288,0.5537525354969574,0.0,0.0,14.0,15.0,7.0,19.0,6.0,0.012170385395537525,37.0,10.0,206.0,0.05375782881002088,0.0007828810020876827,0.024390243902439025,0.002036659877800407,0.3164300202839757,0.0,0.0,0.0,47.0,0.6835699797160243,337.0,0.008113590263691683,493.0
-0.1561415,0.0,1.1689919999999998,4675.0,-77.5851265,99.02127659574468,14.851063829787234,1.9829545454545454,5.333810888252149,4729.0,0.0,0.0010573059843518714,0.006132374709240854,0.0033833791499259885,7.69605955638547,0.0,2.0,0.0028653295128939827,0.3538681948424069,5.0,0.0071633237822349575,2.0,16.0,4.0,44.0,6.0,0.008595988538681949,54.0,23.0,232.0,0.04905899767392683,0.00021146119687037428,0.0746054519368723,0.008620689655172414,0.49570200573065903,1.0,0.0014326647564469914,0.00042292239374074856,47.0,0.504297994269341,352.0,0.0014326647564469914,698.0
-0.1561415,0.0,1.1689919999999998,4719.0,-77.5851265,89.98076923076923,11.615384615384615,1.4046511627906977,6.144039735099338,4779.0,0.0,0.003138731952291274,0.00983469345051266,0.005440468717304876,8.396461892055058,0.0,10.0,0.016556291390728478,0.5860927152317881,0.0,0.0,10.0,20.0,8.0,15.0,5.0,0.008278145695364239,60.0,21.0,309.0,0.06465787821720025,0.001464741577735928,0.03150912106135987,0.011627906976744186,0.2880794701986755,0.0,0.0,0.0,52.0,0.7119205298013245,430.0,0.008278145695364239,604.0
-0.1561415,0.0,1.1689919999999998,4138.0,-77.5851265,102.475,13.55,1.4688346883468835,6.049815498154982,4184.0,0.0,0.0040630975143403445,0.00788718929254302,0.004541108986615679,8.183717628336526,0.0,11.0,0.02029520295202952,0.5350553505535055,0.0,0.0,12.0,22.0,5.0,13.0,5.0,0.00922509225092251,46.0,18.0,249.0,0.05951242829827916,0.0009560229445506692,0.04251386321626617,0.012962962962962963,0.3191881918819188,0.0,0.0,0.0,40.0,0.6808118081180812,369.0,0.01845018450184502,542.0
-0.1561415,0.0,1.1689919999999998,4195.0,-77.5851265,126.24242424242425,18.363636363636363,1.8878504672897196,5.445544554455446,4232.0,0.0,0.003780718336483932,0.0077977315689981095,0.0025992438563327033,7.5954516289853,0.0,0.0,0.0,0.38943894389438943,2.0,0.0033003300330033004,15.0,22.0,4.0,39.0,3.0,0.0049504950495049506,37.0,14.0,259.0,0.06120037807183365,0.00023629489603024575,0.06446280991735537,0.0016556291390728477,0.47029702970297027,0.0,0.0,0.00023629489603024575,33.0,0.5297029702970297,321.0,0.0033003300330033004,606.0
-0.1561415,0.0,1.1689919999999998,4920.0,-77.5851265,97.82,14.66,1.939153439153439,5.351978171896317,4978.0,0.0,0.0022097227802330252,0.0044194455604660505,0.0026114905584572116,7.728444616975678,0.0,3.0,0.004092769440654843,0.3806275579809004,2.0,0.002728512960436562,6.0,18.0,4.0,47.0,3.0,0.004092769440654843,58.0,24.0,240.0,0.04821213338690237,0.0006026516673362796,0.0860655737704918,0.017783857729138167,0.4843110504774898,0.0,0.0,0.0002008838891120932,50.0,0.5156889495225102,378.0,0.008185538881309686,733.0
-0.1561415,0.0,1.1689919999999998,4314.0,-77.5851265,92.80434782608695,12.217391304347826,1.510752688172043,6.234875444839858,4348.0,0.0,0.004829806807727691,0.006439742410303588,0.0036798528058877645,8.110594268482458,0.0,15.0,0.026690391459074734,0.5355871886120996,0.0,0.0,13.0,16.0,4.0,15.0,14.0,0.02491103202846975,34.0,13.0,204.0,0.046918123275068994,0.0,0.030303030303030304,0.0035714285714285713,0.33807829181494664,0.0,0.0,0.0,46.0,0.6619217081850534,372.0,0.0,562.0
-0.1561415,0.0,1.1689919999999998,3374.0,-77.5851265,83.425,10.975,1.448844884488449,6.152619589977221,3410.0,0.0,0.0035190615835777126,0.00997067448680352,0.002932551319648094,7.8715193280021944,0.0,12.0,0.02733485193621868,0.5671981776765376,0.0,0.0,12.0,14.0,4.0,12.0,6.0,0.01366742596810934,36.0,13.0,186.0,0.05454545454545454,0.0005865102639296188,0.02968036529680365,0.004576659038901602,0.3097949886104784,0.0,0.0,0.0,40.0,0.6902050113895216,303.0,0.00683371298405467,439.0
-0.1561415,0.0,1.1689919999999998,4369.0,-77.5851265,98.79545454545455,15.681818181818182,1.9770773638968482,4.853623188405797,4418.0,0.0,0.003168854685377999,0.008601177003168854,0.0033952014486192846,7.5293289682284685,0.0,0.0,0.0,0.38405797101449274,1.0,0.0014492753623188406,8.0,18.0,8.0,55.0,4.0,0.005797101449275362,49.0,19.0,299.0,0.06767768220914441,0.0,0.10014513788098693,0.0188953488372093,0.49420289855072463,7.0,0.010144927536231883,0.0004526935264825713,44.0,0.5057971014492754,349.0,0.0014492753623188406,690.0
-0.1561415,0.0,1.1689919999999998,3371.0,-77.5851265,87.84210526315789,11.789473684210526,1.4088050314465408,5.901785714285714,3406.0,0.0,0.006165590135055784,0.009982384028185555,0.007046388725778039,7.995917982637071,0.0,6.0,0.013392857142857142,0.5803571428571429,0.0,0.0,16.0,20.0,5.0,15.0,10.0,0.022321428571428572,35.0,9.0,234.0,0.06870229007633588,0.0,0.024608501118568233,0.008968609865470852,0.2901785714285714,0.0,0.0,0.0,38.0,0.7098214285714286,318.0,0.002232142857142857,448.0
-0.1561415,0.0,1.1689919999999998,4674.0,-77.5851265,66.11428571428571,10.185714285714285,2.04297994269341,4.695652173913044,4748.0,0.0,0.008635214827295703,0.005054759898904802,0.008003369839932602,7.658959718971449,0.0,0.0,0.0,0.32398316970546986,1.0,0.001402524544179523,38.0,26.0,8.0,64.0,2.0,0.002805049088359046,74.0,19.0,447.0,0.09414490311710194,0.0010530749789385003,0.0898876404494382,0.015471167369901548,0.5105189340813464,6.0,0.008415147265077139,0.0,70.0,0.4894810659186536,349.0,0.019635343618513323,713.0
-0.1561415,0.0,1.1689919999999998,4078.0,-77.5851265,61.815384615384616,8.323076923076924,1.4821917808219178,5.750462107208873,4136.0,0.0,0.008704061895551257,0.008462282398452611,0.007495164410058027,8.114617924350195,0.00024177949709864604,16.0,0.029574861367837338,0.5508317929759704,0.0,0.0,25.0,25.0,7.0,15.0,6.0,0.011090573012939002,58.0,18.0,342.0,0.08268858800773694,0.0031431334622823983,0.022222222222222223,0.0018552875695732839,0.32532347504621073,0.0,0.0,0.0,65.0,0.6746765249537893,365.0,0.012939001848428836,541.0
-0.1561415,0.0,1.1689919999999998,3953.0,-77.5851265,74.0754716981132,11.79245283018868,2.0161290322580645,4.4912,4016.0,0.0,0.006723107569721116,0.005478087649402391,0.00846613545816733,7.610219761721379,0.0,12.0,0.0192,0.3456,2.0,0.0032,32.0,28.0,9.0,30.0,4.0,0.0064,63.0,13.0,370.0,0.09213147410358566,0.00398406374501992,0.0673076923076923,0.009630818619582664,0.504,22.0,0.0352,0.000249003984063745,53.0,0.496,310.0,0.0032,625.0
-0.1561415,0.0,1.1689919999999998,4127.0,-77.5851265,61.03030303030303,8.363636363636363,1.4959349593495934,5.5851449275362315,4191.0,0.0,0.008351228823669768,0.007396802672393224,0.007874015748031496,8.033090620752086,0.0004772130756382725,21.0,0.03804347826086957,0.5489130434782609,0.0,0.0,34.0,28.0,5.0,21.0,14.0,0.025362318840579712,64.0,18.0,334.0,0.0796945836315915,0.0,0.019963702359346643,0.0,0.3315217391304348,1.0,0.0018115942028985507,0.0,66.0,0.6684782608695652,369.0,0.010869565217391304,552.0
-0.1561415,0.0,1.1689919999999998,3140.0,-77.5851265,72.11627906976744,11.069767441860465,1.6643356643356644,4.813025210084033,3185.0,0.0,0.007849293563579277,0.005023547880690738,0.007221350078492936,7.575594122364747,0.0,1.0,0.0021008403361344537,0.45168067226890757,3.0,0.0063025210084033615,24.0,19.0,6.0,31.0,0.0,0.0,45.0,9.0,270.0,0.0847723704866562,0.0018838304552590266,0.06315789473684211,0.010548523206751054,0.39915966386554624,6.0,0.012605042016806723,0.0,43.0,0.6008403361344538,286.0,0.008403361344537815,476.0
-0.1561415,0.0,1.1689919999999998,3067.0,-77.5851265,75.925,10.275,1.4123711340206186,5.652068126520681,3113.0,0.0,0.008994539029874718,0.006424670735624799,0.006424670735624799,7.858466299424288,0.00032123353678124,7.0,0.0170316301703163,0.5815085158150851,0.0,0.0,21.0,21.0,6.0,14.0,4.0,0.009732360097323601,46.0,11.0,261.0,0.08384195309990362,0.00128493414712496,0.012195121951219513,0.0024449877750611247,0.291970802919708,3.0,0.0072992700729927005,0.0,40.0,0.708029197080292,291.0,0.009732360097323601,411.0
-0.1561415,0.0,1.1689919999999998,4795.0,-77.5851265,60.72727272727273,8.74025974025974,1.9450867052023122,4.852897473997028,4875.0,0.0,0.011487179487179488,0.009846153846153846,0.012512820512820513,7.7638745260698,0.0,0.0,0.0,0.3699851411589896,0.0,0.0,48.0,44.0,6.0,27.0,2.0,0.0029717682020802376,80.0,17.0,594.0,0.12184615384615384,0.0,0.05654761904761905,0.013412816691505217,0.4858841010401189,11.0,0.01634472511144131,0.0,77.0,0.5141158989598811,346.0,0.022288261515601784,673.0
-0.1561415,0.0,1.1689919999999998,4666.0,-77.5851265,62.57534246575342,7.7534246575342465,1.4934036939313984,5.840989399293286,4739.0,0.0,0.010761764085250054,0.010550749103186326,0.010128719139058873,8.138179921174341,0.0,18.0,0.03180212014134275,0.5388692579505301,0.0,0.0,45.0,23.0,5.0,18.0,2.0,0.0035335689045936395,73.0,15.0,532.0,0.11225997045790251,0.00042202996412745304,0.02831858407079646,0.0017730496453900709,0.3303886925795053,0.0,0.0,0.0,73.0,0.6696113074204947,379.0,0.022968197879858657,566.0
-0.1561415,0.0,1.1689919999999998,4809.0,-77.5851265,63.013333333333335,8.746666666666666,1.9237536656891496,5.1051829268292686,4875.0,0.0,0.011897435897435898,0.009025641025641025,0.011897435897435898,7.793623995648845,0.0,0.0,0.0,0.3673780487804878,0.0,0.0,44.0,48.0,5.0,23.0,0.0,0.0,66.0,12.0,616.0,0.12635897435897436,0.00041025641025641023,0.059541984732824425,0.01529051987767584,0.48018292682926833,12.0,0.018292682926829267,0.0,75.0,0.5198170731707317,341.0,0.006097560975609756,656.0
-0.1561415,0.0,1.1689919999999998,4330.0,-77.5851265,61.34782608695652,7.695652173913044,1.4873949579831933,5.7947269303201505,4405.0,0.0,0.007491486946651533,0.010896708286038592,0.008172531214528945,8.03784713601011,0.00022701475595913735,22.0,0.04143126177024482,0.544256120527307,0.0,0.0,48.0,26.0,5.0,22.0,3.0,0.005649717514124294,75.0,15.0,440.0,0.09988649262202043,0.0004540295119182747,0.026415094339622643,0.001890359168241966,0.327683615819209,0.0,0.0,0.0,69.0,0.672316384180791,357.0,0.02824858757062147,531.0
-0.1561415,0.0,1.1689919999999998,5203.0,-77.5851265,74.0,10.457142857142857,2.0,4.997267759562842,5299.0,0.0,0.008114738629930176,0.0043404415927533494,0.009813172296659747,7.922200739572613,0.0,8.0,0.01092896174863388,0.3333333333333333,1.0,0.001366120218579235,35.0,46.0,11.0,38.0,5.0,0.006830601092896175,96.0,23.0,611.0,0.11530477448575203,0.0007548594074353652,0.09439124487004104,0.01643835616438356,0.5,5.0,0.006830601092896175,0.0005661445555765239,70.0,0.5,366.0,0.025956284153005466,732.0
-0.1561415,0.0,1.1689919999999998,4674.0,-77.5851265,60.98684210526316,7.947368421052632,1.5062344139650872,5.685430463576159,4766.0,0.0,0.008602601762484263,0.005035669324381032,0.009861519093579522,8.31732716574048,0.0,11.0,0.018211920529801324,0.5033112582781457,0.0,0.0,23.0,35.0,13.0,12.0,13.0,0.02152317880794702,92.0,30.0,503.0,0.10553923625681913,0.0014687368862778011,0.028192371475953566,0.0033222591362126247,0.3360927152317881,0.0,0.0,0.0,76.0,0.6639072847682119,401.0,0.039735099337748346,604.0
-0.1561415,0.0,1.1689919999999998,4464.0,-77.5851265,48.95505617977528,7.561797752808989,1.8904494382022472,4.826151560178306,4536.0,0.0,0.00992063492063492,0.003968253968253968,0.01146384479717813,7.808597689721467,0.0,2.0,0.0029717682020802376,0.35958395245170877,0.0,0.0,32.0,35.0,7.0,49.0,3.0,0.004457652303120356,72.0,21.0,442.0,0.0974426807760141,0.0024250440917107582,0.05952380952380952,0.004470938897168405,0.4710252600297177,5.0,0.007429420505200594,0.0002204585537918871,89.0,0.5289747399702823,356.0,0.01337295690936107,673.0
-0.1561415,0.0,1.1689919999999998,4230.0,-77.5851265,58.16901408450704,7.464788732394366,1.4640883977900552,5.937735849056604,4301.0,0.0,0.009765170890490584,0.006277609858172518,0.01278772378516624,8.139542842444088,0.0,9.0,0.016981132075471698,0.5566037735849056,0.0,0.0,37.0,31.0,9.0,10.0,7.0,0.013207547169811321,71.0,22.0,394.0,0.09160660311555452,0.0016275284817484307,0.01890359168241966,0.0,0.31698113207547174,0.0,0.0,0.0,71.0,0.6830188679245283,362.0,0.01509433962264151,530.0
-0.1561415,0.0,1.1689919999999998,3741.0,-77.5851265,55.59090909090909,8.530303030303031,1.8044871794871795,4.930728241563055,3790.0,0.0,0.007387862796833773,0.00712401055408971,0.008179419525065963,7.6812459150619,0.0,0.0,0.0,0.38898756660746003,1.0,0.0017761989342806395,26.0,22.0,5.0,34.0,0.0,0.0,49.0,12.0,312.0,0.08232189973614776,0.0007915567282321899,0.04448398576512456,0.0017825311942959,0.44582593250444047,20.0,0.035523978685612786,0.0007915567282321899,66.0,0.5541740674955595,312.0,0.003552397868561279,563.0
-0.1561415,0.0,1.1689919999999998,3667.0,-77.5851265,63.19298245614035,8.350877192982455,1.451219512195122,5.829831932773109,3729.0,0.0,0.008849557522123894,0.007508715473317243,0.009385894341646554,8.02144369044218,0.0,14.0,0.029411764705882353,0.5441176470588235,0.0,0.0,25.0,23.0,7.0,15.0,4.0,0.008403361344537815,62.0,22.0,295.0,0.07910968087959239,0.0008045052292839903,0.01263157894736842,0.002109704641350211,0.31092436974789917,0.0,0.0,0.0,57.0,0.6890756302521008,328.0,0.0,476.0
-0.1561415,0.0,1.1689919999999998,4067.0,-77.5851265,59.52238805970149,9.373134328358208,1.891566265060241,4.689490445859873,4124.0,0.0,0.010184287099903006,0.005092143549951503,0.010184287099903006,7.711908595131703,0.0,7.0,0.011146496815286623,0.3630573248407643,0.0,0.0,29.0,25.0,6.0,47.0,1.0,0.0015923566878980893,57.0,15.0,386.0,0.0935984481086324,0.0007274490785645005,0.049441786283891544,0.004792332268370607,0.4713375796178344,13.0,0.020700636942675158,0.00048496605237633366,67.0,0.5286624203821656,332.0,0.0031847133757961785,628.0
-0.1561415,0.0,1.1689919999999998,3554.0,-77.5851265,67.01923076923077,9.307692307692308,1.4711246200607904,5.49793388429752,3613.0,0.0,0.00996401882092444,0.00996401882092444,0.00941046221976197,7.932791085880515,0.0,16.0,0.03305785123966942,0.5661157024793388,0.0,0.0,27.0,27.0,6.0,18.0,5.0,0.010330578512396695,59.0,20.0,321.0,0.08884583448657625,0.0,0.020703933747412008,0.0,0.3202479338842975,3.0,0.006198347107438017,0.0,52.0,0.6797520661157025,329.0,0.004132231404958678,484.0
-0.1561415,0.0,1.1689919999999998,3761.0,-77.5851265,74.48,11.86,1.9766666666666666,4.661045531197302,3806.0,0.0,0.00604308985811876,0.0076195480819758275,0.002364687335785602,7.493044102082569,0.0,3.0,0.00505902192242833,0.342327150084317,0.0,0.0,20.0,21.0,6.0,52.0,1.0,0.0016863406408094434,45.0,11.0,329.0,0.08644245927482921,0.0005254860746190226,0.08783783783783784,0.01015228426395939,0.49409780775716694,12.0,0.02023608768971332,0.0,50.0,0.5059021922428331,300.0,0.0,593.0
-0.1561415,0.0,1.1689919999999998,3533.0,-77.5851265,87.225,11.75,1.4156626506024097,5.782978723404256,3571.0,0.0,0.007560907308877065,0.011201344161299356,0.002800336040324839,8.035082218482792,0.0,15.0,0.031914893617021274,0.574468085106383,0.0,0.0,19.0,15.0,5.0,15.0,6.0,0.01276595744680851,38.0,10.0,242.0,0.0677681321758611,0.0008401008120974517,0.006396588486140725,0.0,0.2936170212765957,0.0,0.0,0.0,40.0,0.7063829787234043,332.0,0.0,470.0
-0.1561415,0.0,1.1689919999999998,4316.0,-77.5851265,72.20338983050847,11.525423728813559,2.029850746268657,4.580882352941177,4381.0,0.0,0.008902077151335312,0.005021684546907099,0.012325952978771969,7.594031561354987,0.0,7.0,0.010294117647058823,0.35,1.0,0.0014705882352941176,28.0,29.0,6.0,46.0,5.0,0.007352941176470588,65.0,20.0,413.0,0.094270714448756,0.0011412919424788862,0.11045655375552282,0.028023598820058997,0.5073529411764706,13.0,0.01911764705882353,0.0011412919424788862,59.0,0.49264705882352944,335.0,0.004411764705882353,680.0
-0.1561415,0.0,1.1689919999999998,4025.0,-77.5851265,73.79629629629629,10.0,1.5254237288135593,5.624074074074074,4084.0,0.0,0.008080313418217433,0.009794319294809012,0.008080313418217433,8.080284527354202,0.0,9.0,0.016666666666666666,0.5203703703703704,0.0,0.0,22.0,21.0,7.0,14.0,10.0,0.018518518518518517,59.0,22.0,350.0,0.08570029382957885,0.0019588638589618022,0.04081632653061224,0.011152416356877323,0.34444444444444444,2.0,0.003703703703703704,0.0,54.0,0.6555555555555556,354.0,0.005555555555555556,540.0
-0.1561415,0.0,1.1689919999999998,4127.0,-77.5851265,67.75409836065573,11.049180327868852,2.0179640718562872,4.454005934718101,4200.0,0.0,0.005714285714285714,0.0054761904761904765,0.008095238095238095,7.6557578983927,0.0,15.0,0.02225519287833828,0.3486646884272997,1.0,0.001483679525222552,23.0,24.0,5.0,32.0,3.0,0.004451038575667656,73.0,22.0,369.0,0.08785714285714286,0.0019047619047619048,0.07280832095096583,0.008928571428571428,0.5044510385756676,21.0,0.03115727002967359,0.0002380952380952381,61.0,0.49554896142433236,334.0,0.001483679525222552,674.0
-0.1561415,0.0,1.1689919999999998,4093.0,-77.5851265,72.30357142857143,9.714285714285714,1.431578947368421,5.738970588235294,4139.0,0.0,0.007489731819280019,0.012563421116211646,0.0033824595312877508,8.165321389765678,0.0,9.0,0.016544117647058824,0.5882352941176471,0.0,0.0,19.0,22.0,8.0,14.0,15.0,0.027573529411764705,46.0,11.0,312.0,0.07538052669726987,0.000724812756704518,0.03130755064456722,0.0018450184501845018,0.30147058823529416,3.0,0.0055147058823529415,0.0,56.0,0.6985294117647058,380.0,0.001838235294117647,544.0
-0.1561415,0.0,1.1689919999999998,3671.0,-77.5851265,65.94545454545455,10.018181818181818,1.974910394265233,4.687840290381125,3724.0,0.0,0.007787325456498389,0.005907626208378088,0.016380236305048337,7.558330425174155,0.0,2.0,0.003629764065335753,0.3339382940108893,0.0,0.0,30.0,31.0,6.0,26.0,3.0,0.0054446460980036296,53.0,13.0,406.0,0.10902255639097744,0.0,0.09818181818181818,0.0273224043715847,0.49364791288566245,21.0,0.038112522686025406,0.0002685284640171858,55.0,0.5063520871143375,279.0,0.003629764065335753,551.0
-0.1561415,0.0,1.1689919999999998,3688.0,-77.5851265,74.40816326530613,10.244897959183673,1.5590062111801242,5.344621513944223,3750.0,0.0,0.011466666666666667,0.0064,0.018666666666666668,7.868219572673721,0.0002666666666666667,16.0,0.03187250996015936,0.5179282868525896,0.0,0.0,29.0,35.0,5.0,20.0,6.0,0.01195219123505976,62.0,18.0,388.0,0.10346666666666667,0.0002666666666666667,0.05389221556886228,0.018,0.35856573705179284,2.0,0.00398406374501992,0.0,49.0,0.6414342629482072,322.0,0.00597609561752988,502.0
-0.1561415,0.0,1.1689919999999998,4312.0,-77.5851265,78.01818181818182,11.672727272727272,1.8501440922190202,4.866043613707165,4389.0,0.0,0.005696058327637275,0.006607427660059239,0.010480747322852585,7.685227987983832,0.000227842333105491,0.0,0.0,0.3987538940809969,0.0,0.0,28.0,20.0,14.0,46.0,7.0,0.010903426791277258,77.0,21.0,425.0,0.09683299156983367,0.000227842333105491,0.078003120124805,0.0078125,0.45950155763239875,8.0,0.012461059190031152,0.000227842333105491,55.0,0.5404984423676013,347.0,0.010903426791277258,642.0
-0.1561415,0.0,1.1689919999999998,3551.0,-77.5851265,82.25581395348837,10.255813953488373,1.352760736196319,6.070294784580499,3621.0,0.0,0.0063518365092515875,0.008008837337752003,0.01463684065175366,8.084876495796742,0.00027616680475006904,11.0,0.024943310657596373,0.6122448979591837,0.0,0.0,20.0,20.0,5.0,11.0,6.0,0.013605442176870748,70.0,22.0,326.0,0.09003037834852251,0.0008285004142502071,0.0022727272727272726,0.0,0.26077097505668934,1.0,0.0022675736961451248,0.0,43.0,0.7392290249433107,326.0,0.018140589569160998,441.0
-0.1561415,0.0,1.1689919999999998,4127.0,-77.5851265,69.22033898305085,10.457627118644067,1.86404833836858,4.805510534846029,4184.0,0.0,0.006692160611854685,0.0057361376673040155,0.013623326959847037,7.783151769726533,0.0002390057361376673,1.0,0.0016207455429497568,0.3646677471636953,1.0,0.0016207455429497568,32.0,28.0,7.0,37.0,3.0,0.004862236628849271,57.0,11.0,457.0,0.10922562141491396,0.0007170172084130019,0.07142857142857142,0.013008130081300813,0.4635332252836305,9.0,0.014586709886547812,0.0004780114722753346,59.0,0.5364667747163695,331.0,0.017828200972447326,617.0
-0.1561415,0.0,1.1689919999999998,3624.0,-77.5851265,73.38775510204081,9.061224489795919,1.3454545454545455,6.231981981981982,3679.0,1.0,0.0073389508018483285,0.007882576787170427,0.018483283500951346,8.127725867641743,0.0,7.0,0.015765765765765764,0.6126126126126126,0.0,0.0,18.0,24.0,6.0,9.0,5.0,0.01126126126126126,55.0,11.0,350.0,0.09513454743136722,0.0016308779559662953,0.01580135440180587,0.0022624434389140274,0.2567567567567568,1.0,0.0022522522522522522,0.0,49.0,0.7432432432432432,330.0,0.04279279279279279,444.0
-0.1561415,0.0,1.1689919999999998,3423.0,-77.5851265,72.70212765957447,11.085106382978724,1.8741007194244603,4.664107485604607,3492.0,0.0,0.0057273768613974796,0.00429553264604811,0.004581901489117984,7.390017690919342,0.0,0.0,0.0,0.3800383877159309,0.0,0.0,26.0,23.0,12.0,45.0,3.0,0.005758157389635317,69.0,19.0,347.0,0.09936998854524627,0.003436426116838488,0.08461538461538462,0.028901734104046242,0.4664107485604606,2.0,0.003838771593090211,0.0,47.0,0.5335892514395394,278.0,0.005758157389635317,521.0
-0.1561415,0.0,1.1689919999999998,3847.0,-77.5851265,69.92592592592592,9.0,1.3767705382436262,6.061728395061729,3904.0,0.0,0.00665983606557377,0.006915983606557377,0.004354508196721311,8.182659442621242,0.0,11.0,0.02263374485596708,0.5946502057613169,0.0,0.0,24.0,21.0,8.0,11.0,2.0,0.00411522633744856,57.0,17.0,301.0,0.07710040983606557,0.0015368852459016393,0.01443298969072165,0.004132231404958678,0.27366255144032925,1.0,0.00205761316872428,0.0,54.0,0.7263374485596708,353.0,0.006172839506172839,486.0
-0.1561415,0.0,1.1689919999999998,3621.0,-77.5851265,68.9423076923077,11.115384615384615,1.9013157894736843,4.581314878892734,3670.0,0.0,0.006267029972752043,0.006267029972752043,0.005449591280653951,7.432075902169712,0.0,5.0,0.00865051903114187,0.3788927335640138,0.0,0.0,23.0,21.0,7.0,55.0,2.0,0.0034602076124567475,49.0,11.0,310.0,0.08446866485013624,0.002452316076294278,0.10918544194107452,0.027777777777777776,0.47404844290657444,3.0,0.005190311418685121,0.0,52.0,0.5259515570934256,304.0,0.005190311418685121,578.0
-0.1561415,0.0,1.1689919999999998,3167.0,-77.5851265,80.3076923076923,10.307692307692308,1.2843450479233227,6.052238805970149,3213.0,0.0,0.006847183317771553,0.008714596949891068,0.0040460628695922814,8.071321405431016,0.0,8.0,0.01990049751243781,0.6616915422885572,0.0,0.0,20.0,20.0,7.0,8.0,5.0,0.012437810945273632,46.0,10.0,251.0,0.07812013694366636,0.0012449424214130097,0.007481296758104738,0.0,0.2213930348258707,0.0,0.0,0.0,39.0,0.7786069651741293,313.0,0.009950248756218905,402.0
-0.1561415,0.0,1.1689919999999998,4217.0,-77.5851265,53.61538461538461,8.871794871794872,1.9168975069252077,4.460982658959537,4268.0,0.0,0.006794751640112465,0.0049203373945641985,0.013120899718837863,7.8113014950741775,0.0,3.0,0.004335260115606936,0.3670520231213873,1.0,0.001445086705202312,20.0,22.0,5.0,31.0,5.0,0.0072254335260115606,51.0,17.0,354.0,0.08294283036551078,0.0014058106841611997,0.060781476121562955,0.008695652173913044,0.4783236994219653,42.0,0.06069364161849711,0.0,78.0,0.5216763005780347,361.0,0.001445086705202312,692.0
-0.1561415,0.0,1.1689919999999998,3768.0,-77.5851265,77.97916666666667,10.354166666666666,1.4119318181818181,5.696177062374246,3840.0,0.0,0.008072916666666667,0.009114583333333334,0.013802083333333333,8.10280635658949,0.00078125,11.0,0.022132796780684104,0.5835010060362174,0.0,0.0,27.0,24.0,5.0,13.0,7.0,0.014084507042253521,72.0,24.0,310.0,0.08072916666666667,0.0,0.018145161290322582,0.0,0.2917505030181087,4.0,0.008048289738430584,0.0,48.0,0.7082494969818913,352.0,0.0,497.0
-0.1561415,0.0,1.1689919999999998,4048.0,-77.5851265,73.34545454545454,11.50909090909091,2.0095238095238095,4.729857819905213,4096.0,0.0,0.005859375,0.00732421875,0.005615234375,7.622640718089213,0.0,2.0,0.00315955766192733,0.3412322274881517,2.0,0.00315955766192733,14.0,22.0,7.0,33.0,2.0,0.00315955766192733,48.0,12.0,358.0,0.08740234375,0.00341796875,0.07278481012658228,0.009508716323296355,0.5023696682464456,6.0,0.009478672985781991,0.0,55.0,0.4976303317535545,315.0,0.004739336492890996,633.0
-0.1561415,0.0,1.1689919999999998,3496.0,-77.5851265,59.56896551724138,7.879310344827586,1.4741935483870967,5.853391684901532,3540.0,0.0,0.0064971751412429375,0.009322033898305085,0.0062146892655367235,7.950554206588083,0.0002824858757062147,6.0,0.01312910284463895,0.5339168490153173,0.0,0.0,15.0,16.0,7.0,10.0,6.0,0.01312910284463895,44.0,12.0,272.0,0.0768361581920904,0.003672316384180791,0.02850877192982456,0.008791208791208791,0.3216630196936543,1.0,0.002188183807439825,0.0,58.0,0.6783369803063457,310.0,0.0175054704595186,457.0
-0.1561415,0.0,1.1689919999999998,4134.0,-77.5851265,51.2125,8.0125,2.0094043887147337,4.691107644305772,4195.0,0.0,0.005244338498212158,0.009535160905840286,0.00500595947556615,7.668890432930676,0.0,4.0,0.0062402496099844,0.33853354134165364,0.0,0.0,27.0,27.0,9.0,30.0,2.0,0.0031201248049922,61.0,14.0,407.0,0.0970202622169249,0.003575685339690107,0.0890625,0.017214397496087636,0.5023400936037441,11.0,0.0171606864274571,0.0,80.0,0.49765990639625585,319.0,0.0062402496099844,641.0
-0.1561415,0.0,1.1689919999999998,3586.0,-77.5851265,60.271186440677965,7.932203389830509,1.4311926605504588,5.8739316239316235,3644.0,0.0,0.005488474204171241,0.010702524698133918,0.0043907793633369925,8.029023305850272,0.0,8.0,0.017094017094017096,0.5662393162393162,0.0,0.0,26.0,15.0,9.0,12.0,12.0,0.02564102564102564,58.0,13.0,266.0,0.0729967069154775,0.003293084522502744,0.027837259100642397,0.008583690987124463,0.3012820512820513,2.0,0.004273504273504274,0.0,59.0,0.6987179487179487,327.0,0.01282051282051282,468.0
-0.1561415,0.0,1.1689919999999998,4254.0,-77.5851265,49.32941176470588,7.870588235294117,2.110410094637224,4.590433482810164,4313.0,0.0,0.008578715511245073,0.006260143751449107,0.018084859726408532,7.609491982897497,0.0,3.0,0.004484304932735426,0.3153961136023916,2.0,0.0029895366218236174,30.0,27.0,6.0,40.0,1.0,0.0014947683109118087,59.0,15.0,434.0,0.10062601437514491,0.0018548574078367725,0.08083832335329341,0.0029985007496251873,0.5261584454409567,28.0,0.04185351270553064,0.0,85.0,0.47384155455904337,317.0,0.0,669.0
-0.1561415,0.0,1.1689919999999998,3833.0,-77.5851265,55.92537313432836,7.447761194029851,1.3746556473829201,5.855711422845691,3884.0,0.0,0.008496395468589083,0.009783728115345005,0.012358393408856848,8.134594425782742,0.0,9.0,0.018036072144288578,0.627254509018036,0.0,0.0,22.0,24.0,6.0,14.0,2.0,0.004008016032064128,51.0,15.0,320.0,0.082389289392379,0.00025746652935118434,0.012048192771084338,0.0,0.27254509018036077,1.0,0.002004008016032064,0.0,67.0,0.7274549098196392,363.0,0.002004008016032064,499.0
-0.1561415,0.0,1.1689919999999998,4031.0,-77.5851265,69.84210526315789,11.263157894736842,2.0576923076923075,4.604361370716511,4086.0,0.0,0.0075868820362212435,0.0075868820362212435,0.010523739598629466,7.490503138396398,0.0,2.0,0.003115264797507788,0.31931464174454827,1.0,0.001557632398753894,24.0,25.0,6.0,47.0,6.0,0.009345794392523364,55.0,15.0,348.0,0.08516886930983847,0.0,0.07644305772230889,0.0078125,0.514018691588785,30.0,0.04672897196261682,0.0004894762604013706,57.0,0.48598130841121495,312.0,0.00778816199376947,642.0
-0.1561415,0.0,1.1689919999999998,3375.0,-77.5851265,59.30357142857143,8.071428571428571,1.3532934131736527,5.727876106194691,3416.0,0.0,0.006440281030444965,0.009953161592505855,0.007318501170960188,8.094337989710482,0.0,12.0,0.02654867256637168,0.6172566371681416,0.0,0.0,15.0,19.0,7.0,12.0,7.0,0.015486725663716814,41.0,11.0,247.0,0.07230679156908665,0.000585480093676815,0.015521064301552107,0.006666666666666667,0.26106194690265483,2.0,0.004424778761061947,0.0002927400468384075,56.0,0.7389380530973452,334.0,0.0,452.0
-0.1561415,0.0,1.1689919999999998,4585.0,-77.5851265,61.770270270270274,9.04054054054054,1.9970149253731344,4.869955156950673,4666.0,0.0,0.009429918559794257,0.0040720102871838835,0.008572653236176597,7.82748634778151,0.0,9.0,0.013452914798206279,0.31390134529147984,2.0,0.0029895366218236174,27.0,43.0,10.0,35.0,5.0,0.007473841554559043,81.0,23.0,536.0,0.1148735533647664,0.0012858979854264896,0.07035928143712575,0.010494752623688156,0.49925261584454406,7.0,0.01046337817638266,0.0002143163309044149,74.0,0.5007473841554559,335.0,0.01943198804185351,669.0
-0.1561415,0.0,1.1689919999999998,4264.0,-77.5851265,60.042857142857144,7.885714285714286,1.4878706199460916,5.853260869565218,4336.0,0.0,0.008533210332103322,0.00507380073800738,0.00922509225092251,8.218907685458305,0.0,10.0,0.018115942028985508,0.519927536231884,0.0,0.0,24.0,28.0,12.0,10.0,8.0,0.014492753623188406,72.0,19.0,381.0,0.0878690036900369,0.0011531365313653136,0.025408348457350273,0.0036363636363636364,0.3278985507246377,0.0,0.0,0.0,70.0,0.6721014492753623,371.0,0.041666666666666664,552.0
-0.1561415,0.0,1.1689919999999998,4167.0,-77.5851265,58.7536231884058,8.579710144927537,1.7514792899408285,5.346283783783784,4225.0,0.0,0.008284023668639054,0.005917159763313609,0.008994082840236686,7.697667752696731,0.0,0.0,0.0,0.44594594594594594,0.0,0.0,30.0,27.0,7.0,40.0,1.0,0.0016891891891891893,58.0,15.0,319.0,0.07550295857988165,0.0007100591715976331,0.05414551607445008,0.005084745762711864,0.42905405405405406,7.0,0.011824324324324325,0.0,69.0,0.5709459459459459,338.0,0.005067567567567568,592.0
-0.1561415,0.0,1.1689919999999998,3499.0,-77.5851265,58.98275862068966,7.431034482758621,1.4511784511784511,6.143851508120649,3566.0,0.0,0.009254066180594503,0.007010656197420078,0.007291082445316881,7.865450031933257,0.0,13.0,0.030162412993039442,0.5661252900232019,0.0,0.0,31.0,25.0,7.0,13.0,5.0,0.01160092807424594,67.0,22.0,294.0,0.08244531688166012,0.001962983735277622,0.009302325581395349,0.0,0.31090487238979114,0.0,0.0,0.0,58.0,0.6890951276102089,297.0,0.0,431.0
-0.1561415,0.0,1.1689919999999998,3700.0,-77.5851265,62.32203389830509,9.440677966101696,2.0035971223021583,4.872531418312388,3775.0,0.0,0.005827814569536424,0.005827814569536424,0.006622516556291391,7.459270728983499,0.0,1.0,0.0017953321364452424,0.3393177737881508,0.0,0.0,19.0,31.0,5.0,39.0,1.0,0.0017953321364452424,75.0,22.0,355.0,0.09403973509933775,0.002119205298013245,0.07194244604316546,0.007207207207207207,0.5008976660682226,14.0,0.025134649910233394,0.0,59.0,0.4991023339317774,278.0,0.0,557.0
-0.1561415,0.0,1.1689919999999998,3143.0,-77.5851265,73.95238095238095,9.285714285714286,1.3220338983050848,6.230769230769231,3189.0,0.0,0.008780181875195987,0.007212292254625274,0.005017246785826278,7.948771554245708,0.0,11.0,0.028205128205128206,0.6410256410256411,0.0,0.0,22.0,18.0,8.0,11.0,2.0,0.005128205128205128,46.0,10.0,239.0,0.07494512386328002,0.0015678896205707118,0.005141388174807198,0.0,0.2435897435897436,1.0,0.002564102564102564,0.0,42.0,0.7564102564102564,295.0,0.0,390.0
-0.1561415,0.0,1.1689919999999998,3437.0,-77.5851265,77.31818181818181,12.25,1.7730263157894737,4.61595547309833,3484.0,0.0,0.008610792192881744,0.0057405281285878304,0.007749712973593571,7.700321009679416,0.0,6.0,0.011131725417439703,0.39517625231910947,0.0,0.0,23.0,25.0,7.0,28.0,2.0,0.0037105751391465678,47.0,10.0,335.0,0.09615384615384616,0.0002870264064293915,0.046468401486988845,0.0037243947858473,0.43599257884972176,9.0,0.016697588126159554,0.000574052812858783,44.0,0.5640074211502782,304.0,0.0074211502782931356,539.0
-0.1561415,0.0,1.1689919999999998,2976.0,-77.5851265,67.04545454545455,8.727272727272727,1.3665480427046264,5.890625,3024.0,0.0,0.006283068783068783,0.008267195767195767,0.006944444444444444,7.871992107950683,0.0,9.0,0.0234375,0.59375,0.0,0.0,21.0,17.0,7.0,8.0,2.0,0.005208333333333333,48.0,11.0,252.0,0.08333333333333333,0.0016534391534391533,0.0026109660574412533,0.0,0.26822916666666663,0.0,0.0,0.0,44.0,0.7317708333333334,281.0,0.010416666666666666,384.0
-0.1561415,0.0,1.1689919999999998,4576.0,-77.5851265,55.8,8.3,1.7945945945945947,4.968373493975903,4651.0,0.0,0.007525263384218448,0.004515158030531069,0.009460331111588905,7.881421551408031,0.0,1.0,0.0015060240963855422,0.4186746987951807,1.0,0.0015060240963855422,41.0,39.0,6.0,34.0,0.0,0.0,75.0,18.0,448.0,0.09632337131799613,0.0021500752526338422,0.043740573152337855,0.0030211480362537764,0.44277108433734935,11.0,0.016566265060240965,0.0,80.0,0.5572289156626506,370.0,0.009036144578313253,664.0
-0.1561415,0.0,1.1689919999999998,3963.0,-77.5851265,55.08571428571429,7.128571428571429,1.471976401179941,5.993987975951904,4030.0,0.0,0.008188585607940446,0.006699751861042184,0.00967741935483871,8.063237919747115,0.0,13.0,0.026052104208416832,0.5430861723446894,0.0,0.0,31.0,29.0,7.0,12.0,4.0,0.008016032064128256,67.0,22.0,345.0,0.08560794044665013,0.0017369727047146402,0.008032128514056224,0.002012072434607646,0.32064128256513025,0.0,0.0,0.0,70.0,0.6793587174348698,339.0,0.01002004008016032,499.0
-0.1561415,0.0,1.1689919999999998,4048.0,-77.5851265,59.059701492537314,9.134328358208956,1.837837837837838,4.700980392156863,4110.0,0.0,0.010948905109489052,0.0072992700729927005,0.00900243309002433,7.6752415382111465,0.0,7.0,0.011437908496732025,0.39052287581699346,0.0,0.0,34.0,26.0,6.0,48.0,6.0,0.00980392156862745,62.0,15.0,402.0,0.09781021897810219,0.00024330900243309004,0.054009819967266774,0.001639344262295082,0.4558823529411765,7.0,0.011437908496732025,0.00024330900243309004,67.0,0.5441176470588235,333.0,0.0,612.0
-0.1561415,0.0,1.1689919999999998,3678.0,-77.5851265,62.44827586206897,8.568965517241379,1.5106382978723405,5.561368209255533,3735.0,0.0,0.010977242302543508,0.008032128514056224,0.00963855421686747,7.952090943950869,0.000535475234270415,17.0,0.03420523138832998,0.5271629778672032,0.0,0.0,26.0,20.0,6.0,17.0,6.0,0.012072434607645875,57.0,17.0,331.0,0.08862115127175368,0.0008032128514056225,0.02217741935483871,0.0,0.3380281690140845,1.0,0.002012072434607646,0.0,58.0,0.6619718309859155,329.0,0.004024144869215292,497.0
-0.1561415,0.0,1.1689919999999998,3618.0,-77.5851265,67.67924528301887,11.0,1.9563758389261745,4.547169811320755,3667.0,0.0,0.008181074447777475,0.006272157076629398,0.010362694300518135,7.464093988687402,0.0,5.0,0.008576329331046312,0.3687821612349914,1.0,0.0017152658662092624,18.0,24.0,6.0,41.0,4.0,0.00686106346483705,49.0,17.0,328.0,0.08944641396236706,0.00109080992637033,0.07216494845360824,0.010327022375215147,0.48885077186963977,5.0,0.008576329331046312,0.000545404963185165,53.0,0.5111492281303602,298.0,0.010291595197255575,583.0
-0.1561415,0.0,1.1689919999999998,3837.0,-77.5851265,66.47368421052632,9.192982456140351,1.6375,5.4179389312977095,3902.0,0.0,0.009482316760635571,0.006663249615581753,0.010763710917478216,7.840595205983189,0.00025627883136852895,17.0,0.03244274809160305,0.4847328244274809,0.0,0.0,27.0,23.0,7.0,15.0,6.0,0.011450381679389313,65.0,22.0,366.0,0.0937980522808816,0.0023065094823167607,0.0497131931166348,0.022988505747126436,0.3893129770992366,2.0,0.003816793893129771,0.0,57.0,0.6106870229007634,320.0,0.0057251908396946565,524.0
-0.1561415,0.0,1.1689919999999998,4299.0,-77.5851265,68.22222222222223,11.11111111111111,1.9774011299435028,4.517142857142857,4374.0,0.0,0.004572473708276178,0.006401463191586648,0.006401463191586648,7.754022152507862,0.0,19.0,0.027142857142857142,0.35714285714285715,2.0,0.002857142857142857,17.0,25.0,6.0,29.0,3.0,0.004285714285714286,75.0,26.0,376.0,0.08596250571559214,0.0009144947416552355,0.07010014306151645,0.012893982808022923,0.49428571428571433,26.0,0.037142857142857144,0.0006858710562414266,63.0,0.5057142857142857,354.0,0.002857142857142857,700.0
-0.1561415,0.0,1.1689919999999998,4334.0,-77.5851265,68.98387096774194,9.403225806451612,1.4759493670886077,5.7066895368782165,4388.0,0.0,0.006381039197812215,0.009343664539653601,0.004329990884229718,8.194617075596256,0.00022789425706472196,9.0,0.015437392795883362,0.5540308747855918,0.0,0.0,18.0,21.0,8.0,23.0,11.0,0.018867924528301886,54.0,19.0,308.0,0.07019143117593436,0.0011394712853236098,0.022336769759450172,0.0051635111876075735,0.3224699828473413,3.0,0.005145797598627788,0.0,62.0,0.6775300171526587,395.0,0.0017152658662092624,583.0
-0.1561415,0.0,1.1689919999999998,1087.0,-77.5851265,119.66666666666667,17.22222222222222,1.4351851851851851,5.664516129032258,1097.0,0.0,0.0036463081130355514,0.008204193254329991,0.0018231540565177757,6.331732655010774,0.0,0.0,0.0,0.5806451612903226,1.0,0.0064516129032258064,2.0,4.0,2.0,17.0,0.0,0.0,10.0,4.0,49.0,0.044667274384685506,0.0,0.07142857142857142,0.026143790849673203,0.3032258064516129,0.0,0.0,0.0,9.0,0.6967741935483871,108.0,0.0,155.0
-0.1561415,0.0,1.1689919999999998,1824.0,-77.5851265,128.92857142857142,15.785714285714286,1.2076502732240437,6.6968325791855206,1839.0,0.0,0.005437737901033171,0.0070690592713431215,0.0016313213703099511,7.3739480641182915,0.0,5.0,0.02262443438914027,0.7239819004524887,0.0,0.0,6.0,8.0,2.0,5.0,2.0,0.00904977375565611,15.0,5.0,91.0,0.04948341489940185,0.0,0.004545454545454545,0.0,0.17194570135746612,0.0,0.0,0.0,14.0,0.8280542986425339,183.0,0.0,221.0
-0.1561415,0.0,1.1689919999999998,604.0,-77.5851265,150.5,20.75,1.3174603174603174,5.9156626506024095,608.0,0.0,0.0,0.009868421052631578,0.0,5.825525690691059,0.0,0.0,0.0,0.5783132530120482,0.0,0.0,0.0,2.0,2.0,5.0,0.0,0.0,4.0,2.0,30.0,0.049342105263157895,0.0,0.04878048780487805,0.024691358024691357,0.24096385542168675,0.0,0.0,0.0,4.0,0.7590361445783133,63.0,0.0,83.0
-0.1561415,0.0,1.1689919999999998,983.0,-77.5851265,163.16666666666666,19.333333333333332,1.1717171717171717,7.120689655172414,991.0,0.0,0.0030272452068617556,0.007063572149344097,0.0,6.538846943328831,0.0,3.0,0.02586206896551724,0.7413793103448276,0.0,0.0,0.0,4.0,0.0,3.0,0.0,0.0,8.0,4.0,38.0,0.03834510595358224,0.0,0.017391304347826087,0.0,0.14655172413793105,0.0,0.0,0.0,6.0,0.853448275862069,99.0,0.0,116.0
-0.1561415,0.0,1.1689919999999998,2296.0,-77.5851265,99.04347826086956,15.391304347826088,1.6542056074766356,5.110169491525424,2313.0,0.0,0.0030263726761781237,0.00432338953739732,0.0030263726761781237,7.146247280284214,0.0,2.0,0.005649717514124294,0.4830508474576271,2.0,0.005649717514124294,6.0,10.0,2.0,28.0,0.0,0.0,17.0,5.0,126.0,0.054474708171206226,0.0,0.053824362606232294,0.008522727272727272,0.3954802259887006,0.0,0.0,0.0,23.0,0.6045197740112994,214.0,0.00847457627118644,354.0
-0.1561415,0.0,1.1689919999999998,2245.0,-77.5851265,106.19047619047619,12.80952380952381,1.3121951219512196,6.784386617100372,2268.0,0.0,0.003968253968253968,0.007054673721340388,0.0008818342151675485,7.495493228840834,0.0,3.0,0.011152416356877323,0.6059479553903345,0.0,0.0,4.0,12.0,2.0,8.0,3.0,0.011152416356877323,23.0,10.0,120.0,0.05291005291005291,0.0,0.022388059701492536,0.011235955056179775,0.2379182156133829,0.0,0.0,0.0,21.0,0.7620817843866171,205.0,0.0,269.0
-0.1561415,0.0,1.1689919999999998,2106.0,-77.5851265,139.8,19.6,1.7710843373493976,5.680272108843537,2126.0,0.0,0.0051740357478833494,0.0028222013170272815,0.0009407337723424271,6.756756815849857,0.0,0.0,0.0,0.40476190476190477,1.0,0.003401360544217687,6.0,14.0,3.0,32.0,0.0,0.0,20.0,7.0,119.0,0.055973659454374415,0.0,0.10921501706484642,0.03424657534246575,0.435374149659864,0.0,0.0,0.0,15.0,0.564625850340136,166.0,0.0,294.0
-0.1561415,0.0,1.1689919999999998,2211.0,-77.5851265,129.35294117647058,16.058823529411764,1.318840579710145,6.633699633699634,2229.0,0.0,0.0031404217137729925,0.005383580080753701,0.0008972633467922835,7.424801225549954,0.0,12.0,0.04395604395604396,0.6483516483516484,0.0,0.0,4.0,9.0,3.0,12.0,0.0,0.0,18.0,7.0,95.0,0.04262000897263347,0.0,0.007352941176470588,0.0,0.2417582417582418,0.0,0.0,0.0,17.0,0.7582417582417582,207.0,0.0,273.0
-0.1561415,0.0,1.1689919999999998,1472.0,-77.5851265,76.89473684210526,12.526315789473685,1.75,4.7521008403361344,1484.0,0.0,0.0033692722371967657,0.012129380053908356,0.0,6.59581585943601,0.0013477088948787063,5.0,0.02100840336134454,0.40336134453781514,0.0,0.0,2.0,9.0,1.0,19.0,0.0,0.0,12.0,6.0,94.0,0.06334231805929919,0.0,0.0759493670886076,0.0211864406779661,0.4285714285714286,6.0,0.025210084033613446,0.0,19.0,0.5714285714285714,136.0,0.0,238.0
-0.1561415,0.0,1.1689919999999998,2811.0,-77.5851265,92.46666666666667,11.666666666666666,1.3779527559055118,6.311428571428571,2845.0,0.0,0.003866432337434095,0.010896309314586995,0.00070298769771529,7.725615815028709,0.000351493848857645,16.0,0.045714285714285714,0.58,0.0,0.0,8.0,14.0,4.0,13.0,3.0,0.008571428571428572,34.0,14.0,172.0,0.06045694200351494,0.0,0.02005730659025788,0.0028735632183908046,0.27428571428571424,0.0,0.0,0.0,30.0,0.7257142857142858,254.0,0.002857142857142857,350.0
-0.1561415,0.0,1.1689919999999998,2561.0,-77.5851265,94.25925925925925,15.185185185185185,1.8721461187214612,4.929268292682927,2581.0,0.0,0.001162340178225494,0.005424254165052305,0.0015497869043006587,7.035958273860032,0.0,0.0,0.0,0.3951219512195122,9.0,0.02195121951219512,2.0,8.0,3.0,41.0,1.0,0.0024390243902439024,20.0,7.0,122.0,0.04726850058117009,0.0003874467260751647,0.10513447432762836,0.014705882352941176,0.46585365853658534,2.0,0.004878048780487805,0.0003874467260751647,27.0,0.5341463414634147,219.0,0.0,410.0
-0.1561415,0.0,1.1689919999999998,3151.0,-77.5851265,94.48484848484848,12.121212121212121,1.4492753623188406,6.3975,3184.0,0.0,0.00157035175879397,0.007537688442211055,0.00157035175879397,7.7781927700391815,0.0,4.0,0.01,0.555,0.0,0.0,2.0,6.0,8.0,10.0,8.0,0.02,33.0,13.0,142.0,0.04459798994974874,0.000628140703517588,0.040100250626566414,0.002512562814070352,0.31000000000000005,0.0,0.0,0.0,33.0,0.69,276.0,0.0,400.0
-0.1561415,0.0,1.1689919999999998,2115.0,-77.5851265,87.33333333333333,13.583333333333334,1.8628571428571428,5.076687116564417,2132.0,0.0,0.003283302063789869,0.00797373358348968,0.001876172607879925,6.8778840830061085,0.0009380863039399625,4.0,0.012269938650306749,0.3588957055214724,5.0,0.015337423312883436,4.0,8.0,2.0,29.0,2.0,0.006134969325153374,17.0,8.0,130.0,0.06097560975609756,0.0,0.12,0.033950617283950615,0.46319018404907975,4.0,0.012269938650306749,0.0,24.0,0.5368098159509203,175.0,0.003067484662576687,326.0
-0.1561415,0.0,1.1689919999999998,2469.0,-77.5851265,81.26666666666667,10.466666666666667,1.2816326530612245,6.436305732484076,2482.0,0.0,0.0032232070910556,0.010475423045930701,0.0024174053182917004,7.731295800255889,0.0,5.0,0.01592356687898089,0.6751592356687898,0.0,0.0,6.0,8.0,1.0,7.0,1.0,0.0031847133757961785,13.0,5.0,115.0,0.04633360193392425,0.00040290088638195,0.025559105431309903,0.003205128205128205,0.21974522292993626,1.0,0.0031847133757961785,0.0,30.0,0.7802547770700637,245.0,0.0,314.0
-0.1561415,0.0,1.1689919999999998,1640.0,-77.5851265,136.08333333333334,21.833333333333332,1.7945205479452055,4.927480916030534,1649.0,0.0,0.0030321406913280777,0.004244996967859308,0.0,6.626164461410674,0.0,0.0,0.0,0.3931297709923664,3.0,0.011450381679389313,4.0,6.0,2.0,27.0,1.0,0.003816793893129771,9.0,3.0,78.0,0.04730139478471801,0.0,0.10344827586206896,0.03076923076923077,0.4427480916030534,2.0,0.007633587786259542,0.0,12.0,0.5572519083969466,146.0,0.0,262.0
-0.1561415,0.0,1.1689919999999998,1974.0,-77.5851265,102.94736842105263,13.105263157894736,1.3910614525139664,6.534136546184739,1987.0,0.0,0.003019627579265224,0.010568696527428284,0.0020130850528434826,7.245490273440631,0.0,3.0,0.012048192771084338,0.5662650602409639,0.0,0.0,4.0,5.0,2.0,6.0,5.0,0.020080321285140562,13.0,5.0,85.0,0.042778057372924005,0.0010065425264217413,0.056451612903225805,0.016194331983805668,0.2811244979919679,0.0,0.0,0.0,19.0,0.7188755020080321,179.0,0.0,249.0
-0.1561415,0.0,1.1689919999999998,1529.0,-77.5851265,152.3,22.6,1.516778523489933,5.446902654867257,1537.0,0.0,0.002602472348731295,0.004554326610279766,0.0,6.784376004437487,0.0,0.0,0.0,0.5309734513274337,1.0,0.004424778761061947,3.0,4.0,2.0,18.0,0.0,0.0,8.0,3.0,63.0,0.04098893949251789,0.0006506180871828237,0.04,0.004464285714285714,0.3407079646017699,0.0,0.0,0.0,10.0,0.6592920353982301,149.0,0.0,226.0
-0.1561415,0.0,1.1689919999999998,1977.0,-77.5851265,122.25,14.875,1.2268041237113403,6.739495798319328,1999.0,0.0,0.00400200100050025,0.0080040020010005,0.0015007503751875938,7.4244175659205425,0.0,3.0,0.012605042016806723,0.7016806722689075,0.0,0.0,7.0,6.0,2.0,9.0,2.0,0.008403361344537815,22.0,8.0,86.0,0.04302151075537769,0.0010005002501250625,0.004219409282700422,0.0,0.18487394957983194,0.0,0.0,0.0,16.0,0.8151260504201681,194.0,0.0,238.0
-0.1561415,0.0,1.1689919999999998,876.0,-77.5851265,45.05263157894737,7.473684210526316,1.4343434343434343,4.549295774647887,889.0,0.0,0.008998875140607425,0.0044994375703037125,0.003374578177727784,6.362785105688806,0.0011248593925759281,2.0,0.014084507042253521,0.5211267605633803,0.0,0.0,6.0,9.0,0.0,10.0,0.0,0.0,13.0,5.0,80.0,0.08998875140607424,0.003374578177727784,0.0425531914893617,0.0,0.30281690140845074,5.0,0.035211267605633804,0.0,19.0,0.6971830985915493,99.0,0.0,142.0
-0.1561415,0.0,1.1689919999999998,1853.0,-77.5851265,91.9,11.3,1.2696629213483146,6.5,1874.0,0.0,0.003735325506937033,0.010672358591248666,0.0016008537886872999,7.311357199319209,0.0005336179295624333,2.0,0.008849557522123894,0.6592920353982301,0.0,0.0,5.0,9.0,1.0,5.0,4.0,0.017699115044247787,21.0,9.0,111.0,0.059231590181430094,0.0005336179295624333,0.017777777777777778,0.004464285714285714,0.21238938053097345,0.0,0.0,0.0,20.0,0.7876106194690266,178.0,0.0,226.0
-0.1561415,0.0,1.1689919999999998,886.0,-77.5851265,126.0,17.142857142857142,1.3793103448275863,5.8,895.0,0.0,0.004469273743016759,0.004469273743016759,0.0,6.185679450241983,0.0,0.0,0.0,0.5916666666666667,0.0,0.0,3.0,7.0,2.0,7.0,4.0,0.03333333333333333,9.0,3.0,58.0,0.06480446927374302,0.0,0.03361344537815126,0.01694915254237288,0.275,3.0,0.025,0.0,7.0,0.725,87.0,0.0,120.0
-0.1561415,0.0,1.1689919999999998,1620.0,-77.5851265,89.22222222222223,11.277777777777779,1.3012820512820513,6.458128078817734,1634.0,0.0,0.0018359853121175031,0.008567931456548347,0.0018359853121175031,7.054925064977123,0.0,3.0,0.014778325123152709,0.6403940886699507,0.0,0.0,3.0,8.0,2.0,9.0,8.0,0.03940886699507389,14.0,6.0,87.0,0.05324357405140759,0.0018359853121175031,0.0049504950495049506,0.0,0.23152709359605916,0.0,0.0,0.0,18.0,0.7684729064039408,156.0,0.0,203.0
-0.1561415,0.0,1.1689919999999998,1333.0,-77.5851265,120.54545454545455,19.0,1.5833333333333333,4.8086124401913874,1350.0,0.0,0.006666666666666667,0.008148148148148147,0.0014814814814814814,6.50358891658355,0.0014814814814814814,1.0,0.004784688995215311,0.5023923444976076,0.0,0.0,6.0,12.0,0.0,24.0,1.0,0.004784688995215311,17.0,7.0,109.0,0.08074074074074074,0.0,0.07211538461538461,0.024154589371980676,0.368421052631579,4.0,0.019138755980861243,0.0,11.0,0.631578947368421,132.0,0.004784688995215311,209.0
-0.1561415,0.0,1.1689919999999998,2101.0,-77.5851265,104.35,13.25,1.3520408163265305,6.411320754716981,2119.0,0.0,0.004719207173194903,0.009438414346389807,0.0009438414346389807,7.357090436682102,0.0,5.0,0.018867924528301886,0.6226415094339622,0.0,0.0,7.0,9.0,2.0,7.0,7.0,0.026415094339622643,18.0,6.0,113.0,0.053327041057102405,0.0023596035865974517,0.0,0.0,0.2603773584905661,1.0,0.0037735849056603774,0.0,20.0,0.7396226415094339,196.0,0.0,265.0
-0.1561415,0.0,1.1689919999999998,1730.0,-77.5851265,143.66666666666666,21.916666666666668,1.696774193548387,5.2965779467680605,1741.0,0.0,0.0,0.0068925904652498565,0.0011487650775416428,6.655639235946545,0.0,0.0,0.0,0.4752851711026616,2.0,0.0076045627376425855,0.0,3.0,4.0,23.0,1.0,0.0038022813688212928,11.0,5.0,71.0,0.040781160252728314,0.0,0.07633587786259542,0.007662835249042145,0.4106463878326996,0.0,0.0,0.0,12.0,0.5893536121673004,155.0,0.0,263.0
-0.1561415,0.0,1.1689919999999998,1868.0,-77.5851265,132.78571428571428,16.785714285714285,1.3583815028901733,6.553191489361702,1885.0,0.0,0.0015915119363395225,0.011140583554376658,0.0010610079575596816,7.228100791480127,0.0,2.0,0.00851063829787234,0.5872340425531914,0.0,0.0,0.0,2.0,4.0,6.0,4.0,0.01702127659574468,17.0,8.0,73.0,0.03872679045092838,0.0,0.03418803418803419,0.004291845493562232,0.2638297872340426,0.0,0.0,0.0,14.0,0.7361702127659574,173.0,0.0,235.0
-0.1561415,0.0,1.1689919999999998,2246.0,-77.5851265,97.0,14.782608695652174,1.8681318681318682,5.052941176470588,2268.0,0.0,0.003968253968253968,0.003968253968253968,0.005291005291005291,6.847364155735732,0.0,0.0,0.0,0.3735294117647059,1.0,0.0029411764705882353,6.0,15.0,5.0,38.0,3.0,0.008823529411764706,22.0,7.0,159.0,0.0701058201058201,0.0,0.08259587020648967,0.020710059171597635,0.4647058823529412,2.0,0.0058823529411764705,0.0004409171075837742,23.0,0.5352941176470588,182.0,0.0,340.0
-0.1561415,0.0,1.1689919999999998,2567.0,-77.5851265,79.375,10.40625,1.3591836734693878,6.216216216216216,2593.0,0.0,0.0019282684149633628,0.008484381025838797,0.0019282684149633628,7.691097239403456,0.0,1.0,0.003003003003003003,0.5915915915915916,0.0,0.0,5.0,6.0,6.0,9.0,8.0,0.024024024024024024,26.0,7.0,139.0,0.05360586193598149,0.0,0.024096385542168676,0.0,0.2642642642642643,0.0,0.0,0.0,32.0,0.7357357357357357,245.0,0.0,333.0
-0.1561415,0.0,1.1689919999999998,319.0,-77.5851265,44.57142857142857,7.142857142857143,1.1111111111111112,4.9,323.0,0.0,0.0030959752321981426,0.01238390092879257,0.006191950464396285,5.371663380285988,0.0030959752321981426,2.0,0.04,0.86,0.0,0.0,2.0,2.0,0.0,5.0,0.0,0.0,4.0,2.0,23.0,0.07120743034055728,0.0,0.0,0.0,0.09999999999999998,2.0,0.04,0.0,7.0,0.9,45.0,0.0,50.0
-0.1561415,0.0,1.1689919999999998,450.0,-77.5851265,55.125,7.5,1.0909090909090908,5.966666666666667,457.0,0.0,0.002188183807439825,0.010940919037199124,0.00437636761487965,5.740223928941852,0.002188183807439825,1.0,0.016666666666666666,0.8333333333333334,0.0,0.0,2.0,3.0,0.0,2.0,1.0,0.016666666666666666,7.0,4.0,29.0,0.06345733041575492,0.0,0.0,0.0,0.08333333333333337,0.0,0.0,0.0,8.0,0.9166666666666666,55.0,0.0,60.0
-0.1561415,0.0,1.1689919999999998,2097.0,-77.5851265,109.94736842105263,15.68421052631579,1.6555555555555554,5.5,2117.0,0.0,0.0051960321209258385,0.004723665564478035,0.000944733112895607,6.929221093007011,0.0,0.0,0.0,0.4664429530201342,0.0,0.0,6.0,9.0,5.0,24.0,2.0,0.006711409395973154,20.0,7.0,144.0,0.0680207841284837,0.0,0.07407407407407407,0.02027027027027027,0.3959731543624161,0.0,0.0,0.0,19.0,0.6040268456375839,180.0,0.0,298.0
-0.1561415,0.0,1.1689919999999998,2340.0,-77.5851265,101.1304347826087,12.391304347826088,1.2666666666666666,6.719298245614035,2362.0,0.0,0.0029635901778154107,0.00550381033022862,0.0012701100762066045,7.583422546510064,0.0,6.0,0.021052631578947368,0.6912280701754386,0.0,0.0,3.0,11.0,2.0,11.0,4.0,0.014035087719298246,22.0,8.0,117.0,0.04953429297205758,0.0,0.007042253521126761,0.0,0.21052631578947367,0.0,0.0,0.0,23.0,0.7894736842105263,225.0,0.0,285.0
-0.1561415,0.0,1.1689919999999998,2304.0,-77.5851265,109.28571428571429,16.333333333333332,1.7958115183246073,5.177842565597667,2328.0,0.0,0.004725085910652921,0.00859106529209622,0.000859106529209622,7.033682953146784,0.000859106529209622,3.0,0.008746355685131196,0.39067055393586003,3.0,0.008746355685131196,8.0,13.0,4.0,27.0,1.0,0.0029154518950437317,24.0,8.0,157.0,0.06743986254295532,0.0,0.07309941520467836,0.01466275659824047,0.4431486880466472,7.0,0.02040816326530612,0.0,21.0,0.5568513119533528,191.0,0.0,343.0
-0.1561415,0.0,1.1689919999999998,2595.0,-77.5851265,77.51515151515152,10.151515151515152,1.4135021097046414,6.095522388059702,2625.0,0.0,0.004571428571428572,0.008761904761904762,0.002285714285714286,7.619688117290513,0.0,5.0,0.014925373134328358,0.5611940298507463,0.0,0.0,11.0,16.0,4.0,10.0,5.0,0.014925373134328358,30.0,10.0,174.0,0.06628571428571428,0.001142857142857143,0.020958083832335328,0.003003003003003003,0.29253731343283584,2.0,0.005970149253731343,0.0,33.0,0.7074626865671642,237.0,0.0,335.0
-0.1561415,0.0,1.1689919999999998,439.0,-77.5851265,108.5,16.75,1.2641509433962264,5.2388059701492535,441.0,0.0,0.0,0.009070294784580499,0.0,5.6143778097638855,0.0,0.0,0.0,0.6268656716417911,0.0,0.0,0.0,2.0,0.0,3.0,1.0,0.014925373134328358,2.0,2.0,20.0,0.045351473922902494,0.0,0.015151515151515152,0.0,0.20895522388059706,0.0,0.0,0.0,4.0,0.7910447761194029,53.0,0.0,67.0
-0.1561415,0.0,1.1689919999999998,1237.0,-77.5851265,81.53333333333333,10.533333333333333,1.2845528455284554,6.310126582278481,1246.0,0.0,0.004815409309791332,0.011235955056179775,0.0032102728731942215,6.7500849035229,0.0,2.0,0.012658227848101266,0.6645569620253164,0.0,0.0,4.0,7.0,0.0,5.0,4.0,0.02531645569620253,9.0,4.0,67.0,0.05377207062600321,0.0,0.012738853503184714,0.0,0.2215189873417721,0.0,0.0,0.0,15.0,0.7784810126582279,123.0,0.006329113924050633,158.0
-0.1561415,0.0,1.1689919999999998,510.0,-77.5851265,169.66666666666666,23.666666666666668,1.4489795918367347,6.014084507042254,514.0,0.0,0.0,0.0019455252918287938,0.0,5.339750288457824,0.0,0.0,0.0,0.5211267605633803,0.0,0.0,0.0,2.0,0.0,8.0,0.0,0.0,4.0,2.0,12.0,0.023346303501945526,0.0,0.02857142857142857,0.0,0.3098591549295775,0.0,0.0,0.0,3.0,0.6901408450704225,49.0,0.0,71.0
-0.1561415,0.0,1.1689919999999998,808.0,-77.5851265,134.16666666666666,16.0,1.1851851851851851,7.09375,816.0,0.0,0.0024509803921568627,0.006127450980392157,0.0,6.248872266278547,0.0,3.0,0.03125,0.71875,0.0,0.0,0.0,2.0,2.0,3.0,0.0,0.0,8.0,4.0,26.0,0.031862745098039214,0.0012254901960784314,0.021052631578947368,0.0,0.15625,0.0,0.0,0.0,6.0,0.84375,81.0,0.0,96.0
-0.1561415,0.0,1.1689919999999998,2158.0,-77.5851265,102.0,14.714285714285714,1.6263157894736842,5.368932038834951,2185.0,0.0,0.004118993135011442,0.009610983981693364,0.0013729977116704805,7.097226407287386,0.0009153318077803204,3.0,0.009708737864077669,0.459546925566343,1.0,0.003236245954692557,8.0,13.0,4.0,21.0,0.0,0.0,27.0,10.0,157.0,0.07185354691075514,0.0,0.03571428571428571,0.006514657980456026,0.3851132686084142,3.0,0.009708737864077669,0.0,21.0,0.6148867313915858,190.0,0.0,309.0
-0.1561415,0.0,1.1689919999999998,2827.0,-77.5851265,84.78787878787878,10.484848484848484,1.3951612903225807,6.664739884393064,2856.0,0.0,0.0031512605042016808,0.008403361344537815,0.0017507002801120449,7.67000004880728,0.0,4.0,0.011560693641618497,0.5838150289017341,0.0,0.0,5.0,8.0,6.0,8.0,4.0,0.011560693641618497,29.0,11.0,135.0,0.04726890756302521,0.00035014005602240897,0.014492753623188406,0.0029069767441860465,0.2832369942196532,0.0,0.0,0.0,33.0,0.7167630057803468,248.0,0.0,346.0
-0.1561415,0.0,1.1689919999999998,1782.0,-77.5851265,110.6875,17.375,1.8051948051948052,5.061151079136691,1800.0,0.0,0.0011111111111111111,0.006666666666666667,0.006666666666666667,6.630602048891551,0.0,0.0,0.0,0.4172661870503597,7.0,0.025179856115107913,4.0,3.0,4.0,30.0,2.0,0.007194244604316547,18.0,6.0,80.0,0.044444444444444446,0.0,0.1444043321299639,0.036231884057971016,0.4460431654676259,4.0,0.014388489208633094,0.0,16.0,0.5539568345323741,154.0,0.0,278.0
-0.1561415,0.0,1.1689919999999998,1741.0,-77.5851265,107.9375,14.6875,1.3583815028901733,5.8936170212765955,1760.0,0.0,0.003409090909090909,0.007954545454545454,0.0011363636363636363,7.218888889197657,0.0,2.0,0.00851063829787234,0.5829787234042553,0.0,0.0,3.0,7.0,4.0,9.0,5.0,0.02127659574468085,19.0,7.0,99.0,0.05625,0.0005681818181818182,0.008547008547008548,0.0,0.2638297872340426,0.0,0.0,0.0,16.0,0.7361702127659574,173.0,0.0,235.0
-0.1561415,0.0,1.1689919999999998,1185.0,-77.5851265,78.13333333333334,12.266666666666667,1.546218487394958,4.983695652173913,1198.0,0.0,0.005008347245409015,0.00667779632721202,0.001669449081803005,6.531696040921989,0.001669449081803005,2.0,0.010869565217391304,0.483695652173913,1.0,0.005434782608695652,6.0,8.0,0.0,14.0,1.0,0.005434782608695652,13.0,5.0,70.0,0.05843071786310518,0.0,0.04371584699453552,0.005494505494505495,0.3532608695652174,5.0,0.02717391304347826,0.0,15.0,0.6467391304347826,119.0,0.0,184.0
-0.1561415,0.0,1.1689919999999998,1710.0,-77.5851265,106.4375,13.5,1.2342857142857142,6.458333333333333,1725.0,0.0,0.002898550724637681,0.008695652173913044,0.0011594202898550724,7.288817898167832,0.0005797101449275362,4.0,0.018518518518518517,0.6898148148148148,0.0,0.0,3.0,6.0,2.0,7.0,3.0,0.013888888888888888,15.0,6.0,82.0,0.04753623188405797,0.0005797101449275362,0.013953488372093023,0.004672897196261682,0.18981481481481477,0.0,0.0,0.0,16.0,0.8101851851851852,175.0,0.0,216.0
-0.1561415,0.0,1.1689919999999998,1581.0,-77.5851265,121.6923076923077,17.923076923076923,1.6180555555555556,5.313304721030043,1596.0,0.0,0.0037593984962406013,0.007518796992481203,0.002506265664160401,6.7181965233820975,0.0,0.0,0.0,0.4592274678111588,0.0,0.0,4.0,9.0,2.0,16.0,0.0,0.0,15.0,5.0,96.0,0.06015037593984962,0.0,0.05603448275862069,0.004329004329004329,0.3819742489270386,0.0,0.0,0.0,13.0,0.6180257510729614,144.0,0.0,233.0
-0.1561415,0.0,1.1689919999999998,2082.0,-77.5851265,108.36842105263158,13.052631578947368,1.2717948717948717,6.733870967741935,2101.0,0.0,0.00475963826749167,0.008567348881485007,0.0019038553069966682,7.4429302316793295,0.00047596382674916705,6.0,0.024193548387096774,0.657258064516129,0.0,0.0,6.0,10.0,2.0,6.0,1.0,0.004032258064516129,19.0,7.0,128.0,0.06092336982389338,0.0,0.008097165991902834,0.0,0.21370967741935487,0.0,0.0,0.0,19.0,0.7862903225806451,195.0,0.008064516129032258,248.0
-0.1561415,0.0,1.1689919999999998,2454.0,-77.5851265,102.0,15.75,1.766355140186916,5.0476190476190474,2478.0,0.0,0.0016142050040355124,0.0036319612590799033,0.0016142050040355124,7.131281232226794,0.0,0.0,0.0,0.41798941798941797,4.0,0.010582010582010581,3.0,13.0,5.0,30.0,1.0,0.0026455026455026454,24.0,9.0,151.0,0.060936238902340595,0.0,0.10875331564986737,0.018617021276595744,0.43386243386243384,1.0,0.0026455026455026454,0.0004035512510088781,24.0,0.5661375661375662,214.0,0.0026455026455026454,378.0
-0.1561415,0.0,1.1689919999999998,2761.0,-77.5851265,114.41666666666667,18.041666666666668,1.9862385321100917,5.073903002309469,2781.0,0.0,0.000719165767709457,0.006472491909385114,0.001438331535418914,6.939074391038832,0.0,0.0,0.0,0.36027713625866054,8.0,0.018475750577367205,2.0,9.0,3.0,52.0,1.0,0.0023094688221709007,20.0,7.0,125.0,0.044947860481841066,0.0003595828838547285,0.11574074074074074,0.018561484918793503,0.49653579676674364,2.0,0.004618937644341801,0.0003595828838547285,24.0,0.5034642032332564,218.0,0.0,433.0
-0.1561415,0.0,1.1689919999999998,3117.0,-77.5851265,106.51724137931035,13.89655172413793,1.4090909090909092,6.347394540942928,3147.0,0.0,0.0019065776930409914,0.009532888465204958,0.0019065776930409914,7.908595835730683,0.0,7.0,0.017369727047146403,0.5558312655086849,0.0,0.0,3.0,7.0,3.0,11.0,5.0,0.01240694789081886,30.0,11.0,123.0,0.03908484270734033,0.0006355258976803305,0.04228855721393035,0.017456359102244388,0.29032258064516125,0.0,0.0,0.0,29.0,0.7096774193548387,286.0,0.0024813895781637717,403.0
-0.1561415,0.0,1.1689919999999998,2233.0,-77.5851265,92.29166666666667,15.041666666666666,1.8608247422680413,4.78393351800554,2257.0,0.0,0.0008861320336730173,0.007089056269384138,0.002215330084182543,6.884147374207147,0.0008861320336730173,2.0,0.00554016620498615,0.3850415512465374,4.0,0.0110803324099723,1.0,8.0,5.0,39.0,1.0,0.002770083102493075,24.0,10.0,131.0,0.05804164820558263,0.0,0.08611111111111111,0.013927576601671309,0.4626038781163435,7.0,0.019390581717451522,0.0,24.0,0.5373961218836565,194.0,0.002770083102493075,361.0
-0.1561415,0.0,1.1689919999999998,3399.0,-77.5851265,82.04878048780488,10.487804878048781,1.34375,6.476744186046512,3432.0,0.0,0.0005827505827505828,0.009615384615384616,0.002331002331002331,8.057156134853924,0.0002913752913752914,9.0,0.020930232558139535,0.6209302325581395,0.0,0.0,0.0,8.0,2.0,9.0,3.0,0.0069767441860465115,33.0,14.0,151.0,0.043997668997669,0.0002913752913752914,0.023310023310023312,0.0,0.2558139534883721,1.0,0.002325581395348837,0.0,41.0,0.7441860465116279,320.0,0.0,430.0
-0.1561415,0.0,1.1689919999999998,2208.0,-77.5851265,104.61904761904762,14.761904761904763,1.7714285714285714,5.493548387096774,2232.0,0.0,0.005824372759856631,0.00492831541218638,0.0013440860215053765,6.860559468050942,0.0,0.0,0.0,0.4129032258064516,0.0,0.0,8.0,12.0,5.0,28.0,3.0,0.00967741935483871,24.0,8.0,172.0,0.07706093189964158,0.0,0.08090614886731391,0.00974025974025974,0.4354838709677419,3.0,0.00967741935483871,0.0,21.0,0.5645161290322581,175.0,0.0,310.0
-0.1561415,0.0,1.1689919999999998,2451.0,-77.5851265,90.07407407407408,11.037037037037036,1.2789699570815452,6.654362416107382,2472.0,0.0,0.003236245954692557,0.006877022653721683,0.0012135922330097086,7.659276791185378,0.0,11.0,0.03691275167785235,0.6644295302013423,0.0,0.0,4.0,12.0,2.0,11.0,3.0,0.010067114093959731,21.0,8.0,136.0,0.05501618122977346,0.0,0.016835016835016835,0.006756756756756757,0.21812080536912748,0.0,0.0,0.0,27.0,0.7818791946308725,233.0,0.0,298.0
-0.1561415,0.0,1.1689919999999998,1923.0,-77.5851265,90.76190476190476,13.666666666666666,1.7083333333333333,5.198606271777003,1940.0,0.0,0.0015463917525773195,0.007731958762886598,0.0015463917525773195,6.946224382305448,0.0010309278350515464,2.0,0.006968641114982578,0.42160278745644597,1.0,0.003484320557491289,6.0,11.0,3.0,17.0,0.0,0.0,17.0,6.0,123.0,0.0634020618556701,0.0,0.05944055944055944,0.014035087719298246,0.41463414634146345,10.0,0.03484320557491289,0.0,21.0,0.5853658536585366,168.0,0.0,287.0
-0.1561415,0.0,1.1689919999999998,2854.0,-77.5851265,82.97058823529412,10.676470588235293,1.3595505617977528,6.258953168044077,2881.0,0.0,0.0027768136063866713,0.010413051023950017,0.0024297119055883376,7.8179196792031025,0.0,5.0,0.013774104683195593,0.5895316804407713,0.0,0.0,9.0,14.0,4.0,10.0,3.0,0.008264462809917356,27.0,10.0,173.0,0.06004859423811177,0.0003471017007983339,0.016574585635359115,0.002770083102493075,0.2644628099173554,1.0,0.0027548209366391185,0.0,34.0,0.7355371900826446,267.0,0.0,363.0
-0.1561415,0.0,1.1689919999999998,431.0,-77.5851265,106.5,14.75,1.1346153846153846,5.796610169491525,433.0,0.0,0.0,0.006928406466512702,0.0,5.515668736575346,0.0,0.0,0.0,0.847457627118644,0.0,0.0,0.0,2.0,0.0,7.0,0.0,0.0,2.0,2.0,30.0,0.06928406466512702,0.0,0.0,0.0,0.11864406779661019,0.0,0.0,0.0,4.0,0.8813559322033898,52.0,0.0,59.0
-0.1561415,0.0,1.1689919999999998,931.0,-77.5851265,92.3,11.9,1.202020202020202,6.2521008403361344,939.0,0.0,0.005324813631522897,0.010649627263045794,0.003194888178913738,6.502975826475249,0.0,1.0,0.008403361344537815,0.7226890756302521,0.0,0.0,3.0,7.0,0.0,5.0,2.0,0.01680672268907563,8.0,4.0,59.0,0.06283280085197018,0.0,0.025423728813559324,0.008547008547008548,0.16806722689075626,0.0,0.0,0.0,10.0,0.8319327731092437,99.0,0.008403361344537815,119.0
-0.1561415,0.0,1.1689919999999998,487.0,-77.5851265,243.5,34.0,1.3877551020408163,5.955882352941177,491.0,0.0,0.0,0.006109979633401222,0.0,5.375604430124358,0.0,0.0,0.0,0.5588235294117647,0.0,0.0,0.0,2.0,0.0,7.0,0.0,0.0,4.0,2.0,14.0,0.028513238289205704,0.0,0.029850746268656716,0.0,0.27941176470588236,0.0,0.0,0.002036659877800407,2.0,0.7205882352941176,49.0,0.0,68.0
-0.1561415,0.0,1.1689919999999998,613.0,-77.5851265,204.66666666666666,24.666666666666668,1.1746031746031746,6.945945945945946,619.0,0.0,0.0016155088852988692,0.009693053311793215,0.0,5.885129041304626,0.0,2.0,0.02702702702702703,0.7297297297297297,0.0,0.0,0.0,1.0,2.0,4.0,0.0,0.0,6.0,3.0,20.0,0.03231017770597738,0.0,0.0136986301369863,0.0,0.14864864864864868,0.0,0.0,0.0,3.0,0.8513513513513513,63.0,0.0,74.0
-0.1561415,0.0,1.1689919999999998,2676.0,-77.5851265,106.4,15.88,1.812785388127854,5.198992443324937,2706.0,0.0,0.0040650406504065045,0.010716925351071693,0.0018477457501847746,7.136282896580097,0.0007390983000739098,2.0,0.005037783375314861,0.3954659949622166,2.0,0.005037783375314861,7.0,14.0,5.0,32.0,3.0,0.007556675062972292,30.0,11.0,181.0,0.06688839615668885,0.0,0.05555555555555555,0.010126582278481013,0.4483627204030227,5.0,0.012594458438287154,0.0,25.0,0.5516372795969773,219.0,0.0,397.0
-0.1561415,0.0,1.1689919999999998,3157.0,-77.5851265,98.0,11.78125,1.3759124087591241,6.721485411140583,3192.0,0.0,0.003446115288220551,0.0072055137844611525,0.0018796992481203006,7.845096750698559,0.0,3.0,0.007957559681697613,0.5915119363395226,0.0,0.0,9.0,14.0,6.0,8.0,1.0,0.002652519893899204,35.0,13.0,185.0,0.05795739348370927,0.0003132832080200501,0.010638297872340425,0.0,0.273209549071618,1.0,0.002652519893899204,0.0,32.0,0.726790450928382,274.0,0.0,377.0
-0.1561415,0.0,1.1689919999999998,1662.0,-77.5851265,103.5,16.0,1.7414965986394557,5.19921875,1675.0,0.0,0.001791044776119403,0.005373134328358209,0.0023880597014925373,6.679723175709619,0.0,0.0,0.0,0.41015625,0.0,0.0,0.0,5.0,2.0,19.0,0.0,0.0,13.0,5.0,76.0,0.04537313432835821,0.0,0.07450980392156863,0.023622047244094488,0.42578125,0.0,0.0,0.0,16.0,0.57421875,147.0,0.0,256.0
-0.1561415,0.0,1.1689919999999998,1502.0,-77.5851265,124.66666666666667,15.0,1.2328767123287672,6.838888888888889,1516.0,0.0,0.00395778364116095,0.006596306068601583,0.0013192612137203166,7.029163026801096,0.0,6.0,0.03333333333333333,0.6944444444444444,0.0,0.0,4.0,5.0,2.0,6.0,0.0,0.0,14.0,5.0,66.0,0.04353562005277045,0.0,0.0111731843575419,0.0,0.18888888888888888,0.0,0.0,0.0,12.0,0.8111111111111111,146.0,0.0,180.0
-0.1561415,0.0,1.1689919999999998,1774.0,-77.5851265,88.05,13.7,1.7232704402515724,4.945255474452555,1795.0,0.0,0.005013927576601671,0.00947075208913649,0.0011142061281337048,6.6750135036241405,0.0011142061281337048,2.0,0.0072992700729927005,0.45255474452554745,0.0,0.0,6.0,11.0,2.0,27.0,0.0,0.0,21.0,8.0,125.0,0.06963788300835655,0.0,0.08791208791208792,0.029411764705882353,0.4197080291970803,11.0,0.040145985401459854,0.0,20.0,0.5802919708029197,159.0,0.0,274.0
-0.1561415,0.0,1.1689919999999998,1779.0,-77.5851265,87.3,10.75,1.2427745664739884,6.423255813953489,1803.0,0.0,0.004437049362174155,0.013311148086522463,0.0011092623405435386,7.280614593715131,0.0,4.0,0.018604651162790697,0.6744186046511628,0.0,0.0,11.0,8.0,2.0,8.0,1.0,0.004651162790697674,24.0,8.0,112.0,0.06211869107043816,0.0011092623405435386,0.004672897196261682,0.0,0.1953488372093023,3.0,0.013953488372093023,0.0,20.0,0.8046511627906977,173.0,0.0,215.0
-0.1561415,0.0,1.1689919999999998,1870.0,-77.5851265,145.15384615384616,23.307692307692307,2.006622516556291,4.590759075907591,1919.0,0.0,0.006253256904637832,0.005211047420531527,0.001563314226159458,6.656824705721474,0.0,12.0,0.039603960396039604,0.3333333333333333,2.0,0.006600660066006601,4.0,8.0,4.0,19.0,0.0,0.0,49.0,22.0,138.0,0.07191245440333507,0.0,0.16556291390728478,0.08637873754152824,0.5016501650165017,15.0,0.04950495049504951,0.0,13.0,0.49834983498349833,151.0,0.0,303.0
-0.1561415,0.0,1.1689919999999998,1593.0,-77.5851265,179.11111111111111,23.22222222222222,1.4928571428571429,6.028708133971292,1635.0,0.0,0.005504587155963303,0.010397553516819572,0.001834862385321101,6.824968508038244,0.0,5.0,0.023923444976076555,0.5167464114832536,0.0,0.0,0.0,4.0,3.0,8.0,1.0,0.004784688995215311,42.0,19.0,97.0,0.05932721712538226,0.0,0.0673076923076923,0.014492753623188406,0.3301435406698564,1.0,0.004784688995215311,0.0,9.0,0.6698564593301436,140.0,0.0,209.0
-0.1561415,0.0,1.1689919999999998,1646.0,-77.5851265,138.25,21.416666666666668,1.748299319727891,4.953307392996109,1663.0,0.0,0.0036079374624173183,0.004209260372820205,0.0024052916416115455,6.785356782113376,0.0,13.0,0.05058365758754864,0.39299610894941633,2.0,0.007782101167315175,3.0,8.0,0.0,14.0,2.0,0.007782101167315175,17.0,6.0,103.0,0.0619362597714973,0.0012026458208057728,0.1171875,0.047058823529411764,0.42801556420233466,1.0,0.0038910505836575876,0.0,12.0,0.5719844357976653,147.0,0.0,257.0
-0.1561415,0.0,1.1689919999999998,1468.0,-77.5851265,122.41666666666667,15.083333333333334,1.4140625,6.3646408839779,1485.0,0.0,0.0047138047138047135,0.013468013468013467,0.0026936026936026937,6.798543693881285,0.0,3.0,0.016574585635359115,0.5138121546961326,0.0,0.0,3.0,8.0,0.0,7.0,4.0,0.022099447513812154,17.0,6.0,86.0,0.057912457912457915,0.00202020202020202,0.06111111111111111,0.0335195530726257,0.2928176795580111,0.0,0.0,0.0,12.0,0.7071823204419889,128.0,0.0,181.0
-0.1561415,0.0,1.1689919999999998,1869.0,-77.5851265,134.57142857142858,20.428571428571427,1.8451612903225807,5.020979020979021,1889.0,0.0,0.0037056643726839597,0.006881948120698782,0.0026469031233456856,6.814420439775106,0.0,14.0,0.04895104895104895,0.36363636363636365,5.0,0.017482517482517484,3.0,4.0,5.0,14.0,3.0,0.01048951048951049,20.0,7.0,120.0,0.06352567496029646,0.0015881418740074113,0.09824561403508772,0.02464788732394366,0.458041958041958,1.0,0.0034965034965034965,0.0005293806246691371,14.0,0.541958041958042,155.0,0.0,286.0
-0.1561415,0.0,1.1689919999999998,1485.0,-77.5851265,106.0,13.357142857142858,1.449612403100775,6.240641711229946,1502.0,0.0,0.003328894806924101,0.011984021304926764,0.002663115845539281,6.781340901085115,0.0,4.0,0.0213903743315508,0.5133689839572193,0.0,0.0,3.0,8.0,0.0,6.0,2.0,0.0106951871657754,17.0,6.0,88.0,0.05858854860186418,0.0019973368841544607,0.05913978494623656,0.02702702702702703,0.31016042780748665,0.0,0.0,0.0,14.0,0.6898395721925134,129.0,0.0,187.0
-0.1561415,0.0,1.1689919999999998,1471.0,-77.5851265,113.38461538461539,17.53846153846154,1.6402877697841727,5.017543859649122,1486.0,0.0,0.0033647375504710633,0.0026917900403768506,0.002018842530282638,6.699850350028134,0.0,8.0,0.03508771929824561,0.4649122807017544,0.0,0.0,4.0,4.0,4.0,12.0,0.0,0.0,15.0,5.0,82.0,0.05518169582772544,0.0,0.07048458149779736,0.022123893805309734,0.39035087719298245,3.0,0.013157894736842105,0.0,13.0,0.6096491228070176,139.0,0.0,228.0
-0.1561415,0.0,1.1689919999999998,1296.0,-77.5851265,117.27272727272727,15.727272727272727,1.2357142857142858,6.0520231213872835,1308.0,0.0,0.0045871559633027525,0.008409785932721712,0.0022935779816513763,6.987321418473405,0.0,2.0,0.011560693641618497,0.6878612716763006,0.0,0.0,0.0,0.0,4.0,5.0,3.0,0.017341040462427744,12.0,5.0,57.0,0.04357798165137615,0.0007645259938837921,0.005813953488372093,0.0,0.19075144508670516,0.0,0.0,0.0,11.0,0.8092485549132948,140.0,0.0,173.0
-0.1561415,0.0,1.1689919999999998,1900.0,-77.5851265,112.29411764705883,18.529411764705884,1.7403314917127073,4.612698412698412,1918.0,0.0,0.004171011470281543,0.006777893639207508,0.0015641293013555788,7.107059747402049,0.0,6.0,0.01904761904761905,0.38412698412698415,2.0,0.006349206349206349,3.0,5.0,4.0,13.0,3.0,0.009523809523809525,18.0,7.0,122.0,0.06360792492179354,0.0,0.07961783439490445,0.009584664536741214,0.42539682539682544,11.0,0.03492063492063492,0.0010427528675703858,17.0,0.5746031746031746,181.0,0.0,315.0
-0.1561415,0.0,1.1689919999999998,1916.0,-77.5851265,95.7,13.65,1.365,5.538461538461538,1935.0,0.0,0.004651162790697674,0.010852713178294573,0.0015503875968992248,7.435258196144362,0.0005167958656330749,6.0,0.02197802197802198,0.5824175824175825,0.0,0.0,3.0,4.0,4.0,6.0,3.0,0.01098901098901099,19.0,7.0,105.0,0.05426356589147287,0.0005167958656330749,0.022058823529411766,0.0036900369003690036,0.26739926739926745,1.0,0.003663003663003663,0.0,20.0,0.7326007326007326,200.0,0.0,273.0
-0.1561415,0.0,1.1689919999999998,1364.0,-77.5851265,153.55555555555554,22.77777777777778,2.1578947368421053,5.048780487804878,1382.0,0.0,0.004341534008683068,0.005065123010130246,0.002894356005788712,6.101302085734435,0.0,3.0,0.014634146341463415,0.24878048780487805,0.0,0.0,4.0,9.0,0.0,18.0,2.0,0.00975609756097561,18.0,6.0,106.0,0.07670043415340087,0.0,0.20588235294117646,0.12315270935960591,0.5365853658536586,0.0,0.0,0.000723589001447178,9.0,0.4634146341463415,95.0,0.0,205.0
-0.1561415,0.0,1.1689919999999998,1269.0,-77.5851265,158.125,18.5,1.574468085106383,6.547297297297297,1287.0,0.0,0.00777000777000777,0.006216006216006216,0.003108003108003108,6.255552879887507,0.0,5.0,0.033783783783783786,0.4594594594594595,0.0,0.0,4.0,14.0,0.0,7.0,0.0,0.0,18.0,6.0,99.0,0.07692307692307693,0.0,0.16326530612244897,0.0821917808219178,0.3648648648648649,0.0,0.0,0.0,8.0,0.6351351351351351,94.0,0.0,148.0
-0.1561415,0.0,1.1689919999999998,577.0,-77.5851265,115.2,16.0,1.4285714285714286,5.3625,590.0,0.0,0.015254237288135594,0.001694915254237288,0.006779661016949152,5.618619813556233,0.0,1.0,0.0125,0.5125,0.0,0.0,0.0,7.0,0.0,4.0,0.0,0.0,13.0,5.0,57.0,0.09661016949152543,0.0,0.05063291139240506,0.0,0.30000000000000004,0.0,0.0,0.0,5.0,0.7,56.0,0.0125,80.0
-0.1561415,0.0,1.1689919999999998,624.0,-77.5851265,124.8,15.4,1.1846153846153846,6.324675324675325,635.0,0.0,0.014173228346456693,0.006299212598425197,0.004724409448818898,5.935490761417928,0.0,0.0,0.0,0.7142857142857143,0.0,0.0,2.0,6.0,0.0,3.0,0.0,0.0,11.0,4.0,53.0,0.08346456692913386,0.0,0.0,0.0,0.1558441558441559,0.0,0.0,0.0,5.0,0.8441558441558441,65.0,0.0,77.0
-0.1561415,0.0,1.1689919999999998,178.0,-77.5851265,178.0,24.0,1.0434782608695652,6.166666666666667,178.0,0.0,0.0056179775280898875,0.0056179775280898875,0.0,4.501629167387822,0.0,0.0,0.0,0.9166666666666666,0.0,0.0,0.0,1.0,0.0,2.0,0.0,0.0,0.0,1.0,7.0,0.03932584269662921,0.0,0.0,0.0,0.04166666666666663,0.0,0.0,0.0,1.0,0.9583333333333334,23.0,0.0,24.0
-0.1561415,0.0,1.1689919999999998,224.0,-77.5851265,227.0,28.0,1.0769230769230769,6.678571428571429,227.0,0.0,0.00881057268722467,0.00881057268722467,0.0,4.664497779200461,0.0,1.0,0.03571428571428571,0.8571428571428571,0.0,0.0,0.0,1.0,0.0,2.0,0.0,0.0,3.0,2.0,9.0,0.039647577092511016,0.0,0.0,0.0,0.0714285714285714,0.0,0.0,0.0,1.0,0.9285714285714286,26.0,0.0,28.0
-0.1561415,0.0,1.1689919999999998,3614.0,-77.5851265,108.21212121212122,15.848484848484848,1.881294964028777,5.323135755258126,3648.0,0.0,0.0043859649122807015,0.005756578947368421,0.0024671052631578946,7.342608893253042,0.0,0.0,0.0,0.39961759082217974,3.0,0.0057361376673040155,14.0,22.0,6.0,45.0,5.0,0.009560229445506692,34.0,8.0,238.0,0.06524122807017543,0.0,0.10153256704980843,0.009596928982725527,0.46845124282982786,0.0,0.0,0.00027412280701754384,33.0,0.5315487571701721,278.0,0.0,523.0
-0.1561415,0.0,1.1689919999999998,3310.0,-77.5851265,90.97222222222223,11.555555555555555,1.4647887323943662,6.454326923076923,3338.0,0.0,0.002396644697423607,0.008388256440982624,0.002396644697423607,7.810966439457923,0.0,9.0,0.021634615384615384,0.5480769230769231,0.0,0.0,8.0,11.0,6.0,9.0,8.0,0.019230769230769232,28.0,8.0,164.0,0.04913121629718394,0.0,0.03132530120481928,0.0024154589371980675,0.3173076923076923,0.0,0.0,0.0,36.0,0.6826923076923077,284.0,0.0,416.0
-0.1561415,0.0,1.1689919999999998,3809.0,-77.5851265,105.02777777777777,15.36111111111111,1.982078853046595,5.4466546112115735,3843.0,0.0,0.0026021337496747333,0.00624512099921936,0.00156128024980484,7.464061294823025,0.0,0.0,0.0,0.35985533453887886,10.0,0.018083182640144666,9.0,14.0,7.0,31.0,5.0,0.009041591320072333,34.0,9.0,208.0,0.05412438199323445,0.0,0.10326086956521739,0.019963702359346643,0.49547920433996384,0.0,0.0,0.00026021337496747333,36.0,0.5045207956600362,279.0,0.0,553.0
-0.1561415,0.0,1.1689919999999998,3106.0,-77.5851265,128.54166666666666,16.375,1.4290909090909092,6.404580152671755,3132.0,0.0,0.002554278416347382,0.012132822477650063,0.0031928480204342275,7.792371411982272,0.0,4.0,0.010178117048346057,0.5648854961832062,0.0,0.0,6.0,7.0,6.0,9.0,6.0,0.015267175572519083,26.0,8.0,158.0,0.05044699872286079,0.0,0.04591836734693878,0.0076726342710997444,0.30025445292620867,0.0,0.0,0.0,24.0,0.6997455470737913,275.0,0.0,393.0
-0.1561415,0.0,1.1689919999999998,2855.0,-77.5851265,85.81818181818181,13.848484848484848,2.013215859030837,4.7986870897155365,2885.0,0.0,0.004852686308492201,0.004159445407279029,0.0020797227036395147,7.085718853629338,0.0,1.0,0.002188183807439825,0.33260393873085337,6.0,0.01312910284463895,10.0,10.0,6.0,47.0,3.0,0.006564551422319475,30.0,8.0,165.0,0.05719237435008666,0.0020797227036395147,0.12280701754385964,0.02857142857142857,0.5032822757111597,8.0,0.0175054704595186,0.0003466204506065858,33.0,0.49671772428884026,227.0,0.0,457.0
-0.1561415,0.0,1.1689919999999998,2834.0,-77.5851265,96.93103448275862,12.655172413793103,1.4115384615384616,6.204359673024523,2867.0,0.0,0.003487966515521451,0.010115102895012208,0.0020927799093128706,7.731835531237902,0.0,3.0,0.008174386920980926,0.5749318801089919,0.0,0.0,9.0,6.0,7.0,12.0,3.0,0.008174386920980926,33.0,9.0,143.0,0.049877921171956746,0.0003487966515521451,0.030054644808743168,0.00821917808219178,0.29155313351498635,0.0,0.0,0.0,29.0,0.7084468664850136,260.0,0.0,367.0
-0.1561415,0.0,1.1689919999999998,2930.0,-77.5851265,107.70370370370371,17.333333333333332,1.8645418326693226,4.767094017094017,2960.0,0.0,0.0033783783783783786,0.006418918918918919,0.00472972972972973,7.322974881902197,0.0,3.0,0.00641025641025641,0.3995726495726496,4.0,0.008547008547008548,10.0,16.0,5.0,28.0,5.0,0.010683760683760684,30.0,9.0,192.0,0.06486486486486487,0.0,0.09421841541755889,0.032188841201716736,0.4636752136752137,14.0,0.029914529914529916,0.00033783783783783786,27.0,0.5363247863247863,251.0,0.004273504273504274,468.0
-0.1561415,0.0,1.1689919999999998,3068.0,-77.5851265,94.9375,12.71875,1.4535714285714285,6.012285012285012,3100.0,0.0,0.0035483870967741938,0.01,0.005161290322580645,7.808750895249785,0.0,4.0,0.009828009828009828,0.542997542997543,0.0,0.0,6.0,11.0,7.0,15.0,16.0,0.03931203931203931,32.0,10.0,162.0,0.052258064516129035,0.0006451612903225806,0.019704433497536946,0.0024691358024691358,0.312039312039312,0.0,0.0,0.0,32.0,0.687960687960688,280.0,0.007371007371007371,407.0
-0.1561415,0.0,1.1689919999999998,3312.0,-77.5851265,82.125,13.475,2.026315789473684,4.64935064935065,3347.0,0.0,0.0044816253361219,0.00717060053779504,0.005975500448162534,7.129756860901677,0.0,0.0,0.0,0.3747680890538033,2.0,0.0037105751391465678,10.0,17.0,7.0,50.0,7.0,0.012987012987012988,35.0,10.0,234.0,0.06991335524350165,0.0011951000896325067,0.12825278810408922,0.04283054003724395,0.5064935064935066,12.0,0.022263450834879406,0.0,40.0,0.4935064935064935,266.0,0.0074211502782931356,539.0
-0.1561415,0.0,1.1689919999999998,3010.0,-77.5851265,87.61764705882354,11.911764705882353,1.4210526315789473,5.879012345679012,3045.0,0.0,0.0019704433497536944,0.010180623973727421,0.006568144499178982,7.8502361624301535,0.0,7.0,0.01728395061728395,0.5703703703703704,0.0,0.0,6.0,9.0,8.0,10.0,10.0,0.024691358024691357,35.0,11.0,164.0,0.053858784893267654,0.0003284072249589491,0.03712871287128713,0.01240694789081886,0.2962962962962963,0.0,0.0,0.0,34.0,0.7037037037037037,285.0,0.0049382716049382715,405.0
-0.1561415,0.0,1.1689919999999998,3194.0,-77.5851265,113.28571428571429,17.428571428571427,1.90625,5.165983606557377,3220.0,0.0,0.0027950310559006213,0.005279503105590062,0.0015527950310559005,7.397750348955,0.0,0.0,0.0,0.36475409836065575,6.0,0.012295081967213115,6.0,8.0,6.0,30.0,3.0,0.006147540983606557,26.0,8.0,159.0,0.04937888198757764,0.0,0.09856262833675565,0.01440329218106996,0.47540983606557374,0.0,0.0,0.00031055900621118014,28.0,0.5245901639344263,256.0,0.0,488.0
-0.1561415,0.0,1.1689919999999998,2813.0,-77.5851265,103.25925925925925,14.185185185185185,1.490272373540856,5.921671018276762,2842.0,0.0,0.0014074595355383533,0.009148486980999296,0.003518648838845883,7.642881578021026,0.0,8.0,0.020887728459530026,0.5430809399477807,0.0,0.0,4.0,6.0,6.0,11.0,5.0,0.013054830287206266,29.0,10.0,126.0,0.04433497536945813,0.0,0.03926701570680628,0.0026246719160104987,0.3289817232375979,1.0,0.0026109660574412533,0.0,27.0,0.6710182767624021,257.0,0.0,383.0
-0.1561415,0.0,1.1689919999999998,4141.0,-77.5851265,92.93181818181819,14.977272727272727,2.1465798045602607,4.895295902883157,4180.0,0.0,0.002631578947368421,0.005023923444976076,0.005023923444976076,7.462643204061486,0.0,3.0,0.004552352048558422,0.3141122913505311,9.0,0.013657056145675266,11.0,10.0,8.0,38.0,7.0,0.010622154779969651,39.0,11.0,198.0,0.04736842105263158,0.0,0.11702127659574468,0.0258751902587519,0.5341426403641882,15.0,0.02276176024279211,0.00023923444976076556,44.0,0.4658573596358118,307.0,0.0030349013657056147,659.0
-0.1561415,0.0,1.1689919999999998,3547.0,-77.5851265,100.45714285714286,14.17142857142857,1.467455621301775,5.715725806451613,3575.0,0.0,0.003076923076923077,0.013426573426573427,0.005314685314685315,8.025769374726718,0.0,5.0,0.010080645161290322,0.5564516129032258,0.0,0.0,7.0,9.0,7.0,14.0,9.0,0.018145161290322582,28.0,8.0,176.0,0.04923076923076923,0.0,0.048484848484848485,0.008097165991902834,0.31854838709677424,0.0,0.0,0.0,35.0,0.6814516129032258,338.0,0.0,496.0
-0.1561415,0.0,1.1689919999999998,3723.0,-77.5851265,92.25,14.375,1.796875,5.069565217391304,3760.0,0.0,0.0013297872340425532,0.007978723404255319,0.0018617021276595746,7.615961912371059,0.0,2.0,0.0034782608695652175,0.4226086956521739,3.0,0.0052173913043478265,13.0,7.0,7.0,39.0,6.0,0.010434782608695653,37.0,9.0,187.0,0.04973404255319149,0.0010638297872340426,0.06620209059233449,0.012216404886561954,0.4434782608695652,0.0,0.0,0.0005319148936170213,40.0,0.5565217391304348,320.0,0.022608695652173914,575.0
-0.1561415,0.0,1.1689919999999998,1571.0,-77.5851265,144.0,23.727272727272727,1.8,4.574712643678161,1588.0,0.0,0.004408060453400504,0.006297229219143577,0.0025188916876574307,6.70348550727502,0.0,17.0,0.06513409961685823,0.3946360153256705,2.0,0.007662835249042145,3.0,8.0,0.0,14.0,0.0,0.0,17.0,6.0,102.0,0.06423173803526448,0.0006297229219143577,0.06538461538461539,0.019305019305019305,0.4444444444444444,1.0,0.0038314176245210726,0.0,11.0,0.5555555555555556,145.0,0.0,261.0
-0.1561415,0.0,1.1689919999999998,1775.0,-77.5851265,126.14285714285714,16.214285714285715,1.3592814371257484,6.277533039647577,1792.0,0.0,0.004464285714285714,0.008370535714285714,0.002232142857142857,7.1689087845810295,0.0,10.0,0.04405286343612335,0.5814977973568282,0.0,0.0,3.0,8.0,0.0,8.0,1.0,0.004405286343612335,17.0,6.0,82.0,0.04575892857142857,0.0011160714285714285,0.01327433628318584,0.0,0.26431718061674003,0.0,0.0,0.0,14.0,0.73568281938326,167.0,0.0,227.0
-0.1561415,0.0,1.1689919999999998,1530.0,-77.5851265,118.6923076923077,17.384615384615383,1.6028368794326242,5.097345132743363,1548.0,0.0,0.004521963824289405,0.005813953488372093,0.002583979328165375,6.777361897159471,0.0,13.0,0.05752212389380531,0.4469026548672566,1.0,0.004424778761061947,4.0,9.0,5.0,11.0,0.0,0.0,18.0,6.0,129.0,0.08333333333333333,0.0006459948320413437,0.06666666666666667,0.026785714285714284,0.3761061946902655,3.0,0.01327433628318584,0.0,13.0,0.6238938053097345,141.0,0.0,226.0
-0.1561415,0.0,1.1689919999999998,1675.0,-77.5851265,139.16666666666666,16.166666666666668,1.3020134228187918,6.943298969072165,1694.0,0.0,0.004722550177095631,0.011216056670602124,0.0023612750885478157,7.050410992011211,0.0,7.0,0.03608247422680412,0.6185567010309279,0.0,0.0,3.0,4.0,4.0,5.0,0.0,0.0,19.0,7.0,87.0,0.051357733175914994,0.0005903187721369539,0.04145077720207254,0.005208333333333333,0.2319587628865979,0.0,0.0,0.0,12.0,0.7680412371134021,149.0,0.0,194.0
-0.1561415,0.0,1.1689919999999998,1859.0,-77.5851265,123.33333333333333,19.4,1.81875,4.965635738831615,1876.0,0.0,0.005330490405117271,0.005330490405117271,0.0021321961620469083,6.843578363878801,0.0010660980810234541,17.0,0.058419243986254296,0.3745704467353952,1.0,0.003436426116838488,3.0,4.0,5.0,14.0,1.0,0.003436426116838488,17.0,6.0,98.0,0.05223880597014925,0.0,0.10344827586206896,0.010380622837370242,0.4501718213058419,6.0,0.020618556701030927,0.0,15.0,0.5498281786941581,160.0,0.0,291.0
-0.1561415,0.0,1.1689919999999998,2116.0,-77.5851265,111.05263157894737,13.68421052631579,1.361256544502618,6.719230769230769,2139.0,0.0,0.004675081813931743,0.0074801309022907905,0.0023375409069658717,7.323273126902078,0.0009350163627863488,8.0,0.03076923076923077,0.5961538461538461,0.0,0.0,0.0,5.0,4.0,10.0,1.0,0.0038461538461538464,23.0,9.0,94.0,0.04394576905095839,0.0,0.03474903474903475,0.007751937984496124,0.26538461538461533,0.0,0.0,0.0,19.0,0.7346153846153847,191.0,0.0038461538461538464,260.0
-0.1561415,0.0,1.1689919999999998,2207.0,-77.5851265,122.38888888888889,19.055555555555557,1.96,5.029154518950437,2232.0,0.0,0.005376344086021506,0.004032258064516129,0.0017921146953405018,6.942731909302394,0.0008960573476702509,21.0,0.061224489795918366,0.33819241982507287,1.0,0.0029154518950437317,3.0,8.0,4.0,14.0,0.0,0.0,25.0,10.0,120.0,0.053763440860215055,0.0,0.10818713450292397,0.02932551319648094,0.4897959183673469,9.0,0.026239067055393587,0.0,18.0,0.5102040816326531,175.0,0.0029154518950437317,343.0
-0.1561415,0.0,1.1689919999999998,2046.0,-77.5851265,81.24,10.28,1.317948717948718,6.389105058365759,2068.0,0.0,0.0033849129593810446,0.006286266924564797,0.0024177949709864605,7.414521813792186,0.0009671179883945841,11.0,0.042801556420233464,0.6186770428015564,0.0,0.0,3.0,4.0,5.0,8.0,0.0,0.0,22.0,8.0,103.0,0.049806576402321084,0.0,0.02734375,0.0,0.24124513618677046,0.0,0.0,0.0,25.0,0.7587548638132295,195.0,0.0,257.0
-0.1561415,0.0,1.1689919999999998,3697.0,-77.5851265,101.77777777777777,15.666666666666666,2.0,5.00531914893617,3734.0,0.0,0.0048205677557579,0.0058918050348152114,0.004017139796464917,7.238608357125821,0.0,1.0,0.0017730496453900709,0.37943262411347517,1.0,0.0017730496453900709,14.0,23.0,7.0,46.0,3.0,0.005319148936170213,37.0,9.0,256.0,0.06855918585966791,0.0010712372790573112,0.12966252220248667,0.03202846975088968,0.5,4.0,0.0070921985815602835,0.0002678093197643278,36.0,0.5,282.0,0.0,564.0
-0.1561415,0.0,1.1689919999999998,3270.0,-77.5851265,92.57142857142857,12.314285714285715,1.506993006993007,6.0533642691415315,3307.0,0.0,0.002419110976716057,0.00937405503477472,0.0030238887208950713,7.763448072916894,0.0,6.0,0.013921113689095127,0.5336426914153132,0.0,0.0,11.0,9.0,7.0,16.0,8.0,0.018561484918793503,37.0,10.0,165.0,0.049894163894768674,0.0,0.06279069767441861,0.02097902097902098,0.3364269141531323,0.0,0.0,0.0,35.0,0.6635730858468677,286.0,0.002320185614849188,431.0
-0.1561415,0.0,1.1689919999999998,3588.0,-77.5851265,93.71052631578948,15.105263157894736,2.0,4.808362369337979,3623.0,0.0,0.0024841291747170853,0.007728401876897599,0.0019321004692243997,7.448362613452667,0.0,1.0,0.0017421602787456446,0.33797909407665505,4.0,0.006968641114982578,7.0,13.0,8.0,38.0,7.0,0.012195121951219513,35.0,11.0,217.0,0.05989511454595639,0.0,0.07329842931937172,0.01048951048951049,0.5,9.0,0.0156794425087108,0.0008280430582390284,38.0,0.5,287.0,0.0,574.0
-0.1561415,0.0,1.1689919999999998,3744.0,-77.5851265,94.97435897435898,12.153846153846153,1.4065281899109792,6.314345991561181,3784.0,0.0,0.003171247357293869,0.010570824524312896,0.004228329809725159,8.0698988327115,0.0,6.0,0.012658227848101266,0.5928270042194093,0.0,0.0,12.0,14.0,8.0,13.0,8.0,0.016877637130801686,40.0,11.0,206.0,0.054439746300211415,0.0002642706131078224,0.016913319238900635,0.00423728813559322,0.2890295358649789,0.0,0.0,0.0,39.0,0.7109704641350211,337.0,0.004219409282700422,474.0
-0.1561415,0.0,1.1689919999999998,4236.0,-77.5851265,95.47727272727273,15.431818181818182,2.0701219512195124,4.824742268041237,4274.0,0.0,0.002339728591483388,0.007253158633598503,0.0028076743097800653,7.506460382393712,0.0,1.0,0.0014727540500736377,0.34609720176730485,5.0,0.007363770250368188,10.0,13.0,8.0,45.0,5.0,0.007363770250368188,38.0,11.0,231.0,0.05404773046326626,0.0004679457182966776,0.08259587020648967,0.01624815361890694,0.5169366715758468,12.0,0.017673048600883652,0.0004679457182966776,44.0,0.48306332842415317,328.0,0.004418262150220913,679.0
-0.1561415,0.0,1.1689919999999998,3374.0,-77.5851265,85.64102564102564,11.41025641025641,1.4401294498381878,6.051685393258427,3415.0,0.0,0.0014641288433382138,0.009956076134699853,0.003513909224011713,7.917784432091451,0.0,11.0,0.024719101123595506,0.5640449438202247,0.0,0.0,12.0,6.0,8.0,11.0,6.0,0.01348314606741573,41.0,11.0,159.0,0.046559297218155195,0.0005856515373352855,0.03153153153153153,0.011286681715575621,0.30561797752808983,0.0,0.0,0.0,39.0,0.6943820224719102,309.0,0.0022471910112359553,445.0
-0.1561415,0.0,1.1689919999999998,1796.0,-77.5851265,105.94117647058823,18.58823529411765,1.8698224852071006,4.253164556962025,1813.0,0.0,0.004964147821290678,0.006067291781577496,0.002206287920573635,6.846776727109579,0.0005515719801434088,13.0,0.04113924050632911,0.36075949367088606,2.0,0.006329113924050633,3.0,4.0,4.0,25.0,0.0,0.0,17.0,6.0,120.0,0.06618863761720904,0.001654715940430226,0.11428571428571428,0.028662420382165606,0.46518987341772156,5.0,0.015822784810126583,0.0,17.0,0.5348101265822784,169.0,0.0,316.0
-0.1561415,0.0,1.1689919999999998,1488.0,-77.5851265,99.33333333333333,13.533333333333333,1.3181818181818181,5.758620689655173,1502.0,0.0,0.002663115845539281,0.011984021304926764,0.0019973368841544607,7.029898880437931,0.0013315579227696406,9.0,0.04433497536945813,0.6206896551724138,0.0,0.0,3.0,7.0,0.0,10.0,2.0,0.009852216748768473,14.0,5.0,87.0,0.05792276964047936,0.0013315579227696406,0.024752475247524754,0.009950248756218905,0.24137931034482762,1.0,0.0049261083743842365,0.0,15.0,0.7586206896551724,154.0,0.0,203.0
-0.1561415,0.0,1.1689919999999998,1868.0,-77.5851265,117.375,19.875,1.8816568047337279,4.459119496855346,1888.0,0.0,0.003707627118644068,0.005296610169491525,0.0026483050847457626,6.803312471934807,0.0005296610169491525,11.0,0.03459119496855346,0.3584905660377358,0.0,0.0,3.0,4.0,5.0,29.0,0.0,0.0,20.0,7.0,111.0,0.058792372881355935,0.0005296610169491525,0.11987381703470032,0.03481012658227848,0.46855345911949686,4.0,0.012578616352201259,0.0,16.0,0.5314465408805031,169.0,0.0031446540880503146,318.0
-0.1561415,0.0,1.1689919999999998,1563.0,-77.5851265,103.53333333333333,14.066666666666666,1.3354430379746836,5.834123222748815,1580.0,0.0,0.0031645569620253164,0.012025316455696202,0.002531645569620253,7.080845236433248,0.0006329113924050633,6.0,0.02843601895734597,0.6113744075829384,0.0,0.0,3.0,4.0,4.0,8.0,0.0,0.0,17.0,6.0,90.0,0.056962025316455694,0.0006329113924050633,0.03333333333333333,0.009569377990430622,0.2511848341232228,0.0,0.0,0.0,15.0,0.7488151658767772,158.0,0.0,211.0
-0.1561415,0.0,1.1689919999999998,472.0,-77.5851265,157.66666666666666,22.0,1.2222222222222223,5.53030303030303,481.0,0.0,0.012474012474012475,0.004158004158004158,0.006237006237006237,5.6464446874419325,0.0,1.0,0.015151515151515152,0.6818181818181818,0.0,0.0,0.0,4.0,0.0,3.0,0.0,0.0,9.0,4.0,37.0,0.07692307692307693,0.0,0.015384615384615385,0.0,0.18181818181818177,0.0,0.0,0.0,3.0,0.8181818181818182,54.0,0.015151515151515152,66.0
-0.1561415,0.0,1.1689919999999998,536.0,-77.5851265,107.4,12.0,1.1320754716981132,6.916666666666667,548.0,0.0,0.01824817518248175,0.0036496350364963502,0.005474452554744526,5.648394345536403,0.0,0.0,0.0,0.8,0.0,0.0,2.0,6.0,0.0,3.0,0.0,0.0,12.0,4.0,52.0,0.0948905109489051,0.0,0.0,0.0,0.1166666666666667,0.0,0.0,0.0,5.0,0.8833333333333333,53.0,0.0,60.0
-0.1561415,0.0,1.1689919999999998,3009.0,-77.5851265,106.71428571428571,15.964285714285714,1.8940677966101696,5.351230425055928,3034.0,0.0,0.0016479894528675016,0.0036255767963085037,0.0016479894528675016,7.313935629562201,0.0,0.0,0.0,0.3691275167785235,6.0,0.013422818791946308,6.0,7.0,6.0,29.0,2.0,0.0044742729306487695,25.0,7.0,146.0,0.04812129202373105,0.0,0.08968609865470852,0.011235955056179775,0.4720357941834452,0.0,0.0,0.0003295978905735003,28.0,0.5279642058165548,236.0,0.0,447.0
-0.1561415,0.0,1.1689919999999998,2956.0,-77.5851265,97.66666666666667,13.0,1.471698113207547,6.0948717948717945,2985.0,0.0,0.001340033500837521,0.010050251256281407,0.0020100502512562816,7.750166779578674,0.0,6.0,0.015384615384615385,0.5358974358974359,0.0,0.0,7.0,7.0,6.0,7.0,4.0,0.010256410256410256,29.0,9.0,142.0,0.047571189279731994,0.0,0.05398457583547558,0.010309278350515464,0.3205128205128205,1.0,0.002564102564102564,0.0,30.0,0.6794871794871795,265.0,0.0,390.0
-0.1561415,0.0,1.1689919999999998,3841.0,-77.5851265,92.73170731707317,14.268292682926829,2.038327526132404,5.075213675213675,3878.0,0.0,0.0030943785456420837,0.004899432697266632,0.0018050541516245488,7.4872886959187275,0.0,0.0,0.0,0.3333333333333333,9.0,0.015384615384615385,11.0,17.0,8.0,33.0,7.0,0.011965811965811967,37.0,10.0,224.0,0.05776173285198556,0.0010314595152140279,0.09246575342465753,0.0137221269296741,0.5094017094017094,12.0,0.020512820512820513,0.0,41.0,0.4905982905982906,287.0,0.0017094017094017094,585.0
-0.1561415,0.0,1.1689919999999998,3552.0,-77.5851265,90.28205128205128,12.58974358974359,1.4744744744744744,5.788187372708758,3587.0,0.0,0.002230275996654586,0.01282408698076387,0.005018120992472818,8.053184466336226,0.0,5.0,0.010183299389002037,0.5274949083503055,0.0,0.0,7.0,4.0,8.0,12.0,8.0,0.016293279022403257,35.0,11.0,180.0,0.05018120992472819,0.0013939224979091162,0.030612244897959183,0.00408997955010225,0.32179226069246436,0.0,0.0,0.0,39.0,0.6782077393075356,333.0,0.0,491.0
-0.1561415,0.0,1.1689919999999998,3367.0,-77.5851265,85.46153846153847,13.128205128205128,1.8028169014084507,5.103515625,3404.0,0.0,0.0014688601645123384,0.006169212690951821,0.002056404230317274,7.464687452700505,0.0,2.0,0.00390625,0.421875,7.0,0.013671875,14.0,11.0,7.0,35.0,8.0,0.015625,37.0,9.0,184.0,0.05405405405405406,0.0002937720329024677,0.08610567514677103,0.01568627450980392,0.4453125,2.0,0.00390625,0.0005875440658049354,39.0,0.5546875,284.0,0.021484375,512.0
-0.1561415,0.0,1.1689919999999998,3466.0,-77.5851265,98.17142857142858,12.714285714285714,1.4735099337748345,6.229213483146068,3497.0,0.0,0.0031455533314269373,0.010008578781812983,0.004575350300257364,7.870331366903594,0.0,10.0,0.02247191011235955,0.5528089887640449,0.0,0.0,10.0,13.0,7.0,10.0,9.0,0.020224719101123594,31.0,8.0,194.0,0.05547612239062053,0.00028595939376608524,0.033783783783783786,0.004514672686230248,0.3213483146067416,1.0,0.0022471910112359553,0.0,35.0,0.6786516853932584,302.0,0.024719101123595506,445.0
-0.1561415,0.0,1.1689919999999998,3490.0,-77.5851265,96.13888888888889,15.38888888888889,1.840531561461794,4.925992779783393,3521.0,0.0,0.0025560920193126954,0.005112184038625391,0.002272081794944618,7.515100172123362,0.0,2.0,0.0036101083032490976,0.3971119133574007,7.0,0.01263537906137184,8.0,10.0,7.0,37.0,7.0,0.01263537906137184,31.0,9.0,174.0,0.04941777904004544,0.00028401022436807724,0.07414104882459313,0.014492753623188406,0.4566787003610109,4.0,0.007220216606498195,0.0005680204487361545,36.0,0.5433212996389891,301.0,0.019855595667870037,554.0
-0.1561415,0.0,1.1689919999999998,2655.0,-77.5851265,97.5925925925926,13.185185185185185,1.459016393442623,6.044943820224719,2680.0,0.0,0.0014925373134328358,0.01082089552238806,0.0018656716417910447,7.630443729031202,0.0,10.0,0.028089887640449437,0.5337078651685393,0.0,0.0,5.0,3.0,6.0,10.0,7.0,0.019662921348314606,25.0,7.0,113.0,0.04216417910447761,0.00037313432835820896,0.03380281690140845,0.002824858757062147,0.3146067415730337,0.0,0.0,0.0,27.0,0.6853932584269663,244.0,0.025280898876404494,356.0
-0.1561415,0.0,1.1689919999999998,1786.0,-77.5851265,128.21428571428572,19.071428571428573,1.804054054054054,5.217228464419476,1803.0,0.0,0.003882418191902385,0.004991680532445923,0.0027731558513588465,6.804319681118602,0.0,19.0,0.07116104868913857,0.36704119850187267,0.0,0.0,3.0,3.0,5.0,12.0,0.0,0.0,17.0,6.0,104.0,0.057681641708264,0.0,0.08270676691729323,0.022641509433962263,0.44569288389513106,3.0,0.011235955056179775,0.0,14.0,0.5543071161048689,148.0,0.003745318352059925,267.0
-0.1561415,0.0,1.1689919999999998,2544.0,-77.5851265,101.52,12.08,1.438095238095238,6.864238410596027,2581.0,0.0,0.0027121270825261525,0.007361487795428129,0.0015497869043006587,7.432229169846508,0.001162340178225494,8.0,0.026490066225165563,0.5496688741721855,0.0,0.0,3.0,5.0,4.0,8.0,3.0,0.009933774834437087,37.0,8.0,122.0,0.04726850058117009,0.0,0.04318936877076412,0.01,0.304635761589404,1.0,0.0033112582781456954,0.0,25.0,0.695364238410596,210.0,0.0,302.0
-0.1561415,0.0,1.1689919999999998,3775.0,-77.5851265,104.19444444444444,16.055555555555557,1.9266666666666667,4.993079584775087,3810.0,0.0,0.004199475065616798,0.007086614173228346,0.0028871391076115485,7.397211380288727,0.0,1.0,0.0017301038062283738,0.3892733564013841,3.0,0.005190311418685121,13.0,24.0,6.0,44.0,6.0,0.010380622837370242,35.0,9.0,263.0,0.06902887139107612,0.0010498687664041995,0.11438474870017332,0.026041666666666668,0.48096885813148793,0.0,0.0,0.00026246719160104987,36.0,0.5190311418685121,300.0,0.0,578.0
-0.1561415,0.0,1.1689919999999998,3218.0,-77.5851265,83.8157894736842,11.105263157894736,1.470383275261324,6.0545023696682465,3252.0,0.0,0.0036900369003690036,0.007072570725707257,0.0033825338253382535,7.790341144355577,0.0,8.0,0.018957345971563982,0.556872037914692,0.0,0.0,10.0,13.0,6.0,16.0,8.0,0.018957345971563982,34.0,10.0,173.0,0.053198031980319804,0.0012300123001230013,0.057007125890736345,0.023809523809523808,0.3199052132701422,1.0,0.002369668246445498,0.0,38.0,0.6800947867298578,287.0,0.002369668246445498,422.0
-0.1561415,0.0,1.1689919999999998,4480.0,-77.5851265,80.74545454545455,12.854545454545455,1.9584487534626038,4.867043847241867,4531.0,0.0,0.0037519311410284706,0.0048554403001544915,0.004634738468329287,7.6751482183784185,0.0,0.0,0.0,0.37906647807637905,4.0,0.005657708628005658,16.0,23.0,8.0,36.0,5.0,0.007072135785007072,51.0,13.0,278.0,0.06135510924740675,0.0019863164864268373,0.09490084985835694,0.024113475177304965,0.4893917963224894,2.0,0.002828854314002829,0.0004414036636504083,55.0,0.5106082036775106,361.0,0.0,707.0
-0.1561415,0.0,1.1689919999999998,4227.0,-77.5851265,93.04444444444445,12.933333333333334,1.6440677966101696,5.81786941580756,4266.0,0.0,0.0023441162681669013,0.010314111579934365,0.004219409282700422,7.93551970318613,0.0,10.0,0.01718213058419244,0.48625429553264604,0.0,0.0,7.0,10.0,9.0,18.0,10.0,0.01718213058419244,39.0,12.0,212.0,0.049695264885138306,0.0011720581340834506,0.06712564543889846,0.006896551724137931,0.3917525773195877,0.0,0.0,0.0,45.0,0.6082474226804123,354.0,0.001718213058419244,582.0
-0.1561415,0.0,1.1689919999999998,3665.0,-77.5851265,110.15151515151516,14.696969696969697,1.4222873900293256,6.006185567010309,3702.0,0.0,0.005402485143165856,0.00945434900054025,0.004321988114532685,8.01099804983904,0.0,18.0,0.03711340206185567,0.6020618556701031,0.0,0.0,13.0,16.0,4.0,18.0,8.0,0.016494845360824743,37.0,15.0,194.0,0.05240410588870881,0.0008103727714748784,0.026859504132231406,0.006211180124223602,0.2969072164948454,0.0,0.0,0.0,33.0,0.7030927835051546,341.0,0.006185567010309278,485.0
-0.1561415,0.0,1.1689919999999998,4640.0,-77.5851265,121.23684210526316,15.763157894736842,1.568062827225131,6.135225375626043,4691.0,0.0,0.004903005755702409,0.009379663184822,0.003197612449371136,8.096182037280267,0.0,13.0,0.021702838063439065,0.5125208681135225,0.0,0.0,16.0,25.0,4.0,17.0,7.0,0.011686143572621035,51.0,19.0,281.0,0.05990193988488595,0.00021317416329140907,0.06354515050167224,0.020100502512562814,0.3622704507512521,0.0,0.0,0.0,38.0,0.6377295492487479,382.0,0.01335559265442404,599.0
-0.1561415,0.0,1.1689919999999998,4635.0,-77.5851265,102.22222222222223,15.577777777777778,1.9526462395543176,5.312410841654779,4678.0,0.0,0.0008550662676357417,0.009191962377084225,0.004275331338178709,7.85250216430266,0.0,0.0,0.0,0.34950071326676174,6.0,0.008559201141226819,3.0,14.0,4.0,32.0,3.0,0.0042796005706134095,43.0,17.0,190.0,0.04061564771269773,0.00021376656690893543,0.06714285714285714,0.008583690987124463,0.4878744650499287,1.0,0.0014265335235378032,0.0,45.0,0.5121255349500713,359.0,0.0014265335235378032,701.0
-0.1561415,0.0,1.1689919999999998,4505.0,-77.5851265,101.5,13.045454545454545,1.4870466321243523,6.325783972125436,4564.0,0.0,0.003286590709903593,0.009421560035056967,0.0035056967572304996,8.151361298876626,0.0,16.0,0.027874564459930314,0.5557491289198606,0.0,0.0,14.0,15.0,4.0,16.0,7.0,0.012195121951219513,59.0,24.0,208.0,0.04557405784399649,0.00043821209465381246,0.034904013961605584,0.0017482517482517483,0.32752613240418116,0.0,0.0,0.0,44.0,0.6724738675958188,386.0,0.005226480836236934,574.0
-0.1561415,0.0,1.1689919999999998,3926.0,-77.5851265,81.22916666666667,11.520833333333334,1.5490196078431373,5.537070524412297,3977.0,0.0,0.004023133014835303,0.012572290671360321,0.0037716872014080965,8.015039076705152,0.0,13.0,0.023508137432188065,0.515370705244123,0.0,0.0,10.0,12.0,9.0,19.0,22.0,0.039783001808318265,51.0,20.0,238.0,0.05984410359567513,0.001257229067136032,0.041666666666666664,0.0054446460980036296,0.35443037974683544,5.0,0.009041591320072333,0.0,48.0,0.6455696202531646,357.0,0.0379746835443038,553.0
-0.1561415,0.0,1.1689919999999998,4264.0,-77.5851265,100.69047619047619,12.666666666666666,1.453551912568306,6.2631578947368425,4315.0,0.0,0.005330243337195829,0.008342989571263035,0.0037079953650057938,8.114279515799183,0.0,10.0,0.018796992481203006,0.5469924812030075,0.0,0.0,12.0,25.0,5.0,24.0,15.0,0.02819548872180451,51.0,19.0,299.0,0.06929316338354577,0.0004634994206257242,0.02071563088512241,0.0,0.3120300751879699,0.0,0.0,0.0002317497103128621,42.0,0.6879699248120301,366.0,0.045112781954887216,532.0
-0.1561415,0.0,1.1689919999999998,3915.0,-77.5851265,99.46153846153847,12.538461538461538,1.3892045454545454,6.548057259713701,3946.0,0.0,0.003294475418144957,0.00937658388241257,0.0030410542321338066,8.142746676790896,0.0,10.0,0.02044989775051125,0.5991820040899796,0.0,0.0,10.0,14.0,3.0,10.0,8.0,0.016359918200409,31.0,13.0,181.0,0.04586923466801825,0.00025342118601115053,0.030737704918032786,0.004106776180698152,0.28016359918200406,1.0,0.002044989775051125,0.0,39.0,0.7198364008179959,352.0,0.0081799591002045,489.0
-0.1561415,0.0,1.1689919999999998,4495.0,-77.5851265,99.44444444444444,15.755555555555556,2.2365930599369084,4.787023977433004,4553.0,0.0,0.00417307269931913,0.007906874588183616,0.007247968372501647,7.49563567085607,0.0,0.0,0.0,0.2863187588152327,2.0,0.0028208744710860366,16.0,23.0,7.0,42.0,4.0,0.005641748942172073,58.0,20.0,325.0,0.07138150669887985,0.00021963540522732265,0.14124293785310735,0.04667609618104668,0.5528913963328632,22.0,0.031029619181946404,0.0004392708104546453,45.0,0.44710860366713684,317.0,0.00846262341325811,709.0
-0.1561415,0.0,1.1689919999999998,4641.0,-77.5851265,73.19047619047619,11.158730158730158,2.0676470588235296,5.019914651493599,4696.0,0.0,0.004258943781942078,0.006388415672913117,0.008304940374787052,7.6868168059114454,0.0,0.0,0.0,0.3285917496443812,0.0,0.0,14.0,28.0,7.0,40.0,8.0,0.011379800853485065,55.0,20.0,365.0,0.07772572402044294,0.0006388415672913117,0.10398860398860399,0.02282453637660485,0.5163584637268848,17.0,0.02418207681365576,0.00042589437819420784,63.0,0.48364153627311524,340.0,0.007112375533428165,703.0
-0.1561415,0.0,1.1689919999999998,3975.0,-77.5851265,106.45945945945945,13.243243243243244,1.436950146627566,6.614285714285714,4013.0,0.0,0.00373785198106155,0.00722651383005233,0.00199352105656616,8.069101071598588,0.0,13.0,0.026530612244897958,0.563265306122449,0.0,0.0,13.0,16.0,4.0,13.0,5.0,0.01020408163265306,38.0,15.0,198.0,0.04933964615001246,0.00074757039621231,0.0081799591002045,0.0,0.3040816326530612,0.0,0.0,0.0,37.0,0.6959183673469388,341.0,0.012244897959183673,490.0
-0.1561415,0.0,1.1689919999999998,4294.0,-77.5851265,101.0952380952381,12.904761904761905,1.4263157894736842,6.466789667896679,4329.0,0.0,0.003465003465003465,0.008316008316008316,0.003234003234003234,8.172941062285673,0.0,15.0,0.027675276752767528,0.5793357933579336,0.0,0.0,15.0,15.0,4.0,15.0,8.0,0.014760147601476014,35.0,12.0,197.0,0.045507045507045506,0.000231000231000231,0.011090573012939002,0.001851851851851852,0.29889298892988925,0.0,0.0,0.0,42.0,0.7011070110701108,380.0,0.005535055350553505,542.0
-0.1561415,0.0,1.1689919999999998,4614.0,-77.5851265,111.6829268292683,17.121951219512194,1.9285714285714286,5.200854700854701,4650.0,0.0,0.003010752688172043,0.006021505376344086,0.001075268817204301,7.7459713992554935,0.0,0.0,0.0,0.3831908831908832,2.0,0.002849002849002849,13.0,16.0,5.0,35.0,5.0,0.007122507122507123,36.0,14.0,219.0,0.04709677419354839,0.0,0.07988587731811697,0.01,0.4814814814814815,0.0,0.0,0.0,41.0,0.5185185185185185,364.0,0.0014245014245014246,702.0
-0.1561415,0.0,1.1689919999999998,4756.0,-77.5851265,85.74545454545455,13.527272727272727,1.9787234042553192,4.911290322580645,4808.0,0.0,0.003119800332778702,0.008319467554076539,0.007903494176372712,7.758948529813477,0.0,1.0,0.0013440860215053765,0.36693548387096775,5.0,0.006720430107526882,13.0,22.0,5.0,40.0,7.0,0.009408602150537635,52.0,18.0,302.0,0.06281198003327787,0.00020798668885191348,0.08344549125168237,0.009433962264150943,0.4946236559139785,0.0,0.0,0.00041597337770382697,55.0,0.5053763440860215,376.0,0.0013440860215053765,744.0
-0.1561415,0.0,1.1689919999999998,3892.0,-77.5851265,93.78048780487805,12.268292682926829,1.4454022988505748,6.278330019880715,3920.0,0.0,0.004591836734693878,0.007653061224489796,0.0033163265306122448,8.029292279430077,0.0,16.0,0.03180914512922465,0.5825049701789264,0.0,0.0,13.0,17.0,3.0,16.0,6.0,0.011928429423459244,28.0,10.0,199.0,0.05076530612244898,0.00025510204081632655,0.03187250996015936,0.005988023952095809,0.30815109343936387,0.0,0.0,0.0,41.0,0.6918489065606361,348.0,0.003976143141153081,503.0
-0.1561415,0.0,1.1689919999999998,4284.0,-77.5851265,96.68181818181819,16.15909090909091,2.0256410256410255,4.666666666666667,4338.0,0.0,0.0009220839096357768,0.009220839096357769,0.004610419548178884,7.602915919758408,0.0,0.0,0.0,0.3628691983122363,3.0,0.004219409282700422,3.0,14.0,4.0,42.0,4.0,0.005625879043600563,54.0,22.0,225.0,0.05186721991701245,0.0002305209774089442,0.09154929577464789,0.022566995768688293,0.5063291139240507,18.0,0.02531645569620253,0.0,44.0,0.4936708860759494,351.0,0.0,711.0
-0.1561415,0.0,1.1689919999999998,3755.0,-77.5851265,82.5111111111111,11.488888888888889,1.4645892351274787,5.740812379110252,3797.0,0.0,0.003687121411640769,0.010271266789570714,0.002633658151171978,8.040112592519211,0.0,12.0,0.02321083172147002,0.562862669245648,0.0,0.0,14.0,15.0,4.0,18.0,9.0,0.017408123791102514,42.0,16.0,202.0,0.05319989465367395,0.0010534632604687912,0.01937984496124031,0.0,0.31721470019342357,1.0,0.0019342359767891683,0.0,45.0,0.6827852998065764,353.0,0.0038684719535783366,517.0
-0.1561415,0.0,1.1689919999999998,4037.0,-77.5851265,97.82926829268293,15.951219512195122,1.8422535211267606,4.685015290519877,4093.0,0.0,0.0031761544099682387,0.00610798924993892,0.002443195699975568,7.6768505200093005,0.0,1.0,0.0015290519877675841,0.42201834862385323,5.0,0.00764525993883792,9.0,19.0,4.0,42.0,9.0,0.013761467889908258,56.0,22.0,255.0,0.06230149034937699,0.0007329587099926704,0.07197549770290965,0.015337423312883436,0.4571865443425076,8.0,0.012232415902140673,0.0,41.0,0.5428134556574924,355.0,0.0,654.0
-0.1561415,0.0,1.1689919999999998,4151.0,-77.5851265,78.8076923076923,11.903846153846153,1.8987730061349692,4.959612277867528,4202.0,0.0,0.006187529747739172,0.006663493574488339,0.006663493574488339,7.665476764775912,0.0,1.0,0.0016155088852988692,0.38126009693053314,4.0,0.006462035541195477,21.0,34.0,6.0,44.0,1.0,0.0016155088852988692,51.0,15.0,360.0,0.08567348881485007,0.0,0.10355987055016182,0.017828200972447326,0.4733441033925686,13.0,0.0210016155088853,0.0,52.0,0.5266558966074314,326.0,0.0032310177705977385,619.0
-0.1561415,0.0,1.1689919999999998,3770.0,-77.5851265,89.14285714285714,10.976190476190476,1.4097859327217126,6.360086767895878,3823.0,0.0,0.008108815066701544,0.006800941668846455,0.006277792309704421,8.053214835983928,0.0,9.0,0.019522776572668113,0.5683297180043384,0.0,0.0,18.0,28.0,5.0,13.0,10.0,0.021691973969631236,53.0,19.0,288.0,0.07533350771645304,0.0002615746795710175,0.03695652173913044,0.015250544662309368,0.2906724511930586,0.0,0.0,0.0,42.0,0.7093275488069414,327.0,0.004338394793926247,461.0
-0.1561415,0.0,1.1689919999999998,4710.0,-77.5851265,57.292682926829265,9.341463414634147,2.145658263305322,4.364229765013055,4775.0,0.0,0.01780104712041885,0.005654450261780105,0.041884816753926704,7.684285915192301,0.0,4.0,0.005221932114882507,0.31723237597911225,0.0,0.0,27.0,36.0,7.0,51.0,2.0,0.0026109660574412533,65.0,20.0,508.0,0.10638743455497382,0.0027225130890052357,0.13986928104575164,0.0274869109947644,0.5339425587467364,0.0,0.0,0.0002094240837696335,82.0,0.4660574412532637,357.0,0.010443864229765013,766.0
-0.1561415,0.0,1.1689919999999998,4101.0,-77.5851265,71.57142857142857,8.821428571428571,1.5294117647058822,6.224696356275303,4172.0,0.0,0.009108341323106424,0.005752636625119847,0.004793863854266539,7.9685843377253756,0.00023969319271332693,16.0,0.032388663967611336,0.5040485829959515,0.0,0.0,40.0,21.0,6.0,15.0,2.0,0.004048582995951417,71.0,17.0,317.0,0.07598274209012464,0.0016778523489932886,0.038539553752535496,0.008130081300813009,0.34615384615384615,0.0,0.0,0.0,56.0,0.6538461538461539,323.0,0.01417004048582996,494.0
-0.1561415,0.0,1.1689919999999998,4016.0,-77.5851265,62.328125,9.421875,1.890282131661442,4.890547263681592,4093.0,0.0,0.005130710969948693,0.005375030539946249,0.005375030539946249,7.650777731046501,0.0,0.0,0.0,0.36981757877280264,0.0,0.0,18.0,24.0,5.0,42.0,1.0,0.001658374792703151,77.0,23.0,378.0,0.09235279745907647,0.0014659174199853407,0.05813953488372093,0.0033277870216306157,0.4709784411276948,16.0,0.026533996683250415,0.0009772782799902272,64.0,0.5290215588723052,319.0,0.003316749585406302,603.0
-0.1561415,0.0,1.1689919999999998,3299.0,-77.5851265,63.745098039215684,8.07843137254902,1.3037974683544304,6.145631067961165,3348.0,0.0,0.007467144563918757,0.0062724014336917565,0.003882915173237754,8.038653506980184,0.0,13.0,0.03155339805825243,0.6553398058252428,0.0,0.0,21.0,23.0,8.0,13.0,2.0,0.0048543689320388345,49.0,11.0,265.0,0.07915173237753884,0.0008960573476702509,0.0170316301703163,0.0024390243902439024,0.23300970873786409,0.0,0.0,0.0,51.0,0.7669902912621359,316.0,0.0024271844660194173,412.0
-0.1561415,0.0,1.1689919999999998,4026.0,-77.5851265,68.48275862068965,9.275862068965518,1.478021978021978,5.775092936802974,4077.0,0.0,0.006377238165317636,0.009811135638950209,0.008339465293107678,8.164800396605406,0.0,9.0,0.016728624535315983,0.5408921933085502,0.0,0.0,22.0,20.0,7.0,11.0,9.0,0.016728624535315983,51.0,13.0,296.0,0.07260240372823154,0.003188619082658818,0.0148975791433892,0.0037313432835820895,0.3234200743494424,1.0,0.0018587360594795538,0.0,58.0,0.6765799256505576,364.0,0.01486988847583643,538.0
-0.1561415,0.0,1.1689919999999998,4417.0,-77.5851265,61.04225352112676,10.253521126760564,2.0979827089337175,4.354395604395604,4476.0,0.0,0.006925826630920465,0.004468275245755138,0.00938337801608579,7.654462042972615,0.0,14.0,0.019230769230769232,0.33653846153846156,1.0,0.0013736263736263737,33.0,25.0,7.0,34.0,2.0,0.0027472527472527475,59.0,14.0,404.0,0.0902591599642538,0.002234137622877569,0.07702888583218707,0.009641873278236915,0.5233516483516483,26.0,0.03571428571428571,0.00022341376228775692,71.0,0.4766483516483517,347.0,0.013736263736263736,728.0
-0.1561415,0.0,1.1689919999999998,3963.0,-77.5851265,73.86792452830188,10.226415094339623,1.3861892583120206,5.544280442804428,4008.0,0.0,0.008233532934131737,0.010229540918163672,0.005239520958083832,8.293923106641461,0.0,11.0,0.02029520295202952,0.6070110701107011,1.0,0.0018450184501845018,20.0,23.0,8.0,11.0,11.0,0.02029520295202952,45.0,10.0,297.0,0.07410179640718563,0.0029940119760479044,0.009242144177449169,0.001851851851851852,0.2785977859778598,2.0,0.0036900369003690036,0.0,53.0,0.7214022140221402,391.0,0.007380073800738007,542.0
-0.1561415,0.0,1.1689919999999998,4425.0,-77.5851265,67.3076923076923,11.276923076923078,1.9757412398921832,4.345156889495225,4489.0,0.0,0.010247271107150813,0.008242370238360436,0.014034306081532635,7.838471526754474,0.0,0.0,0.0,0.3506139154160982,0.0,0.0,31.0,26.0,6.0,50.0,5.0,0.0068212824010914054,64.0,18.0,392.0,0.08732457117398085,0.00022276676319893073,0.07377049180327869,0.016415868673050615,0.4938608458390177,14.0,0.019099590723055934,0.0,65.0,0.5061391541609823,371.0,0.020463847203274217,733.0
-0.1561415,0.0,1.1689919999999998,4131.0,-77.5851265,58.73913043478261,8.014492753623188,1.425257731958763,5.632911392405063,4194.0,0.0,0.008583690987124463,0.010491177873152123,0.005007153075822604,8.20250154943291,0.0002384358607534573,23.0,0.04159132007233273,0.569620253164557,0.0,0.0,27.0,24.0,5.0,23.0,8.0,0.014466546112115732,63.0,21.0,330.0,0.07868383404864092,0.0,0.018115942028985508,0.0018148820326678765,0.29837251356238703,3.0,0.0054249547920434,0.0,69.0,0.701627486437613,388.0,0.014466546112115732,553.0
-0.1561415,0.0,1.1689919999999998,4504.0,-77.5851265,67.21212121212122,11.712121212121213,2.0948509485094853,4.265200517464424,4559.0,0.0,0.007677122175915771,0.007677122175915771,0.006580390436499232,7.690171186879151,0.0,0.0,0.0,0.32729624838292365,0.0,0.0,25.0,28.0,5.0,65.0,6.0,0.007761966364812419,55.0,16.0,367.0,0.08050010967317395,0.0,0.08808290155440414,0.005188067444876783,0.5226390685640363,24.0,0.031047865459249677,0.00021934634788330776,66.0,0.47736093143596375,369.0,0.0038809831824062097,773.0
-0.1561415,0.0,1.1689919999999998,4480.0,-77.5851265,51.61176470588235,7.4941176470588236,1.7645429362880887,5.048665620094192,4556.0,0.0,0.008121158911325725,0.005926251097453907,0.009657594381035996,7.901456650002831,0.0,2.0,0.0031397174254317113,0.41915227629513346,0.0,0.0,40.0,35.0,6.0,34.0,0.0,0.0,76.0,19.0,460.0,0.1009657594381036,0.0021949078138718174,0.0440251572327044,0.007874015748031496,0.4332810047095761,12.0,0.018838304552590265,0.0,85.0,0.5667189952904239,361.0,0.007849293563579277,637.0
-0.1561415,0.0,1.1689919999999998,4178.0,-77.5851265,54.891891891891895,7.378378378378378,1.5124653739612188,5.673992673992674,4244.0,0.0,0.00824693685202639,0.00706880301602262,0.009189443920829406,8.072726083517134,0.0,10.0,0.018315018315018316,0.5402930402930403,1.0,0.0018315018315018315,35.0,29.0,6.0,16.0,5.0,0.009157509157509158,66.0,19.0,363.0,0.08553251649387371,0.001649387370405278,0.009174311926605505,0.0,0.33882783882783885,1.0,0.0018315018315018315,0.0,74.0,0.6611721611721612,361.0,0.01098901098901099,546.0
-0.1561415,0.0,1.1689919999999998,4058.0,-77.5851265,63.95238095238095,9.587301587301587,1.8358662613981762,4.8344370860927155,4123.0,0.0,0.007276255154014068,0.0053359204462769825,0.017220470531166626,7.808229565140985,0.0,4.0,0.006622516556291391,0.37748344370860926,0.0,0.0,20.0,33.0,7.0,21.0,4.0,0.006622516556291391,65.0,20.0,455.0,0.11035653650254669,0.0007276255154014067,0.05140961857379768,0.006644518272425249,0.45529801324503316,22.0,0.03642384105960265,0.00048508367693427115,63.0,0.5447019867549668,329.0,0.0033112582781456954,604.0
-0.1561415,0.0,1.1689919999999998,3792.0,-77.5851265,75.2,10.48,1.5321637426900585,5.416030534351145,3850.0,0.0,0.01064935064935065,0.007012987012987013,0.0212987012987013,7.973900713352508,0.0,15.0,0.02862595419847328,0.5248091603053435,0.0,0.0,22.0,25.0,7.0,16.0,6.0,0.011450381679389313,58.0,20.0,344.0,0.08935064935064935,0.0,0.040152963671128104,0.01532567049808429,0.34732824427480913,1.0,0.0019083969465648854,0.0,50.0,0.6526717557251909,342.0,0.009541984732824428,524.0
-0.1561415,0.0,1.1689919999999998,4180.0,-77.5851265,70.10169491525424,11.576271186440678,1.968299711815562,4.4450951683748166,4229.0,0.0,0.007093875620714117,0.006620950579333176,0.009222038306928353,7.784248423932385,0.0,9.0,0.013177159590043924,0.3484626647144949,4.0,0.005856515373352855,22.0,26.0,6.0,27.0,4.0,0.005856515373352855,49.0,15.0,373.0,0.08820052021754551,0.0009458500827618822,0.0718475073313783,0.011747430249632892,0.49194729136163984,37.0,0.05417276720351391,0.00023646252069047056,59.0,0.5080527086383602,347.0,0.0014641288433382138,683.0
-0.1561415,0.0,1.1689919999999998,3557.0,-77.5851265,66.11320754716981,9.075471698113208,1.4531722054380665,5.517671517671518,3611.0,0.0,0.007754084741068956,0.007754084741068956,0.011077263915812794,7.994946676249454,0.00027693159789531985,10.0,0.02079002079002079,0.5592515592515592,0.0,0.0,22.0,25.0,5.0,16.0,6.0,0.012474012474012475,54.0,18.0,316.0,0.08751038493492107,0.0,0.01875,0.0020876826722338203,0.31185031185031187,4.0,0.008316008316008316,0.0,53.0,0.6881496881496881,331.0,0.0,481.0
-0.1561415,0.0,1.1689919999999998,4891.0,-77.5851265,51.73118279569893,8.0,2.0217391304347827,4.708333333333333,4974.0,0.0,0.010052271813429835,0.006835544833132288,0.010856453558504222,7.838041107734348,0.0,5.0,0.006720430107526882,0.33064516129032256,0.0,0.0,35.0,36.0,8.0,45.0,5.0,0.006720430107526882,83.0,25.0,521.0,0.10474467229593888,0.0016083634901487736,0.07940780619111709,0.012129380053908356,0.5053763440860215,8.0,0.010752688172043012,0.0,93.0,0.4946236559139785,368.0,0.016129032258064516,744.0
-0.1561415,0.0,1.1689919999999998,4146.0,-77.5851265,57.0,7.295774647887324,1.4114441416893733,6.137065637065637,4210.0,0.0,0.009263657957244655,0.006413301662707839,0.01140142517814727,8.205694585859659,0.0,11.0,0.021235521235521235,0.5772200772200772,0.0,0.0,28.0,28.0,8.0,11.0,3.0,0.005791505791505791,64.0,19.0,372.0,0.08836104513064133,0.00166270783847981,0.01160541586073501,0.001937984496124031,0.2915057915057915,0.0,0.0,0.0,71.0,0.7084942084942085,367.0,0.017374517374517374,518.0
-0.1561415,0.0,1.1689919999999998,4145.0,-77.5851265,61.96969696969697,10.151515151515152,2.042682926829268,4.519402985074627,4200.0,0.0,0.006666666666666667,0.007619047619047619,0.0054761904761904765,7.577421912391416,0.0,2.0,0.0029850746268656717,0.3194029850746269,0.0,0.0,25.0,24.0,6.0,62.0,2.0,0.0029850746268656717,55.0,16.0,369.0,0.08785714285714286,0.0007142857142857143,0.09566517189835576,0.0074850299401197605,0.5104477611940299,8.0,0.011940298507462687,0.0002380952380952381,66.0,0.48955223880597015,328.0,0.0,670.0
-0.1561415,0.0,1.1689919999999998,3406.0,-77.5851265,102.33333333333333,13.757575757575758,1.3431952662721893,5.854625550660793,3440.0,0.0,0.005523255813953488,0.012209302325581395,0.00436046511627907,8.104252456935306,0.0,13.0,0.028634361233480177,0.6299559471365639,0.0,0.0,14.0,15.0,6.0,12.0,9.0,0.019823788546255508,34.0,8.0,222.0,0.06453488372093023,0.00029069767441860465,0.01545253863134658,0.0,0.2555066079295154,2.0,0.004405286343612335,0.0,33.0,0.7444933920704846,338.0,0.0,454.0
-0.1561415,0.0,1.1689919999999998,2934.0,-77.5851265,100.65517241379311,15.241379310344827,1.7198443579766538,5.113122171945701,2963.0,0.0,0.0030374620317246033,0.00809989875126561,0.0030374620317246033,7.394110234184477,0.0003374957813027337,2.0,0.004524886877828055,0.4502262443438914,2.0,0.004524886877828055,6.0,19.0,6.0,28.0,1.0,0.0022624434389140274,29.0,11.0,206.0,0.06952413094836314,0.0,0.06349206349206349,0.020454545454545454,0.418552036199095,6.0,0.013574660633484163,0.0,29.0,0.581447963800905,257.0,0.004524886877828055,442.0
-0.1561415,0.0,1.1689919999999998,3139.0,-77.5851265,104.03333333333333,13.033333333333333,1.3076923076923077,6.506393861892583,3168.0,0.0,0.001893939393939394,0.00726010101010101,0.002840909090909091,7.965623352560597,0.0,6.0,0.015345268542199489,0.6521739130434783,0.0,0.0,5.0,7.0,7.0,10.0,6.0,0.015345268542199489,29.0,11.0,160.0,0.050505050505050504,0.0003156565656565657,0.017948717948717947,0.002570694087403599,0.23529411764705888,0.0,0.0,0.0,30.0,0.7647058823529411,299.0,0.0,391.0
-0.1561415,0.0,1.1689919999999998,849.0,-77.5851265,70.0,10.416666666666666,1.4367816091954022,5.104,863.0,0.0,0.006952491309385863,0.004634994206257242,0.002317497103128621,6.126633460745438,0.002317497103128621,2.0,0.016,0.536,2.0,0.016,6.0,8.0,0.0,12.0,0.0,0.0,14.0,5.0,68.0,0.07879490150637311,0.004634994206257242,0.024193548387096774,0.0,0.30400000000000005,3.0,0.024,0.0,12.0,0.696,87.0,0.0,125.0
-0.1561415,0.0,1.1689919999999998,3134.0,-77.5851265,119.6923076923077,15.423076923076923,1.4635036496350364,6.3366583541147135,3154.0,0.0,0.0025364616360177552,0.013633481293595434,0.0015852885225110971,7.786334362984012,0.0003170577045022194,4.0,0.00997506234413965,0.543640897755611,0.0,0.0,4.0,9.0,2.0,12.0,6.0,0.014962593516209476,20.0,9.0,156.0,0.04946100190234623,0.0003170577045022194,0.04,0.012531328320802004,0.31670822942643395,1.0,0.0024937655860349127,0.0,26.0,0.683291770573566,274.0,0.0,401.0
-0.1561415,0.0,1.1689919999999998,2189.0,-77.5851265,83.46153846153847,13.076923076923077,1.8085106382978724,4.882352941176471,2212.0,0.0,0.0018083182640144665,0.0076853526220614825,0.0022603978300180833,6.871194790736106,0.0009041591320072332,2.0,0.0058823529411764705,0.43529411764705883,2.0,0.0058823529411764705,9.0,14.0,3.0,25.0,0.0,0.0,23.0,8.0,159.0,0.07188065099457505,0.0004520795660036166,0.06784660766961652,0.023668639053254437,0.44705882352941173,8.0,0.023529411764705882,0.0,26.0,0.5529411764705883,188.0,0.0,340.0
-0.1561415,0.0,1.1689919999999998,3162.0,-77.5851265,94.84848484848484,12.030303030303031,1.4028268551236749,6.375314861460957,3188.0,0.0,0.002509410288582183,0.01066499372647428,0.0012547051442910915,7.762170399651041,0.0,7.0,0.017632241813602016,0.6070528967254408,0.0,0.0,7.0,14.0,5.0,19.0,4.0,0.010075566750629723,26.0,8.0,178.0,0.055834378920953574,0.0,0.045454545454545456,0.012658227848101266,0.2871536523929471,0.0,0.0,0.0,33.0,0.7128463476070529,283.0,0.0025188916876574307,397.0
-0.1561415,0.0,1.1689919999999998,351.0,-77.5851265,48.714285714285715,8.428571428571429,1.2553191489361701,4.406779661016949,357.0,0.0,0.0028011204481792717,0.01680672268907563,0.0056022408963585435,5.395272074748902,0.0056022408963585435,2.0,0.03389830508474576,0.6779661016949152,1.0,0.01694915254237288,2.0,3.0,0.0,4.0,0.0,0.0,6.0,3.0,27.0,0.07563025210084033,0.0,0.017241379310344827,0.0,0.2033898305084746,4.0,0.06779661016949153,0.0,7.0,0.7966101694915254,47.0,0.0,59.0
-0.1561415,0.0,1.1689919999999998,2860.0,-77.5851265,113.6,14.56,1.3333333333333333,6.431318681318682,2879.0,0.0,0.0027787426189649182,0.009725599166377214,0.0006946856547412296,7.859370088174824,0.0,11.0,0.03021978021978022,0.6181318681318682,0.0,0.0,5.0,7.0,2.0,9.0,3.0,0.008241758241758242,19.0,8.0,123.0,0.04272316776658562,0.0006946856547412296,0.02203856749311295,0.0055248618784530384,0.25,0.0,0.0,0.0,25.0,0.75,273.0,0.0,364.0
-0.1561415,0.0,1.1689919999999998,1029.0,-77.5851265,85.16666666666667,13.166666666666666,1.5047619047619047,4.949367088607595,1042.0,0.0,0.0067178502879078695,0.01055662188099808,0.0019193857965451055,6.421766530225892,0.0009596928982725527,2.0,0.012658227848101266,0.4873417721518987,0.0,0.0,4.0,8.0,1.0,10.0,1.0,0.006329113924050633,13.0,6.0,80.0,0.07677543186180422,0.0,0.044585987261146494,0.00641025641025641,0.33544303797468356,5.0,0.03164556962025317,0.0,12.0,0.6645569620253164,105.0,0.0,158.0
-0.1561415,0.0,1.1689919999999998,2015.0,-77.5851265,111.22222222222223,13.722222222222221,1.2666666666666666,6.607287449392713,2032.0,0.0,0.0034448818897637795,0.011811023622047244,0.0034448818897637795,7.469000316629585,0.0004921259842519685,5.0,0.020242914979757085,0.6437246963562753,0.0,0.0,3.0,12.0,2.0,5.0,3.0,0.012145748987854251,17.0,7.0,121.0,0.05954724409448819,0.0004921259842519685,0.032520325203252036,0.012244897959183673,0.21052631578947367,0.0,0.0,0.0,18.0,0.7894736842105263,195.0,0.0,247.0
-0.1561415,0.0,1.1689919999999998,2801.0,-77.5851265,86.4375,11.03125,1.4233870967741935,6.305949008498583,2828.0,0.0,0.0038896746817538895,0.008486562942008486,0.003536067892503536,7.636208369396695,0.0,5.0,0.014164305949008499,0.5694050991501416,0.0,0.0,8.0,13.0,5.0,10.0,10.0,0.028328611898016998,27.0,8.0,172.0,0.06082036775106082,0.0,0.03409090909090909,0.002849002849002849,0.2974504249291785,0.0,0.0,0.0,32.0,0.7025495750708215,248.0,0.0113314447592068,353.0
-0.1561415,0.0,1.1689919999999998,396.0,-77.5851265,35.18181818181818,6.090909090909091,1.34,4.432835820895522,402.0,0.0,0.0024875621890547263,0.012437810945273632,0.004975124378109453,5.4033075194642395,0.004975124378109453,1.0,0.014925373134328358,0.6119402985074627,0.0,0.0,2.0,3.0,0.0,7.0,0.0,0.0,6.0,3.0,31.0,0.07711442786069651,0.0024875621890547263,0.045454545454545456,0.0,0.25373134328358204,5.0,0.07462686567164178,0.0,11.0,0.746268656716418,50.0,0.0,67.0
-0.1561415,0.0,1.1689919999999998,2288.0,-77.5851265,98.69565217391305,12.956521739130435,1.4396135265700483,6.218120805369128,2309.0,0.0,0.00259852750108272,0.012126461671719359,0.0017323516673884798,7.4275457557632505,0.0,4.0,0.013422818791946308,0.5436241610738255,0.0,0.0,6.0,6.0,2.0,8.0,7.0,0.02348993288590604,21.0,8.0,112.0,0.048505846686877435,0.00043308791684711995,0.026936026936026935,0.0033783783783783786,0.30536912751677847,0.0,0.0,0.0,23.0,0.6946308724832215,207.0,0.0,298.0
-0.1561415,0.0,1.1689919999999998,3078.0,-77.5851265,127.5,19.541666666666668,1.8611111111111112,5.253731343283582,3103.0,0.0,0.0012890750886239124,0.007089912987431518,0.002578150177247825,7.290516340884405,0.0,1.0,0.0021321961620469083,0.39658848614072495,5.0,0.010660980810234541,0.0,4.0,7.0,30.0,4.0,0.008528784648187633,25.0,10.0,135.0,0.04350628424105704,0.0,0.09401709401709402,0.017130620985010708,0.4626865671641791,3.0,0.006396588486140725,0.0003222687721559781,24.0,0.5373134328358209,252.0,0.0,469.0
-0.1561415,0.0,1.1689919999999998,3147.0,-77.5851265,97.53125,12.5625,1.4055944055944056,6.398009950248756,3179.0,0.0,0.00031456432840515884,0.01100975149418056,0.0018873859704309531,7.821866990163618,0.0,11.0,0.02736318407960199,0.5920398009950248,0.0,0.0,0.0,11.0,3.0,14.0,4.0,0.009950248756218905,32.0,13.0,144.0,0.04529726329034287,0.00031456432840515884,0.032418952618453865,0.0125,0.2885572139303483,0.0,0.0,0.0,32.0,0.7114427860696517,286.0,0.0,402.0
-0.1561415,0.0,1.1689919999999998,1674.0,-77.5851265,130.53846153846155,20.53846153846154,1.948905109489051,4.6254681647940075,1723.0,0.0,0.00522344747533372,0.00522344747533372,0.0017411491584445734,6.609724897669942,0.0,7.0,0.026217228464419477,0.33707865168539325,3.0,0.011235955056179775,4.0,9.0,3.0,17.0,0.0,0.0,49.0,22.0,134.0,0.07777132907719095,0.0,0.13533834586466165,0.05660377358490566,0.48689138576779023,7.0,0.026217228464419477,0.0005803830528148578,13.0,0.5131086142322098,137.0,0.0,267.0
-0.1561415,0.0,1.1689919999999998,1733.0,-77.5851265,174.9,23.3,1.45625,5.92274678111588,1773.0,0.0,0.0045121263395375075,0.01353637901861252,0.0022560631697687537,7.052179211120464,0.0,5.0,0.02145922746781116,0.5150214592274678,0.0,0.0,0.0,4.0,3.0,9.0,1.0,0.004291845493562232,40.0,18.0,96.0,0.05414551607445008,0.0,0.08189655172413793,0.04329004329004329,0.3133047210300429,3.0,0.012875536480686695,0.0,10.0,0.6866952789699571,160.0,0.0,233.0
-0.1561415,0.0,1.1689919999999998,1339.0,-77.5851265,135.6,19.5,2.142857142857143,5.225641025641026,1357.0,0.0,0.004421518054532056,0.007369196757553427,0.0029476787030213707,6.024252619989447,0.0,7.0,0.035897435897435895,0.24615384615384617,0.0,0.0,4.0,9.0,0.0,18.0,2.0,0.010256410256410256,18.0,6.0,107.0,0.07885040530582167,0.0,0.1958762886597938,0.11398963730569948,0.5333333333333333,0.0,0.0,0.0,10.0,0.4666666666666667,91.0,0.0,195.0
-0.1561415,0.0,1.1689919999999998,1249.0,-77.5851265,124.3,14.3,1.625,6.769230769230769,1267.0,0.0,0.004735595895816891,0.0015785319652722968,0.0031570639305445935,6.177735169128917,0.0,5.0,0.03496503496503497,0.42657342657342656,0.0,0.0,4.0,11.0,0.0,7.0,1.0,0.006993006993006993,18.0,6.0,83.0,0.06550907655880031,0.0,0.19718309859154928,0.11347517730496454,0.3846153846153846,0.0,0.0,0.0,10.0,0.6153846153846154,88.0,0.0,143.0
-0.1561415,0.0,1.1689919999999998,3512.0,-77.5851265,109.125,17.65625,2.0471014492753623,4.787610619469026,3547.0,0.0,0.00422892585283338,0.007048209754722301,0.0008457851705666761,7.306733695904907,0.0,2.0,0.0035398230088495575,0.3415929203539823,6.0,0.010619469026548672,10.0,13.0,5.0,52.0,3.0,0.005309734513274336,35.0,12.0,197.0,0.055539892867211726,0.0016915703411333521,0.12588652482269502,0.037300177619893425,0.511504424778761,11.0,0.019469026548672566,0.0,32.0,0.48849557522123893,276.0,0.0,565.0
-0.1561415,0.0,1.1689919999999998,3290.0,-77.5851265,93.05714285714286,12.771428571428572,1.505050505050505,5.83668903803132,3322.0,0.0,0.00481637567730283,0.01053582179409994,0.004515352197471403,7.8389864804559,0.0,7.0,0.015659955257270694,0.5324384787472036,0.0,0.0,11.0,13.0,6.0,12.0,5.0,0.011185682326621925,32.0,8.0,185.0,0.055689343768813966,0.0012040939193257074,0.04932735426008968,0.01348314606741573,0.3355704697986577,0.0,0.0,0.0,35.0,0.6644295302013423,297.0,0.0022371364653243847,447.0
-0.1561415,0.0,1.1689919999999998,3627.0,-77.5851265,97.02702702702703,12.783783783783784,1.5307443365695792,6.093023255813954,3662.0,0.0,0.004096122337520481,0.010922992900054615,0.0024576734025122883,7.904654660337844,0.0,9.0,0.019027484143763214,0.5095137420718816,0.0,0.0,12.0,17.0,7.0,12.0,9.0,0.019027484143763214,35.0,9.0,216.0,0.05898416166029492,0.0010922992900054614,0.046610169491525424,0.012738853503184714,0.34672304439746304,0.0,0.0,0.0,37.0,0.653276955602537,309.0,0.03382663847780127,473.0
-0.1561415,0.0,1.1689919999999998,3603.0,-77.5851265,102.02857142857142,16.02857142857143,1.8888888888888888,5.021390374331551,3635.0,0.0,0.003301237964236589,0.007152682255845942,0.0019257221458046766,7.534593962450407,0.0,0.0,0.0,0.3850267379679144,10.0,0.017825311942959002,9.0,11.0,7.0,31.0,9.0,0.016042780748663103,32.0,9.0,186.0,0.051169188445667126,0.0,0.08214285714285714,0.008944543828264758,0.47058823529411764,3.0,0.0053475935828877,0.0,35.0,0.5294117647058824,297.0,0.016042780748663103,561.0
-0.1561415,0.0,1.1689919999999998,3166.0,-77.5851265,84.75675675675676,11.45945945945946,1.4982332155477032,6.023584905660377,3196.0,0.0,0.0015644555694618273,0.010638297872340425,0.0018773466833541927,7.802455222897317,0.0,7.0,0.01650943396226415,0.5283018867924528,0.0,0.0,7.0,6.0,6.0,10.0,7.0,0.01650943396226415,30.0,8.0,146.0,0.045682102628285357,0.00031289111389236547,0.037825059101654845,0.0071090047393364926,0.3325471698113207,0.0,0.0,0.0,37.0,0.6674528301886793,283.0,0.02830188679245283,424.0
-0.1561415,0.0,1.1689919999999998,4376.0,-77.5851265,81.79245283018868,12.754716981132075,1.9204545454545454,4.986686390532545,4424.0,0.0,0.00406871609403255,0.005877034358047016,0.005877034358047016,7.736071141596296,0.0,3.0,0.004437869822485207,0.3727810650887574,3.0,0.004437869822485207,16.0,21.0,8.0,35.0,5.0,0.0073964497041420114,48.0,12.0,277.0,0.0626130198915009,0.0002260397830018083,0.08444444444444445,0.01483679525222552,0.47928994082840237,6.0,0.008875739644970414,0.0,53.0,0.5207100591715976,352.0,0.0,676.0
-0.1561415,0.0,1.1689919999999998,3739.0,-77.5851265,92.55,12.05,1.465045592705167,6.174273858921162,3781.0,0.0,0.003967204443268976,0.008727849775191749,0.004231684739486909,7.976254181274649,0.0,7.0,0.014522821576763486,0.5601659751037344,0.0,0.0,14.0,14.0,8.0,13.0,8.0,0.016597510373443983,42.0,11.0,207.0,0.054747421317111876,0.0013224014810896587,0.04781704781704782,0.0020833333333333333,0.31742738589211617,0.0,0.0,0.0,40.0,0.6825726141078838,329.0,0.002074688796680498,482.0
-0.1561415,0.0,1.1689919999999998,142.0,-77.5851265,142.0,19.0,1.0555555555555556,6.421052631578948,142.0,0.0,0.0,0.007042253521126761,0.0,4.142664355548848,0.0,0.0,0.0,0.8947368421052632,0.0,0.0,0.0,0.0,0.0,2.0,0.0,0.0,0.0,1.0,2.0,0.014084507042253521,0.0,0.0,0.0,0.052631578947368474,0.0,0.0,0.0,1.0,0.9473684210526315,18.0,0.0,19.0
-0.1561415,0.0,1.1689919999999998,631.0,-77.5851265,126.0,14.4,1.125,7.0,642.0,0.0,0.012461059190031152,0.003115264797507788,0.004672897196261682,5.926733681937772,0.0,1.0,0.013888888888888888,0.8055555555555556,0.0,0.0,3.0,6.0,0.0,3.0,0.0,0.0,11.0,4.0,48.0,0.07476635514018691,0.0,0.028169014084507043,0.0,0.11111111111111116,0.0,0.0,0.0,5.0,0.8888888888888888,64.0,0.0,72.0
-0.1561415,0.0,1.1689919999999998,1959.0,-77.5851265,130.13333333333333,20.0,1.9230769230769231,5.12,1980.0,0.0,0.006060606060606061,0.004545454545454545,0.00202020202020202,6.756491357377332,0.0,18.0,0.06,0.3566666666666667,1.0,0.0033333333333333335,3.0,8.0,4.0,14.0,0.0,0.0,21.0,7.0,108.0,0.05454545454545454,0.0,0.11371237458193979,0.02348993288590604,0.48,5.0,0.016666666666666666,0.0,15.0,0.52,156.0,0.0,300.0
-0.1561415,0.0,1.1689919999999998,1970.0,-77.5851265,81.33333333333333,9.958333333333334,1.3579545454545454,6.661087866108787,1992.0,0.0,0.0025100401606425703,0.0050200803212851405,0.0030120481927710845,7.263545573860239,0.0,7.0,0.029288702928870293,0.5732217573221757,0.0,0.0,3.0,4.0,5.0,7.0,0.0,0.0,22.0,8.0,95.0,0.04769076305220884,0.0,0.03361344537815126,0.004219409282700422,0.2635983263598326,0.0,0.0,0.0,24.0,0.7364016736401674,176.0,0.008368200836820083,239.0
